element,pos,team,name,minutes,apps,points,goals,assists,clean_sheets,bonus,mins_per_start,dc_actual,dc_points_actual,code,dc_est,season,team_rank,dc_points_model,restated
1,GKP,Arsenal,Bernd Leno,360,4,10,0,0,1,0,90.0,,,80201,6.0,2021/22,5,0.0,10.0
4,FWD,Arsenal,Pierre-Emerick Aubameyang,1036,14,44,4,1,6,7,74.0,,,54694,38.0,2021/22,5,0.0017515627222498044,44.00175156272225
5,DEF,Arsenal,Cédric Soares,1481,21,48,1,1,3,3,70.52380952380952,,,58822,91.0,2021/22,5,0.7186264907817149,48.718626490781716
6,FWD,Arsenal,Alexandre Lacazette,1773,30,90,4,8,10,3,59.1,,,59966,90.0,2021/22,5,0.009629413694934414,90.00962941369494
7,MID,Arsenal,Granit Xhaka,2327,27,60,1,2,6,3,86.18518518518519,,,84450,233.0,2021/22,5,13.224391721595989,73.22439172159599
8,DEF,Arsenal,Pablo Marí,180,2,1,0,0,0,0,90.0,,,92371,22.0,2021/22,5,3.332614328115953,4.3326143281159535
10,DEF,Aston Villa,Calum Chambers,999,13,42,1,0,4,2,76.84615384615384,,,101184,86.0,2021/22,14,4.3599091598643795,46.35990915986438
11,DEF,Arsenal,Sead Kolasinac,91,2,0,0,0,0,0,45.5,,,111457,5.0,2021/22,5,0.0014015503872909308,0.0014015503872909308
12,MID,Arsenal,Mohamed Naser El Sayed Elneny,801,14,27,0,2,0,0,57.214285714285715,,,153256,93.0,2021/22,5,1.6372390881426815,28.63723908814268
13,MID,Arsenal,Ainsley Maitland-Niles,263,8,12,0,0,2,0,32.875,,,154043,38.0,2021/22,5,0.0886934692273262,12.088693469227326
14,DEF,Arsenal,Rob Holding,840,15,29,1,0,2,2,56.0,,,156074,83.0,2021/22,5,2.104382888908877,31.104382888908876
15,MID,Arsenal,Thomas Partey,2027,24,71,2,2,10,4,84.45833333333333,,,167199,257.0,2021/22,5,27.901926607269996,98.90192660727
16,DEF,Arsenal,Kieran Tierney,1916,22,106,1,3,11,11,87.0909090909091,,,192895,87.0,2021/22,5,0.4195510449036537,106.41955104490366
17,MID,Arsenal,Nicolas Pépé,681,20,45,1,4,2,1,34.05,,,195735,62.0,2021/22,5,0.005822776049942311,45.00582277604994
19,MID,Newcastle,Joseph Willock,2037,29,79,2,3,6,3,70.24137931034483,,,200089,220.0,2021/22,11,7.3715401023745235,86.37154010237452
20,FWD,Arsenal,Edward Nketiah,823,21,55,5,1,0,6,39.19047619047619,,,205533,47.0,2021/22,5,0.000400021595506725,55.00040002159551
21,MID,Arsenal,Emile Smith Rowe,1909,33,125,10,2,8,9,57.84848484848485,,,209289,145.0,2021/22,5,0.19734812397247878,125.19734812397247
22,MID,Arsenal,Bukayo Saka,2978,38,179,11,9,13,18,78.36842105263158,,,223340,226.0,2021/22,5,2.1670108716076246,181.16701087160763
23,DEF,Arsenal,Gabriel Magalhães,3063,35,146,5,0,13,16,87.51428571428572,,,226597,198.0,2021/22,5,5.512807717987038,151.51280771798704
26,MID,Arsenal,Gabriel Teodoro Martinelli Silva,1855,29,110,6,7,7,6,63.96551724137931,,,444145,146.0,2021/22,5,0.5016902559083072,110.5016902559083
28,GKP,Aston Villa,Jed Steer,90,1,1,0,0,0,0,90.0,,,79852,0.0,2021/22,14,0.0,1.0
30,GKP,Aston Villa,Emiliano Martínez,3240,36,129,0,0,11,7,90.0,,,98980,10.0,2021/22,14,0.0,129.0
32,MID,Aston Villa,Bertrand Traoré,212,9,13,0,1,0,0,23.555555555555557,,,110504,15.0,2021/22,14,5.624561793386807e-06,13.000005624561794
33,MID,Man City,Jack Grealish,1910,26,86,3,3,15,2,73.46153846153847,,,114283,96.0,2021/22,1,0.03616570769889133,86.03616570769888
34,MID,Aston Villa,Morgan Sanson,349,10,13,0,0,0,0,34.9,,,122775,57.0,2021/22,14,0.4258663067352839,13.425866306735283
35,MID,Aston Villa,John McGinn,3090,35,110,3,4,10,12,88.28571428571429,,,122806,375.0,2021/22,14,40.7649354706199,150.7649354706199
36,DEF,Aston Villa,Kortney Hause,397,7,20,1,0,1,3,56.714285714285715,,,123354,26.0,2021/22,14,0.08801101724192661,20.088011017241925
37,MID,Aston Villa,Mahmoud Ahmed Ibrahim Hassan,10,1,1,0,0,0,0,20.0,,,148508,0.0,2021/22,14,0.0,1.0
38,DEF,Aston Villa,Tyrone Mings,3188,36,118,1,4,11,12,88.55555555555556,,,149484,249.0,2021/22,14,14.658658983935482,132.65865898393548
39,DEF,Newcastle,Matt Targett,2871,33,101,1,2,9,7,87.0,,,169359,196.0,2021/22,11,6.654980397720388,107.6549803977204
40,FWD,Aston Villa,Ollie Watkins,2950,35,131,11,3,10,17,84.28571428571429,,,178301,123.0,2021/22,14,0.04714694326936889,131.04714694326938
41,MID,Aston Villa,Marvelous Nakamba,899,16,22,0,0,2,0,56.1875,,,184704,145.0,2021/22,14,9.78823441120005,31.78823441120005
42,MID,Everton,Anwar El Ghazi,392,11,22,1,1,1,1,35.63636363636363,,,193488,30.0,2021/22,16,0.000964873676953034,22.000964873676953
43,MID,Aston Villa,Emiliano Buendía Stati,1887,35,107,4,6,7,8,53.91428571428571,,,195546,169.0,2021/22,14,0.4405400172746342,107.44054001727463
44,DEF,Aston Villa,Matthew Cash,3377,38,147,4,3,13,11,88.86842105263158,,,199796,236.0,2021/22,14,9.522409428839483,156.5224094288395
45,DEF,Aston Villa,Ezri Konsa Ngoyo,2477,29,78,2,0,8,4,85.41379310344827,,,199798,144.0,2021/22,14,2.2417720711367464,80.24177207113675
47,FWD,Aston Villa,Wesley Moraes,1,1,1,0,0,0,0,20.0,,,213345,0.0,2021/22,14,0.0,1.0
49,FWD,Aston Villa,Keinan Davis,11,1,1,0,0,0,0,20.0,,,221239,0.0,2021/22,14,0.0,1.0
50,MID,Aston Villa,Douglas Luiz Soares de Paulo,2715,34,89,2,3,10,3,79.8529411764706,,,230046,305.0,2021/22,14,19.883424253677497,108.8834242536775
51,MID,Aston Villa,Jacob Ramsey,2465,34,109,6,1,12,9,72.5,,,232653,249.0,2021/22,14,7.10117333908065,116.10117333908065
52,DEF,Aston Villa,Ashley Young,1234,24,50,0,2,4,0,51.416666666666664,,,18892,59.0,2021/22,14,0.014753135749124346,50.014753135749125
53,MID,Brighton,Adam Lallana,1559,24,44,0,1,6,0,64.95833333333333,,,39155,195.0,2021/22,9,8.758819672063028,52.75881967206303
54,GKP,Brighton,Jason Steele,90,1,2,0,0,0,0,90.0,,,49262,1.0,2021/22,9,0.0,2.0
55,MID,Brighton,Pascal Groß,2033,29,88,2,5,8,7,70.10344827586206,,,60307,194.0,2021/22,9,3.542064092474776,91.54206409247477
56,DEF,Brighton,Shane Duffy,1434,18,48,1,1,4,3,79.66666666666667,,,61933,124.0,2021/22,9,7.204840879893012,55.20484087989301
58,DEF,Newcastle,Dan Burn,2461,29,92,1,1,9,6,84.86206896551724,,,78916,250.0,2021/22,11,26.57994636699591,118.57994636699591
59,DEF,Brighton,Lewis Dunk,2573,29,92,1,0,10,7,88.72413793103448,,,83299,176.0,2021/22,9,6.503242966469802,98.5032429664698
60,MID,Brighton,Solomon March,1733,31,61,0,2,7,0,55.903225806451616,,,109345,165.0,2021/22,9,0.8099244224259858,61.809924422425986
61,DEF,Brighton,Adam Webster,1429,22,59,2,0,4,6,64.95454545454545,,,110735,122.0,2021/22,9,3.1222531604203803,62.12225316042038
62,DEF,Brighton,Joël Veltman,2874,34,95,1,1,8,5,84.52941176470588,,,111478,220.0,2021/22,9,10.31792393406919,105.31792393406919
63,FWD,Brighton,Neal Maupay,2269,32,98,8,3,7,11,70.90625,,,115382,98.0,2021/22,9,0.012431723486959596,98.01243172348696
64,MID,Brighton,Leandro Trossard,2803,34,141,8,4,11,16,82.44117647058823,,,116216,202.0,2021/22,9,1.925272683567741,142.92527268356775
67,DEF,Arsenal,Ben White,2880,32,107,0,0,13,9,90.0,,,198869,211.0,2021/22,5,10.576001317934036,117.57600131793404
69,GKP,Brighton,Robert Sánchez,3330,37,126,0,0,11,8,90.0,,,215059,23.0,2021/22,9,0.0,126.0
70,MID,Brighton,Yves Bissouma,2110,26,66,1,2,7,9,81.15384615384616,,,227127,337.0,2021/22,9,50.35134926027918,116.35134926027918
71,DEF,Brighton,Tariq Lamptey,1547,30,74,0,2,6,7,51.56666666666667,,,232792,80.0,2021/22,9,0.034571028944941885,74.03457102894494
72,FWD,Brighton,Aaron Connolly,154,4,5,0,0,0,0,38.5,,,233425,7.0,2021/22,9,6.210092020747311e-06,5.000006210092021
73,MID,Brighton,Steven Alzate,401,9,13,0,0,0,0,44.55555555555556,,,235382,68.0,2021/22,9,2.2374809308475267,15.237480930847527
74,MID,Brighton,Alexis Mac Allister,2112,33,93,5,2,6,8,64.0,,,243016,250.0,2021/22,9,8.325218921041646,101.32521892104165
75,MID,Brighton,Jakub Moder,1694,28,58,0,3,5,0,60.5,,,243505,181.0,2021/22,9,2.7593786415114945,60.759378641511496
76,DEF,Brentford,Pontus Jansson,3321,37,122,3,4,8,13,89.75675675675676,,,61810,305.0,2021/22,13,29.352710870956038,151.35271087095603
77,MID,Brentford,Christian Nørgaard,3054,35,101,3,4,8,5,87.25714285714285,,,128295,508.0,2021/22,13,82.33182068501168,183.33182068501168
78,FWD,Brentford,Ivan Toney,2908,33,139,12,5,8,19,88.12121212121212,,,144485,196.0,2021/22,13,2.7837183079482366,141.78371830794825
79,MID,Brentford,Tariqe Fosu-Henry,16,1,1,0,0,0,0,20.0,,,154138,1.0,2021/22,13,2.318730090775145e-08,1.000000023187301
80,GKP,Brentford,David Raya Martin,2160,24,95,0,0,8,5,90.0,,,154561,17.0,2021/22,13,0.0,95.0
81,MID,Brentford,Sergi Canós,2077,31,81,3,3,8,5,67.0,,,174932,299.0,2021/22,13,24.6204340448056,105.62043404480559
82,MID,Brentford,Pelenda Joshua Dasilva,250,9,7,0,0,0,0,27.77777777777778,,,183656,32.0,2021/22,13,0.009002119388528771,7.009002119388529
83,DEF,Brentford,Rico Henry,2775,34,108,3,0,9,4,81.61764705882354,,,194010,120.0,2021/22,13,0.3017341406353839,108.30173414063539
84,MID,Brentford,Vitaly Janelt,2295,31,90,4,0,9,8,74.03225806451613,,,204580,269.0,2021/22,13,15.581084924925664,105.58108492492566
85,MID,Brentford,Saman Ghoddos,524,17,30,1,2,1,0,30.823529411764707,,,205836,66.0,2021/22,13,0.03640369264326793,30.03640369264327
86,MID,Brentford,Mathias Jensen,1590,31,54,0,1,3,2,51.29032258064516,,,207283,169.0,2021/22,13,0.9631438356292689,54.96314383562927
87,DEF,Brentford,Charlie Goode,448,6,10,0,0,1,0,74.66666666666667,,,213687,19.0,2021/22,13,0.024772425043424806,10.024772425043425
88,FWD,Brentford,Marcus Forss,203,7,11,0,1,0,0,29.0,,,216620,8.0,2021/22,13,1.1399143882464285e-07,11.000000113991439
89,DEF,Brentford,Mads Roerslev Rasmussen,1232,21,41,1,1,1,4,58.666666666666664,,,226956,70.0,2021/22,13,0.12502908397635945,41.12502908397636
90,DEF,Brentford,Mads Bech Sørensen,833,11,22,0,0,2,1,75.72727272727273,,,228044,44.0,2021/22,13,0.22602178041747564,22.226021780417476
91,DEF,Brentford,Ethan Pinnock,2694,32,90,1,1,7,7,84.1875,,,231065,254.0,2021/22,13,22.28733644929361,112.2873364492936
96,MID,Brentford,Bryan Mbeumo,2905,35,119,4,7,9,6,83.0,,,446008,189.0,2021/22,13,1.0154269194635326,120.01542691946354
97,MID,Brentford,Mads Bidstrup,36,4,4,0,0,0,0,20.0,,,481405,7.0,2021/22,13,0.00391008228647488,4.003910082286475
98,DEF,Burnley,James Tarkowski,3106,35,83,1,2,7,5,88.74285714285715,,,17761,357.0,2021/22,18,50.12650783271332,133.12650783271332
100,DEF,Burnley,Erik Pieters,726,12,37,0,1,4,1,60.5,,,39487,82.0,2021/22,18,4.639358894064666,41.639358894064664
101,MID,Burnley,Jack Cork,1670,20,48,1,0,6,3,83.5,,,40145,164.0,2021/22,18,7.644906422861228,55.644906422861226
102,MID,Burnley,Dale Stephens,123,3,4,0,0,1,0,41.0,,,40845,14.0,2021/22,18,0.028969007573199486,4.0289690075732
103,DEF,Burnley,Kevin Long,408,6,7,0,0,0,0,68.0,,,41674,24.0,2021/22,18,0.12328460750044129,7.123284607500441
104,FWD,Burnley,Jay Rodriguez,1365,29,60,2,3,6,4,47.06896551724138,,,44683,74.0,2021/22,18,0.002004011998547448,60.00200401199855
105,FWD,Burnley,Ashley Barnes,793,23,32,1,0,1,2,34.47826086956522,,,44699,53.0,2021/22,18,0.0005853891729294378,32.000585389172926
106,DEF,Burnley,Ben Mee,1839,21,74,3,0,6,3,87.57142857142857,,,51927,164.0,2021/22,18,13.79776127737327,87.79776127737327
107,MID,Burnley,Ashley Westwood,2286,27,63,0,4,4,2,84.66666666666667,,,60551,249.0,2021/22,18,17.816550540142128,80.81655054014213
108,MID,Burnley,Johann Berg Gudmundsson,1097,18,33,0,1,3,0,60.94444444444444,,,60586,121.0,2021/22,18,2.265277287299405,35.265277287299405
109,FWD,Newcastle,Chris Wood,2694,34,91,5,0,6,8,79.23529411764706,,,60689,75.0,2021/22,11,0.00056043146992755,91.00056043146992
110,DEF,Burnley,Matthew Lowton,1771,25,65,1,3,4,5,70.84,,,68983,137.0,2021/22,18,3.3318309028044872,68.33183090280448
111,FWD,Burnley,Matej Vydra,665,22,46,2,3,2,4,30.227272727272727,,,81183,36.0,2021/22,18,1.6929712596546187e-05,46.000016929712594
112,GKP,Burnley,Nick Pope,3240,36,130,0,0,9,12,90.0,,,98747,48.0,2021/22,18,0.0,130.0
113,DEF,Burnley,Charlie Taylor,2730,31,78,0,3,5,8,88.06451612903226,,,103914,195.0,2021/22,18,8.252214100234335,86.25221410023434
115,MID,Burnley,Josh Brownhill,2952,35,92,2,3,7,8,84.34285714285714,,,172782,392.0,2021/22,18,46.8719179776111,138.8719179776111
118,MID,Burnley,Dwight McNeil,3104,38,84,0,1,9,1,81.6842105263158,,,433154,368.0,2021/22,18,30.668385923508797,114.6683859235088
119,DEF,Chelsea,César Azpilicueta,2067,27,87,1,3,7,2,76.55555555555556,,,41328,144.0,2021/22,3,3.1099360952635635,90.10993609526356
121,DEF,Chelsea,Thiago Emiliano da Silva,2649,32,130,3,1,11,14,82.78125,,,51090,202.0,2021/22,3,8.66035858407292,138.66035858407292
122,DEF,Chelsea,Marcos Alonso,2164,28,128,4,5,9,14,77.28571428571429,,,82263,139.0,2021/22,3,2.1613980708843865,130.1613980708844
123,MID,Chelsea,Jorge Luiz Frello Filho,2271,29,106,6,2,12,11,78.3103448275862,,,85955,332.0,2021/22,3,41.41310441167163,147.41310441167164
124,MID,Chelsea,Ross Barkley,174,6,14,1,0,1,1,29.0,,,88894,18.0,2021/22,3,0.0012901752395539736,14.001290175239554
125,MID,Chelsea,Mateo Kovacic,1552,25,76,2,5,8,7,62.08,,,91651,182.0,2021/22,3,5.047254477298038,81.04725447729804
127,DEF,Chelsea,Antonio Rüdiger,3035,34,150,3,3,15,10,89.26470588235294,,,102380,174.0,2021/22,3,3.1182411626879944,153.118241162688
128,DEF,West Ham,Kurt Zouma,2078,24,66,1,0,5,5,86.58333333333333,,,103192,203.0,2021/22,7,20.715923830264234,86.71592383026423
129,GKP,Chelsea,Kepa Arrizabalaga,360,4,19,0,0,2,1,90.0,,,109745,6.0,2021/22,3,0.0,19.0
130,MID,Chelsea,N'Golo Kanté,1769,26,79,2,5,9,2,68.03846153846153,,,116594,253.0,2021/22,3,21.384464427202353,100.38446442720235
131,MID,Chelsea,Hakim Ziyech,1311,23,79,4,3,7,9,57.0,,,124183,125.0,2021/22,3,0.6988872365173548,79.69888723651735
132,MID,Chelsea,Ruben Loftus-Cheek,1384,24,52,0,3,5,1,57.666666666666664,,,126187,172.0,2021/22,3,4.42717904486369,56.42717904486369
133,DEF,Chelsea,Andreas Christensen,1494,19,69,0,0,9,3,78.63157894736842,,,135363,100.0,2021/22,3,2.0357423168134265,71.03574231681343
134,FWD,Chelsea,Timo Werner,1278,21,62,4,2,5,5,60.857142857142854,,,165153,51.0,2021/22,3,0.0008964275882315674,62.00089642758823
135,DEF,Chelsea,Benjamin Chilwell,541,7,55,3,1,4,5,77.28571428571429,,,172850,26.0,2021/22,3,0.08801101724192659,55.088011017241925
137,MID,Chelsea,Christian Pulisic,1282,22,77,6,2,6,2,58.27272727272727,,,176413,76.0,2021/22,3,0.01705519704202512,77.01705519704203
138,MID,Chelsea,Mason Mount,2358,32,169,11,11,11,16,73.6875,,,184341,173.0,2021/22,3,0.9361761245125747,169.93617612451257
140,MID,Chelsea,Callum Hudson-Odoi,958,15,49,1,4,6,1,63.86666666666667,,,209046,60.0,2021/22,3,0.04135249140117192,49.04135249140117
141,MID,Chelsea,Kai Havertz,1802,29,112,8,4,10,5,62.13793103448276,,,219847,114.0,2021/22,3,0.0690322023342912,112.06903220233428
142,DEF,Chelsea,Reece James,1863,26,141,5,9,7,26,71.65384615384616,,,225796,70.0,2021/22,3,0.03222893112273275,141.03222893112275
143,GKP,Chelsea,Edouard Mendy,3060,34,130,0,0,14,3,90.0,,,228286,25.0,2021/22,3,0.0,130.0
144,MID,Crystal Palace,Conor Gallagher,2843,34,140,8,6,11,16,83.61764705882354,,,232787,316.0,2021/22,12,23.188839830750567,163.18883983075057
145,MID,Norwich,Billy Gilmour,1852,24,49,0,1,2,1,77.16666666666667,,,243568,215.0,2021/22,20,13.950088397768829,62.95008839776883
146,GKP,Crystal Palace,Vicente Guaita,2655,30,119,0,0,11,11,88.5,,,40836,24.0,2021/22,12,0.0,119.0
147,DEF,Crystal Palace,James Tomkins,545,8,17,1,0,0,2,68.125,,,49413,38.0,2021/22,12,0.47785649540438324,17.47785649540438
148,MID,Crystal Palace,James McArthur,1434,21,54,0,4,5,5,68.28571428571429,,,50471,233.0,2021/22,12,27.33286555461515,81.33286555461515
149,FWD,Crystal Palace,Christian Benteke,1132,25,58,4,1,4,6,45.28,,,54861,66.0,2021/22,12,0.0023981966152668687,58.00239819661527
150,DEF,Crystal Palace,Cheikhou Kouyaté,1970,27,77,0,1,8,5,72.96296296296296,,,55037,137.0,2021/22,12,2.3600446776937325,79.36004467769374
152,MID,Crystal Palace,Luka Milivojevic,767,15,19,0,0,1,0,51.13333333333333,,,66975,103.0,2021/22,12,2.148631852970347,21.148631852970347
153,FWD,Crystal Palace,Jordan Ayew,2012,31,77,3,4,9,3,64.90322580645162,,,80146,209.0,2021/22,12,5.929226417278761,82.92922641727876
154,MID,Crystal Palace,Wilfried Zaha,2759,33,150,14,2,11,11,83.60606060606061,,,82403,216.0,2021/22,12,3.518964107045792,153.5189641070458
155,MID,Crystal Palace,Jeffrey Schlupp,1840,32,86,4,2,8,2,57.5,,,86417,219.0,2021/22,12,4.4921099492570855,90.49210994925708
156,GKP,Crystal Palace,Jack Butland,765,9,30,0,0,1,3,85.0,,,105666,8.0,2021/22,12,0.0,30.0
157,MID,Crystal Palace,Jairo Riedewald,116,3,4,0,0,0,0,38.666666666666664,,,173954,13.0,2021/22,12,0.016032167319048954,4.016032167319049
159,FWD,Crystal Palace,Jean-Philippe Mateta,1138,22,61,5,1,5,6,51.72727272727273,,,231747,58.0,2021/22,12,0.002082654127516325,61.00208265412752
160,MID,Crystal Palace,Eberechi Eze,599,13,31,1,1,3,2,46.07692307692308,,,232413,55.0,2021/22,12,0.05712698750857035,31.05712698750857
161,DEF,Crystal Palace,Nathan Ferguson,8,1,1,0,0,0,0,20.0,,,232423,0.0,2021/22,12,0.0,1.0
162,DEF,Crystal Palace,Tyrick Mitchell,3101,36,109,0,2,10,6,86.13888888888889,,,244723,233.0,2021/22,12,10.93747388860883,119.93747388860884
163,MID,Everton,Fabian Delph,660,11,18,0,0,3,0,60.0,,,41823,108.0,2021/22,16,9.368421313922463,27.36842131392246
165,DEF,Everton,Seamus Coleman,2656,30,79,1,1,7,6,88.53333333333333,,,59949,178.0,2021/22,16,6.019364233934594,85.0193642339346
168,DEF,Aston Villa,Lucas Digne,2440,29,83,0,4,7,8,84.13793103448276,,,101188,158.0,2021/22,14,3.7471024599331737,86.74710245993317
169,DEF,Everton,Michael Keane,2791,32,102,3,2,8,11,87.21875,,,106611,264.0,2021/22,16,25.455742025774935,127.45574202577494
170,GKP,Everton,Jordan Pickford,3150,35,116,0,0,7,12,90.0,,,111234,38.0,2021/22,16,0.0,116.0
171,MID,Everton,Allan Marques Loureiro,2181,28,58,0,3,6,2,77.89285714285714,,,119765,333.0,2021/22,16,44.371440821064056,102.37144082106406
172,MID,Everton,André Filipe Tavares Gomes,614,14,18,0,1,0,0,43.857142857142854,,,120250,79.0,2021/22,16,0.5556251894955934,18.555625189495593
173,MID,Everton,Abdoulaye Doucouré,2536,30,90,2,5,5,8,84.53333333333333,,,121599,354.0,2021/22,16,46.569708594659524,136.56970859465952
174,MID,Everton,Alex Iwobi,2029,28,78,2,2,6,6,72.46428571428571,,,153133,218.0,2021/22,16,8.18776133801712,86.18776133801713
175,DEF,Everton,Yerry Mina,844,13,24,0,0,2,0,64.92307692307692,,,164511,69.0,2021/22,16,1.4585993910852584,25.458599391085258
176,MID,Everton,Tom Davies,230,6,12,1,0,0,0,38.333333333333336,,,173807,23.0,2021/22,16,0.011527939198207604,12.011527939198208
177,FWD,Everton,Dominic Calvert-Lewin,1281,17,64,5,2,3,10,75.3529411764706,,,177815,62.0,2021/22,16,0.031708481534986795,64.03170848153499
178,DEF,Everton,Mason Holgate,2133,25,62,2,2,5,2,85.32,,,194164,171.0,2021/22,16,9.705985279467253,71.70598527946726
179,DEF,Everton,Ben Godfrey,2029,23,45,0,0,4,1,88.21739130434783,,,198826,172.0,2021/22,16,12.849417938256943,57.84941793825694
180,FWD,Everton,Richarlison de Andrade,2522,30,125,10,6,7,19,84.06666666666666,,,212319,203.0,2021/22,16,5.868008765196192,130.86800876519618
184,DEF,Leeds,Liam Cooper,1814,21,60,0,2,5,5,86.38095238095238,,,55914,174.0,2021/22,17,16.947263411188047,76.94726341118805
185,DEF,Leeds,Luke Ayling,2272,26,55,2,3,2,8,87.38461538461539,,,66588,177.0,2021/22,17,9.890160826627021,64.89016082662702
186,MID,Leeds,Mateusz Klich,2071,33,61,1,2,1,4,62.75757575757576,,,72222,251.0,2021/22,17,8.508985615059084,69.50898561505909
187,FWD,Leeds,Rodrigo Moreno,2263,31,85,6,2,5,11,73.0,,,80954,160.0,2021/22,17,0.9641368838305691,85.96413688383056
188,MID,Leeds,Stuart Dallas,2920,34,80,1,1,5,6,85.88235294117646,,,87873,439.0,2021/22,17,65.32176426551818,145.3217642655182
189,FWD,Leeds,Patrick Bamford,557,9,28,2,2,0,2,61.888888888888886,,,106617,25.0,2021/22,17,0.001402950532050589,28.00140295053205
190,DEF,Leeds,Diego Llorente,2341,28,77,3,0,5,6,83.60714285714286,,,149915,185.0,2021/22,17,9.338419646374254,86.33841964637425
191,MID,Leeds,Kalvin Phillips,1594,20,39,0,1,3,1,79.7,,,155405,285.0,2021/22,17,45.814201940899366,84.81420194089937
192,MID,Leeds,Hélder Wander Sousa de Azevedo e Costa,21,1,1,0,0,0,0,21.0,,,165808,1.0,2021/22,17,2.504959385782698e-09,1.0000000025049594
193,MID,Leeds,Tyler Roberts,976,23,34,1,1,1,1,42.43478260869565,,,173821,79.0,2021/22,17,0.01694338629594905,34.01694338629595
194,DEF,Leeds,Robin Koch,1572,20,23,0,0,1,0,78.6,,,193645,94.0,2021/22,17,1.1221345751088467,24.122134575108845
196,MID,Leeds,Raphael Dias Belloli,2916,35,145,11,4,5,14,83.31428571428572,,,219961,271.0,2021/22,17,9.937572031740277,154.93757203174027
197,MID,Leeds,Jamie Shackleton,704,14,19,0,1,1,0,50.285714285714285,,,221610,102.0,2021/22,17,2.8391457385497896,21.83914573854979
198,DEF,Leeds,Pascal Struijk,2050,29,35,1,1,1,0,70.6896551724138,,,222694,173.0,2021/22,17,5.976950548474832,40.97695054847483
199,GKP,Leeds,Illan Meslier,3384,38,106,0,0,5,8,89.05263157894737,,,437495,46.0,2021/22,17,0.0,106.0
200,GKP,Leicester,Kasper Schmeichel,3330,37,131,0,0,7,12,90.0,,,17745,28.0,2021/22,8,0.0,131.0
201,DEF,Leicester,Jonny Evans,1346,18,39,1,1,2,0,74.77777777777777,,,37642,116.0,2021/22,8,5.3620726730976385,44.362072673097636
202,MID,Leicester,Marc Albrighton,1127,17,40,1,2,2,2,66.29411764705883,,,51938,127.0,2021/22,8,3.9701784792602517,43.970178479260255
203,MID,Leicester,Nampalys Mendy,1032,14,24,0,0,2,0,73.71428571428571,,,86881,109.0,2021/22,8,4.09388066900857,28.09388066900857
204,GKP,Leicester,Danny Ward,90,1,3,0,0,0,0,90.0,,,95463,1.0,2021/22,8,0.0,3.0
205,FWD,Leicester,Jamie Vardy,1801,25,133,15,3,4,24,72.04,,,101668,49.0,2021/22,8,0.00012484306202840707,133.00012484306203
207,DEF,Leicester,Ricardo Domingos Barbosa Pereira,990,14,35,1,3,1,3,70.71428571428571,,,111931,84.0,2021/22,8,2.9686675731825565,37.96866757318256
208,DEF,Leicester,Daniel Amartey,2118,28,55,0,0,5,4,75.64285714285714,,,155569,160.0,2021/22,8,4.645046554390575,59.645046554390575
209,DEF,Leicester,Timothy Castagne,2124,27,75,1,0,6,6,78.66666666666667,,,166477,151.0,2021/22,8,4.006012166245006,79.006012166245
210,MID,Leicester,Youri Tielemans,2629,32,120,6,4,6,14,82.15625,,,166989,332.0,2021/22,8,33.40616149906506,153.40616149906506
211,MID,Leicester,Ayoze Pérez,438,14,35,2,3,1,2,31.285714285714285,,,168580,32.0,2021/22,8,0.0002202484047049981,35.0002202484047
212,MID,Leicester,James Maddison,2454,35,181,12,11,5,24,70.11428571428571,,,172780,168.0,2021/22,8,0.4208260066982993,181.4208260066983
213,FWD,Leicester,Kelechi Iheanacho,1253,26,80,4,6,1,10,48.19230769230769,,,173515,66.0,2021/22,8,0.0017082381865409961,80.00170823818654
214,MID,Leicester,Hamza Choudhury,284,6,8,0,0,1,0,47.333333333333336,,,197469,46.0,2021/22,8,1.6152773287775073,9.615277328777507
215,MID,Leicester,Harvey Barnes,2095,32,137,6,12,8,10,65.46875,,,201666,135.0,2021/22,8,0.1373709839831444,137.13737098398315
216,MID,Leicester,Wilfred Ndidi,1617,19,41,0,1,5,0,85.10526315789474,,,203341,327.0,2021/22,8,52.798278753991745,93.79827875399175
217,DEF,Leicester,Çaglar Söyüncü,2497,28,66,1,0,5,6,89.17857142857143,,,218031,218.0,2021/22,8,18.19383225351516,84.19383225351515
218,DEF,Leicester,James Justin,996,13,29,0,0,2,1,76.61538461538461,,,220627,75.0,2021/22,8,2.264884035671528,31.26488403567153
219,DEF,Leicester,Luke Thomas,1911,22,50,0,1,5,1,86.86363636363636,,,244619,151.0,2021/22,8,8.668714827432929,58.66871482743293
220,DEF,Leicester,Wesley Fofana,630,7,17,0,0,1,2,90.0,,,444463,52.0,2021/22,8,3.8110688922649802,20.81106889226498
221,MID,Liverpool,James Milner,844,24,38,0,1,4,1,35.166666666666664,,,15157,141.0,2021/22,2,1.259305677743298,39.2593056777433
222,MID,Liverpool,Jordan Henderson,2592,35,110,2,5,15,9,74.05714285714286,,,56979,299.0,2021/22,2,16.3428176492778,126.3428176492778
224,DEF,Liverpool,Joel Matip,2790,31,170,3,3,17,20,90.0,,,60914,195.0,2021/22,2,8.252214100234335,178.25221410023434
225,MID,Liverpool,Thiago Alcántara do Nascimento,1527,25,69,1,4,11,3,61.08,,,61558,214.0,2021/22,2,11.785213653000023,80.78521365300003
227,MID,Liverpool,Alex Oxlade-Chamberlain,777,17,42,2,1,3,2,45.705882352941174,,,81880,61.0,2021/22,2,0.018426826310036587,42.018426826310034
228,FWD,Liverpool,Roberto Firmino,980,20,62,5,4,5,5,49.0,,,92217,83.0,2021/22,2,0.1119105543922379,62.11191055439224
229,DEF,Liverpool,Virgil van Dijk,3060,34,183,3,3,21,13,90.0,,,97032,168.0,2021/22,2,2.5552583883483586,185.55525838834836
230,MID,Liverpool,Sadio Mané,2818,34,183,16,5,17,10,82.88235294117646,,,110979,162.0,2021/22,2,0.38610157635493775,183.38610157635495
231,GKP,Liverpool,Alisson Ramses Becker,3240,36,176,0,1,20,15,90.0,,,116535,50.0,2021/22,2,0.0,176.0
232,MID,Liverpool,Fabio Henrique Tavares,2311,29,97,5,1,15,7,79.6896551724138,,,116643,312.0,2021/22,2,34.23750357534452,131.23750357534453
233,MID,Liverpool,Mohamed Salah,2758,35,265,23,14,17,29,78.8,,,118748,114.0,2021/22,2,0.01600309011739678,265.0160030901174
234,DEF,Liverpool,Andrew Robertson,2537,29,186,3,11,17,23,87.48275862068965,,,122798,113.0,2021/22,2,0.5018895047065219,186.50188950470653
235,FWD,Liverpool,Divock Origi,126,7,22,3,0,0,3,20.0,,,152760,10.0,2021/22,2,3.518844385482046e-06,22.000003518844384
236,MID,Liverpool,Takumi Minamino,178,11,28,3,0,0,2,20.0,,,157882,19.0,2021/22,2,7.078234615031512e-05,28.00007078234615
237,DEF,Liverpool,Trent Alexander-Arnold,2853,32,208,2,12,18,32,89.15625,,,169187,120.0,2021/22,2,0.4291020210725869,208.4291020210726
238,DEF,Liverpool,Joseph Gomez,330,8,22,0,1,2,2,41.25,,,171287,22.0,2021/22,2,0.0116473480210646,22.011647348021064
239,MID,Liverpool,Naby Keita,1169,23,65,3,2,8,4,50.82608695652174,,,175592,133.0,2021/22,2,1.0823510351782573,66.08235103517826
240,MID,Liverpool,Diogo Jota,2357,35,175,15,7,14,8,67.34285714285714,,,194634,153.0,2021/22,2,0.2007978988511677,175.20079789885116
242,GKP,Liverpool,Caoimhin Kelleher,180,2,8,0,0,1,0,90.0,,,200720,2.0,2021/22,2,0.0,8.0
243,DEF,Liverpool,Ibrahima Konaté,990,11,33,0,0,4,0,90.0,,,204716,78.0,2021/22,2,4.970581742070807,37.970581742070806
244,MID,Liverpool,Curtis Jones,849,15,40,1,1,4,3,56.6,,,206915,74.0,2021/22,2,0.22253310703416873,40.22253310703417
245,DEF,Liverpool,Konstantinos Tsimikas,874,13,42,0,2,4,2,67.23076923076923,,,214285,58.0,2021/22,2,0.5327326420274187,42.53273264202742
246,DEF,Liverpool,Neco Williams,7,1,4,0,1,0,0,20.0,,,215136,0.0,2021/22,2,0.0,4.0
249,DEF,Man City,Kyle Walker,1755,20,85,0,2,10,5,87.75,,,58621,48.0,2021/22,1,0.010184536287909255,85.01018453628791
250,MID,Man City,Ilkay Gündogan,1851,27,124,8,5,14,10,68.55555555555556,,,59859,159.0,2021/22,1,1.4397328682675605,125.43973286826755
251,MID,Man City,Kevin De Bruyne,2196,30,196,15,8,13,33,73.2,,,61366,170.0,2021/22,1,1.22629746107791,197.2262974610779
252,DEF,Man City,John Stones,1117,14,70,1,0,9,4,79.78571428571429,,,97299,44.0,2021/22,1,0.054738298542367954,70.05473829854236
253,DEF,Man City,Benjamin Mendy,78,1,3,0,0,0,1,78.0,,,102826,2.0,2021/22,1,0.00011748495200252803,3.0001174849520025
254,MID,Man City,Riyad Mahrez,1485,28,135,11,7,7,12,53.035714285714285,,,103025,92.0,2021/22,1,0.013854992666510552,135.01385499266652
255,MID,Man City,Raheem Sterling,2121,30,163,13,7,13,15,70.7,,,103955,123.0,2021/22,1,0.10168821053594868,163.10168821053594
256,DEF,Man City,João Pedro Cavaco Cancelo,3227,36,201,1,11,19,27,89.63888888888889,,,121145,176.0,2021/22,1,2.5446265359203184,203.54462653592032
257,GKP,Man City,Ederson Santana de Moraes,3330,37,155,0,0,20,4,90.0,,,121160,23.0,2021/22,1,0.0,155.0
258,DEF,Man City,Nathan Aké,919,14,54,2,0,5,0,65.64285714285714,,,126184,50.0,2021/22,1,0.13478679594882917,54.13478679594883
259,DEF,Man City,Aymeric Laporte,2830,33,160,4,2,18,8,85.75757575757575,,,146941,124.0,2021/22,1,0.448546827809483,160.44854682780948
260,GKP,Man City,Zack Steffen,90,1,7,0,0,1,1,90.0,,,164484,2.0,2021/22,1,0.0,7.0
261,MID,Man City,Bernardo Mota Veiga de Carvalho e Silva,2856,35,155,8,8,16,15,81.6,,,165809,249.0,2021/22,1,6.186591183267894,161.1865911832679
262,DEF,Man City,Rúben Santos Gato Alves Dias,2401,29,141,2,5,14,12,82.79310344827586,,,171314,127.0,2021/22,1,1.0596713482792566,142.05967134827927
263,FWD,Man City,Gabriel Fernando de Jesus,1871,28,120,8,8,11,16,66.82142857142857,,,205651,115.0,2021/22,1,0.1437405664146442,120.14374056641465
264,DEF,Man City,Oleksandr Zinchenko,1044,15,59,0,4,5,4,69.6,,,206325,48.0,2021/22,1,0.06677544550527616,59.06677544550528
265,MID,Man City,Phil Foden,2125,28,137,9,6,13,11,75.89285714285714,,,209244,113.0,2021/22,1,0.08317247214855689,137.08317247214856
266,MID,Man City,Rodrigo Hernandez,2884,33,127,7,2,17,9,87.39393939393939,,,220566,439.0,2021/22,1,67.28039031600235,194.28039031600235
267,MID,Leeds,Jack Harrison,2638,35,117,8,1,3,12,75.37142857142857,,,221399,265.0,2021/22,17,8.802150697117726,125.80215069711772
268,MID,Man City,Ferran Torres,303,4,26,2,1,3,2,75.75,,,224444,8.0,2021/22,1,1.6441853008031347e-05,26.00001644185301
269,FWD,Man Utd,Edinson Cavani,760,15,34,2,1,1,2,50.666666666666664,,,40720,33.0,2021/22,6,0.00024073793928027008,34.00024073793928
270,GKP,Man Utd,David de Gea,3420,38,132,0,0,8,7,90.0,,,51940,21.0,2021/22,6,0.0,132.0
271,MID,Man Utd,Nemanja Matic,1375,23,52,0,4,2,3,59.78260869565217,,,62398,210.0,2021/22,6,14.53680845357159,66.5368084535716
272,MID,Man Utd,Paul Pogba,1347,20,65,1,9,2,6,67.35,,,74208,140.0,2021/22,6,3.2139708242627316,68.21397082426273
273,DEF,Man Utd,Harry Maguire,2513,30,69,1,0,7,4,83.76666666666667,,,95658,195.0,2021/22,6,9.294274491101907,78.2942744911019
274,MID,Man Utd,Frederico Rodrigues de Paula Santos,2026,28,93,4,5,7,8,72.35714285714286,,,101582,323.0,2021/22,6,40.85605726832023,133.85605726832023
275,DEF,Man Utd,Luke Shaw,1600,20,46,0,3,3,3,80.0,,,106760,58.0,2021/22,6,0.04336372693046488,46.043363726930465
276,MID,Man Utd,Jesse Lingard,354,16,29,2,0,0,1,22.125,,,109322,29.0,2021/22,6,2.3948213263291248e-05,29.000023948213265
277,MID,Man Utd,Bruno Miguel Borges Fernandes,3110,36,151,10,7,8,15,86.38888888888889,,,141746,292.0,2021/22,6,13.024717919913963,164.02471791991397
278,FWD,Man Utd,Anthony Martial,207,8,14,1,0,0,2,25.875,,,148225,6.0,2021/22,6,1.1921263085268821e-09,14.000000001192126
279,DEF,Man Utd,Alex Nicolao Telles,1658,21,67,0,4,5,6,78.95238095238095,,,152590,121.0,2021/22,6,3.6350271039102067,70.6350271039102
281,MID,Man Utd,Marcus Rashford,1224,25,63,4,2,2,0,48.96,,,176297,60.0,2021/22,6,0.0006365870762834512,63.000636587076286
282,MID,Everton,Donny van de Beek,550,15,31,2,0,2,1,36.666666666666664,,,180184,79.0,2021/22,16,0.36278234362505274,31.362782343625053
283,DEF,Aston Villa,Axel Tuanzebe,505,9,14,0,0,1,0,56.111111111111114,,,180804,26.0,2021/22,14,0.01896434183958089,14.018964341839581
284,DEF,Man Utd,Victor Lindelöf,2353,28,66,0,2,6,4,84.03571428571429,,,184667,152.0,2021/22,6,3.5484076742206896,69.54840767422068
285,MID,Man Utd,Scott McTominay,2386,30,68,1,2,8,2,79.53333333333333,,,195851,337.0,2021/22,6,40.5347595945826,108.5347595945826
286,DEF,Man Utd,Eric Bailly,216,4,2,0,0,0,0,54.0,,,197365,20.0,2021/22,6,0.3216750614788531,2.321675061478853
287,MID,Leeds,Daniel James,2489,34,91,4,5,5,2,73.20588235294117,,,200617,132.0,2021/22,17,0.07280738528653587,91.07280738528654
288,DEF,Man Utd,Aaron Wan-Bissaka,1793,20,41,0,0,3,3,89.65,,,214590,129.0,2021/22,6,5.98145800474607,46.981458004746074
289,MID,Man Utd,Mason Greenwood,1269,18,71,5,2,3,7,70.5,,,220688,77.0,2021/22,6,0.08659305593821079,71.08659305593821
290,DEF,Norwich,Brandon Williams,2119,26,36,0,1,2,4,81.5,,,232937,150.0,2021/22,20,4.529768071343056,40.52976807134306
291,MID,Newcastle,Jonjo Shelvey,1981,24,63,2,1,6,6,82.54166666666667,,,50232,238.0,2021/22,11,21.23848421348734,84.23848421348734
292,DEF,Newcastle,Matt Ritchie,1333,18,20,0,2,0,0,74.05555555555556,,,56983,60.0,2021/22,11,0.10716778626545097,20.10716778626545
293,DEF,Newcastle,Ciaran Clark,1012,13,14,0,1,0,1,77.84615384615384,,,58845,78.0,2021/22,11,2.7566198893838028,16.756619889383803
294,GKP,Newcastle,Karl Darlow,720,8,20,0,0,0,3,90.0,,,59735,8.0,2021/22,11,0.0,20.0
295,GKP,Newcastle,Martin Dubravka,2340,26,96,0,0,8,9,90.0,,,67089,13.0,2021/22,11,0.0,96.0
296,FWD,Newcastle,Callum Wilson,1386,18,75,8,0,3,14,77.0,,,75115,52.0,2021/22,11,0.004062096042330468,75.00406209604233
297,MID,Newcastle,Jeff Hendrick,69,3,8,1,0,0,0,23.0,,,83314,4.0,2021/22,11,1.747730082520143e-07,8.000000174773009
298,MID,Newcastle,Ryan Fraser,1459,27,78,2,5,5,8,54.03703703703704,,,90105,91.0,2021/22,11,0.016796017573543418,78.01679601757354
299,DEF,Newcastle,Jamaal Lascelles,2055,26,47,1,1,3,2,79.03846153846153,,,101148,186.0,2021/22,11,12.182230493620096,59.1822304936201
300,FWD,Newcastle,Dwight Gayle,34,8,7,0,0,0,0,20.0,,,104547,4.0,2021/22,11,5.3177470552193316e-05,7.000053177470552
301,DEF,Newcastle,Paul Dummett,197,3,7,0,0,1,0,65.66666666666667,,,106618,15.0,2021/22,11,0.24125629610913985,7.24125629610914
302,DEF,Newcastle,Javier Manquillo,1258,19,38,1,3,1,0,66.21052631578948,,,109528,81.0,2021/22,11,0.5869879371000142,38.58698793710001
303,DEF,Newcastle,Emil Krafth,1636,20,58,0,1,6,3,81.8,,,111773,121.0,2021/22,11,4.4170593134172185,62.41705931341722
304,MID,Newcastle,Jacob Murphy,1457,33,62,1,4,2,0,44.15151515151515,,,114243,188.0,2021/22,11,1.4001557646197889,63.40015576461979
305,DEF,Newcastle,Fabian Schär,2158,25,88,2,2,6,10,86.32,,,119471,161.0,2021/22,11,7.423770415968622,95.42377041596862
306,MID,Newcastle,Isaac Hayden,1000,14,28,1,0,0,3,71.42857142857143,,,153127,119.0,2021/22,11,6.381995210606761,34.38199521060676
307,FWD,Newcastle,Allan Saint-Maximin,2804,35,116,5,7,9,15,80.11428571428571,,,170137,138.0,2021/22,11,0.12756860949056606,116.12756860949057
308,MID,Newcastle,Miguel Almirón,1706,30,59,1,0,6,0,56.86666666666667,,,179018,174.0,2021/22,11,1.441314408979498,60.4413144089795
309,MID,Newcastle,Sean Longstaff,1458,24,48,1,1,2,1,60.75,,,180135,182.0,2021/22,11,6.087946291077373,54.08794629107737
310,FWD,Newcastle,Joelinton Cássio Apolinário de Lira,2554,35,83,4,2,7,7,72.97142857142858,,,180974,345.0,2021/22,11,45.18132458444771,128.1813245844477
311,DEF,Newcastle,Jamal Lewis,261,5,10,0,0,1,0,52.2,,,194799,21.0,2021/22,11,0.14057073050925506,10.140570730509255
314,GKP,Norwich,Tim Krul,2610,29,90,0,0,5,11,90.0,,,20480,28.0,2021/22,20,0.0,90.0
315,FWD,Norwich,Teemu Pukki,3253,37,142,11,3,6,19,87.91891891891892,,,57127,106.0,2021/22,20,0.007719857434883014,142.0077198574349
317,MID,Norwich,Lukas Rupp,759,19,23,0,0,0,0,39.94736842105263,,,76306,80.0,2021/22,20,0.08026529899080467,23.080265298990806
318,MID,Norwich,Kenny McLean,2707,31,69,1,0,6,0,87.3225806451613,,,78607,283.0,2021/22,20,19.58002664514605,88.58002664514605
319,DEF,Norwich,Grant Hanley,2897,33,71,1,0,6,4,87.78787878787878,,,83428,318.0,2021/22,20,41.342467676519874,112.34246767651987
321,DEF,Norwich,Sam Byram,1023,15,20,0,0,2,0,68.2,,,113564,102.0,2021/22,20,5.678010452425178,25.678010452425177
323,MID,Norwich,Kieran Dowell,905,19,41,1,1,2,1,47.63157894736842,,,171270,67.0,2021/22,20,0.017670961995916848,41.01767096199592
324,DEF,Norwich,Christoph Zimmermann,156,3,0,0,0,0,0,52.0,,,192303,11.0,2021/22,20,0.034565947384314545,0.034565947384314545
325,MID,Norwich,Todd Cantwell,438,8,10,0,0,0,0,54.75,,,193111,42.0,2021/22,20,0.18903420683555294,10.189034206835553
326,DEF,Norwich,Max Aarons,2879,34,55,0,2,4,2,84.67647058823529,,,232980,182.0,2021/22,20,3.994986757190961,58.99498675719096
327,DEF,Norwich,Jacob Sørensen,600,10,9,0,0,0,0,60.0,,,235546,53.0,2021/22,20,1.113153913028583,10.113153913028583
328,MID,Norwich,Przemyslaw Placheta,499,12,18,0,0,1,0,41.583333333333336,,,428626,36.0,2021/22,20,0.0025803504791079472,18.002580350479107
329,FWD,Norwich,Adam Idah,617,17,36,1,2,1,3,36.294117647058826,,,432735,50.0,2021/22,20,0.004537822831943374,36.00453782283194
331,DEF,Norwich,Andrew Omobamidele,381,5,14,1,0,0,3,76.2,,,466404,34.0,2021/22,20,1.8926701508083927,15.892670150808392
332,MID,Southampton,Theo Walcott,376,9,12,0,0,0,0,41.77777777777778,,,20467,23.0,2021/22,15,0.0004227387408451411,12.000422738740845
333,GKP,Southampton,Fraser Forster,1710,19,57,0,0,3,6,90.0,,,40383,36.0,2021/22,15,0.0,57.0
334,GKP,Southampton,Alex McCarthy,1530,17,55,0,0,5,3,90.0,,,58376,12.0,2021/22,15,0.0,55.0
335,MID,Southampton,Oriol Romeu Vidal,2890,36,88,2,2,7,6,80.27777777777777,,,78056,435.0,2021/22,15,59.41333945470684,147.41333945470683
336,MID,Southampton,Nathan Redmond,1827,27,79,1,6,4,6,67.66666666666667,,,83283,147.0,2021/22,15,0.8309768033398961,79.8309768033399
337,FWD,Aston Villa,Danny Ings,1891,30,106,7,6,10,12,63.03333333333333,,,84939,98.0,2021/22,14,0.0210242060760292,106.02102420607604
338,DEF,Southampton,Jack Stephens,810,11,12,0,0,1,0,73.63636363636364,,,88900,86.0,2021/22,15,7.2564971333450154,19.256497133345015
339,MID,Southampton,Stuart Armstrong,1465,25,57,2,1,3,3,58.6,,,91047,143.0,2021/22,15,1.090960837013233,58.090960837013235
340,DEF,Leicester,Jannik Vestergaard,563,10,11,0,0,1,0,56.3,,,93100,65.0,2021/22,8,3.098091497033969,14.09809149703397
341,MID,Southampton,James Ward-Prowse,3215,36,159,10,5,7,21,89.30555555555556,,,101178,394.0,2021/22,15,44.90449462798541,203.9044946279854
342,DEF,Southampton,Kyle Walker-Peters,2630,32,82,1,3,6,7,82.1875,,,158534,144.0,2021/22,15,1.3820022638145264,83.38200226381453
343,DEF,Southampton,Jan Bednarek,2629,31,94,4,0,7,15,84.80645161290323,,,171771,270.0,2021/22,15,29.32551436879005,123.32551436879005
345,FWD,Southampton,Che Adams,2034,30,103,7,4,5,11,67.8,,,200439,109.0,2021/22,15,0.054145547270117986,103.05414554727012
346,MID,Southampton,Nathan Tella,802,14,29,0,2,1,0,57.285714285714285,,,203389,81.0,2021/22,15,0.6612692465725838,29.661269246572584
347,MID,Southampton,William Smallbone,132,4,5,0,0,0,0,33.0,,,214466,18.0,2021/22,15,0.02896851674190943,5.02896851674191
349,MID,Southampton,Ibrahima Diallo,1016,23,44,0,3,1,3,44.17391304347826,,,240143,118.0,2021/22,15,0.4583136201698035,44.458313620169804
350,MID,Southampton,Moussa Djenepo,452,12,13,0,0,1,0,37.666666666666664,,,431131,45.0,2021/22,15,0.019088400712612533,13.019088400712613
351,DEF,Southampton,Mohammed Salisu,2971,34,58,0,0,6,4,87.38235294117646,,,450527,334.0,2021/22,15,44.654784410535264,102.65478441053526
353,GKP,Spurs,Hugo Lloris,3420,38,158,0,0,16,11,90.0,,,37915,36.0,2021/22,4,0.0,158.0
354,MID,Watford,Moussa Sissoko,3220,36,85,2,1,4,1,89.44444444444444,,,45268,397.0,2021/22,19,45.9832204803028,130.9832204803028
357,FWD,Spurs,Harry Kane,3231,37,192,17,11,14,23,87.32432432432432,,,78830,157.0,2021/22,4,0.248641729869743,192.24864172986975
359,MID,Spurs,Heung-Min Son,3009,35,258,23,10,18,27,85.97142857142858,,,85971,186.0,2021/22,4,0.9040922119771836,258.9040922119772
360,DEF,Spurs,Matt Doherty,871,15,67,2,5,3,8,58.06666666666667,,,87835,52.0,2021/22,4,0.11756472071529706,67.1175647207153
361,DEF,Spurs,Eric Dier,3071,35,132,0,1,16,7,87.74285714285715,,,93264,215.0,2021/22,4,8.322368769959551,140.32236876995955
362,MID,Spurs,Lucas Rodrigues Moura da Silva,1763,34,87,2,6,8,4,51.85294117647059,,,95715,156.0,2021/22,4,0.2873015111754636,87.28730151117546
363,MID,Everton,Bamidele Alli,985,21,35,1,0,3,1,46.904761904761905,,,108823,127.0,2021/22,16,1.3401494537378713,36.34014945373787
364,DEF,Spurs,Ben Davies,2537,29,105,1,2,12,3,87.48275862068965,,,115556,158.0,2021/22,4,3.7471024599331657,108.74710245993316
365,MID,Spurs,Pierre-Emile Højbjerg,3196,36,109,2,3,16,6,88.77777777777777,,,132015,472.0,2021/22,4,71.35394193483793,180.35394193483793
366,MID,Spurs,Harry Winks,904,19,33,0,2,1,1,47.578947368421055,,,157668,89.0,2021/22,4,0.18894230138125245,33.18894230138125
367,DEF,Spurs,Davinson Sánchez,1626,23,93,2,1,10,8,70.69565217391305,,,173904,141.0,2021/22,4,5.415898669913122,98.41589866991312
368,DEF,Spurs,Ryan Sessegnon,1046,15,56,0,3,6,3,69.73333333333333,,,184349,57.0,2021/22,4,0.21979224615460108,56.219792246154604
369,MID,Spurs,Steven Bergwijn,548,25,55,3,2,3,3,21.92,,,194252,33.0,2021/22,4,1.3068283398395898e-06,55.00000130682834
370,DEF,Spurs,Sergio Reguilón,1914,25,104,2,4,9,9,76.56,,,199249,118.0,2021/22,4,1.4384299442939001,105.4384299442939
371,DEF,Spurs,Japhet Tanganga,735,11,29,0,0,5,0,66.81818181818181,,,199584,58.0,2021/22,4,1.1903906413288414,30.19039064132884
372,MID,Spurs,Giovani Lo Celso,231,9,11,0,0,0,0,25.666666666666668,,,200826,21.0,2021/22,4,0.00017364930560018427,11.0001736493056
373,MID,Spurs,Oliver Skipp,1346,18,34,0,0,8,0,74.77777777777777,,,209042,137.0,2021/22,4,4.65810358750608,38.658103587506076
374,DEF,Spurs,Joe Rodon,87,3,3,0,0,0,0,29.0,,,214225,8.0,2021/22,4,0.003457102894494189,3.0034571028944943
375,MID,Spurs,Tanguy Ndombele,481,9,22,1,1,0,0,53.44444444444444,,,231372,39.0,2021/22,4,0.04809650195714686,22.048096501957147
376,GKP,Watford,Ben Foster,2340,26,81,0,1,4,9,90.0,,,9089,15.0,2021/22,19,0.0,81.0
377,DEF,Watford,Danny Rose,688,8,7,0,0,0,0,86.0,,,38290,44.0,2021/22,19,1.0870202127907949,8.087020212790796
378,MID,Watford,Dan Gosling,164,4,11,1,0,1,0,41.0,,,40387,19.0,2021/22,19,0.0443467346136631,11.044346734613663
379,DEF,Watford,Craig Cathcart,2394,31,50,0,1,3,1,77.2258064516129,,,41338,218.0,2021/22,19,13.534058955020267,63.53405895502027
380,FWD,Watford,Troy Deeney,23,2,2,0,0,0,0,20.0,,,41725,2.0,2021/22,19,1.6733099482019865e-06,2.0000016733099484
381,MID,Watford,Tom Cleverley,1611,28,48,0,2,2,0,57.535714285714285,,,43250,160.0,2021/22,19,1.2134059886402486,49.21340598864025
382,DEF,Watford,Francisco Femenía Far,2143,27,53,0,5,2,1,79.37037037037037,,,54484,131.0,2021/22,19,1.8261176297700998,54.8261176297701
384,DEF,Watford,Christian Kabasele,1190,16,21,0,0,1,0,74.375,,,85624,106.0,2021/22,19,5.400923387082049,26.40092338708205
386,MID,Crystal Palace,Will Hughes,1050,16,34,0,2,4,2,65.625,,,108413,137.0,2021/22,12,7.552998146929423,41.552998146929426
387,DEF,Watford,William Troost-Ekong,1388,17,18,0,0,0,0,81.6470588235294,,,131304,120.0,2021/22,19,7.539106307083417,25.539106307083415
389,GKP,Watford,Daniel Bachmann,1080,12,25,0,0,0,0,90.0,,,154506,9.0,2021/22,19,0.0,25.0
390,DEF,Watford,Adam Masina,1075,15,25,0,1,1,2,71.66666666666667,,,155651,88.0,2021/22,19,2.8444416902110925,27.84444169021109
391,MID,Watford,Ken Sema,844,18,26,0,0,2,0,46.888888888888886,,,157775,84.0,2021/22,19,0.17381404543919693,26.173814045439197
395,FWD,Watford,Ashley Fletcher,28,3,3,0,0,0,0,20.0,,,176296,5.0,2021/22,19,0.002173785031785962,3.002173785031786
396,DEF,Watford,Francisco Sierralta,427,5,5,0,0,0,0,85.4,,,208973,49.0,2021/22,19,6.529045098714701,11.5290450987147
399,MID,Watford,Ismaila Sarr,1862,22,81,5,2,2,9,84.63636363636364,,,232185,119.0,2021/22,19,0.6460656187741811,81.64606561877419
400,DEF,Watford,Jeremy Ngakia,896,16,28,0,0,2,2,56.0,,,232391,77.0,2021/22,19,1.0319584562197377,29.031958456219737
403,MID,Watford,Imrân Louza,1415,20,31,0,0,3,0,70.75,,,471471,238.0,2021/22,19,31.743506223722456,62.743506223722456
404,FWD,Watford,João Pedro Junqueira de Jesus,1634,28,60,3,1,2,4,58.357142857142854,,,475168,133.0,2021/22,19,0.4633837766619073,60.46338377666191
406,MID,West Ham,Mark Noble,325,11,19,1,0,1,1,29.545454545454547,,,18073,53.0,2021/22,7,0.13617605705327362,19.136176057053273
408,GKP,West Ham,Lukasz Fabianski,3330,37,136,0,0,8,9,90.0,,,37096,22.0,2021/22,7,0.0,136.0
409,DEF,West Ham,Angelo Ogbonna,921,11,40,1,0,3,6,83.72727272727273,,,40669,48.0,2021/22,7,0.3931032738330591,40.393103273833056
411,DEF,West Ham,Aaron Cresswell,2726,31,115,2,4,7,17,87.93548387096774,,,55459,145.0,2021/22,7,1.6902081223424779,116.69020812234248
412,MID,West Ham,Andriy Yarmolenko,303,19,25,1,0,1,0,20.0,,,56377,12.0,2021/22,7,2.801283738655733e-09,25.000000002801283
413,FWD,West Ham,Michail Antonio,2975,36,140,10,10,7,14,82.63888888888889,,,57531,131.0,2021/22,7,0.06584683131934586,140.06584683131933
414,DEF,West Ham,Craig Dawson,2752,34,90,2,3,6,1,80.94117647058823,,,60232,248.0,2021/22,7,17.227331645382076,107.22733164538208
415,DEF,West Ham,Ryan Fredericks,303,7,7,0,0,0,0,43.285714285714285,,,81012,12.0,2021/22,7,0.00022731309683326592,7.0002273130968335
416,MID,West Ham,Manuel Lanzini,1777,30,92,5,3,4,8,59.233333333333334,,,86934,181.0,2021/22,7,1.8844255157803822,93.88442551578038
417,DEF,West Ham,Arthur Masuaku,645,13,29,1,1,1,3,49.61538461538461,,,105717,56.0,2021/22,7,0.4286789694544151,29.428678969454417
418,DEF,West Ham,Vladimir Coufal,2207,28,70,0,4,6,3,78.82142857142857,,,164555,133.0,2021/22,7,1.6724977339153335,71.67249773391534
419,MID,West Ham,Saïd Benrahma,2162,32,138,8,6,9,15,67.5625,,,172841,173.0,2021/22,7,0.9361761245125747,138.93617612451257
420,MID,West Ham,Jarrod Bowen,2987,36,206,12,17,8,24,82.97222222222223,,,178186,218.0,2021/22,7,2.3176315191399577,208.31763151913995
421,MID,West Ham,Declan Rice,3178,36,95,1,4,8,7,88.27777777777777,,,204480,499.0,2021/22,7,78.95070582599816,173.95070582599817
422,MID,West Ham,Tomas Soucek,3061,35,114,5,1,6,14,87.45714285714286,,,215439,404.0,2021/22,7,51.15882496049897,165.15882496049898
423,MID,West Ham,Pablo Fornals,2795,36,117,6,4,8,5,77.63888888888889,,,217593,279.0,2021/22,7,10.272060076567572,127.27206007656757
424,DEF,West Ham,Issa Diop,961,13,30,0,1,2,2,73.92307692307692,,,219924,72.0,2021/22,7,1.8327351719173877,31.83273517191739
425,DEF,West Ham,Ben Johnson,1397,20,48,1,0,3,1,69.85,,,222018,112.0,2021/22,7,2.98802965884672,50.98802965884672
426,MID,Wolves,João Filipe Iria Santos Moutinho,2970,35,96,2,1,11,8,84.85714285714286,,,19624,402.0,2021/22,10,50.447993988723276,146.44799398872328
428,DEF,Wolves,Willy Boly,900,10,17,0,0,1,0,90.0,,,90585,80.0,2021/22,10,7.1599491698974775,24.159949169897477
429,DEF,Wolves,Conor Coady,3361,38,138,4,0,11,10,88.44736842105263,,,94147,238.0,2021/22,10,9.911337336800882,147.91133733680087
430,FWD,Wolves,Raúl Jiménez,2630,34,101,6,5,11,11,77.3529411764706,,,102057,161.0,2021/22,10,0.5492772290954337,101.54927722909544
431,DEF,Wolves,Romain Saïss,2706,31,109,2,0,11,6,87.29032258064517,,,107613,268.0,2021/22,10,28.66365569190039,137.6636556919004
432,DEF,Wolves,Fernando Marçal,1448,18,67,0,3,6,5,80.44444444444444,,,111291,113.0,2021/22,10,4.746780230093219,71.74678023009322
433,DEF,Wolves,Jonathan Castro Otto,1022,13,38,2,0,2,2,78.61538461538461,,,114128,49.0,2021/22,10,0.18040745718954204,38.180407457189546
434,MID,Wolves,Leander Dendoncker,1945,30,76,2,3,5,5,64.83333333333333,,,151589,202.0,2021/22,10,3.813952793052287,79.81395279305228
435,MID,Wolves,Adama Traoré,1069,20,44,1,1,5,0,53.45,,,159533,61.0,2021/22,10,0.0050121632676908634,44.00501216326769
436,MID,Wolves,Rúben Diogo da Silva Neves,2659,33,95,4,2,9,7,80.57575757575758,,,171317,403.0,2021/22,10,55.90716358835561,150.90716358835562
437,DEF,Wolves,Nélson Cabral Semedo,2131,25,94,0,1,9,9,85.24,,,200402,135.0,2021/22,10,3.079682208432565,97.07968220843256
438,MID,Wolves,Daniel Castelo Podence,1475,26,70,2,3,9,2,56.73076923076923,,,200600,108.0,2021/22,10,0.09821196864819709,70.0982119686482
439,DEF,Wolves,Max Kilman,2688,30,106,1,1,10,5,89.6,,,214048,222.0,2021/22,10,16.089665163620495,122.0896651636205
440,MID,Wolves,Morgan Gibbs-White,7,2,1,0,0,0,0,20.0,,,222531,2.0,2021/22,10,0.015167574858003106,1.0151675748580031
441,MID,Wolves,Pedro Lomba Neto,459,13,22,1,1,0,0,35.30769230769231,,,247632,32.0,2021/22,10,0.00042414675290896654,22.00042414675291
443,DEF,Wolves,Ki-Jana Hoever,306,8,14,0,0,1,0,38.25,,,441271,23.0,2021/22,10,0.01626274792427503,14.016262747924275
445,FWD,Wolves,Fabio Silva,562,22,30,0,1,0,0,25.545454545454547,,,449988,23.0,2021/22,10,1.345094569023413e-07,30.000000134509456
447,FWD,Brighton,Danny Welbeck,1469,25,89,6,4,5,13,58.76,,,50175,68.0,2021/22,9,0.0031911497656188347,89.00319114976561
448,GKP,Norwich,Angus Gunn,810,9,31,0,0,1,3,90.0,,,107265,13.0,2021/22,20,0.0,31.0
449,MID,Norwich,Milot Rashica,2228,31,70,1,2,4,0,71.87096774193549,,,212723,181.0,2021/22,20,1.5590575081878926,71.55905750818789
450,FWD,Watford,Emmanuel Dennis,2579,33,134,10,7,3,21,78.15151515151516,,,230251,205.0,2021/22,19,3.7550506332240836,137.75505063322407
451,DEF,Burnley,Nathan Collins,1670,19,55,2,0,5,1,87.89473684210526,,,432830,167.0,2021/22,18,18.476620655294685,73.47662065529468
452,GKP,Wolves,John Ruddy,135,2,3,0,0,0,0,67.5,,,19236,3.0,2021/22,10,0.0,3.0
453,MID,Man City,Fernando Luiz Rosa,956,19,45,2,1,3,2,50.31578947368421,,,27789,129.0,2021/22,1,2.541316992579234,47.54131699257923
455,FWD,Leicester,Patson Daka,1152,23,70,5,3,3,8,50.08695652173913,,,245419,54.0,2021/22,8,0.0007041821177421485,70.00070418211774
456,DEF,Norwich,Ben Gibson,2494,28,53,0,0,6,0,89.07142857142857,,,83312,217.0,2021/22,20,17.890474603526254,70.89047460352626
457,DEF,Norwich,Dimitris Giannoulis,1165,18,39,0,1,4,2,64.72222222222223,,,189627,94.0,2021/22,20,1.8474494638448757,40.847449463844875
458,MID,Leicester,Boubakary Soumaré,1095,19,36,0,1,2,1,57.63157894736842,,,225902,114.0,2021/22,8,1.1498906976859764,37.149890697685976
459,MID,Man Utd,Juan Mata,230,7,10,0,0,1,0,32.857142857142854,,,43670,30.0,2021/22,6,0.03418882010626948,10.03418882010627
460,DEF,Southampton,Romain Perraud,1621,20,38,0,1,3,1,81.05,,,244560,95.0,2021/22,15,1.1946412385109526,39.194641238510954
461,MID,Wolves,Francisco Machado Mota de Castro Trincão,1328,28,66,2,1,7,2,47.42857142857143,,,222564,114.0,2021/22,10,0.08953382688935,66.08953382688935
462,MID,Brighton,Enock Mwepu,990,18,58,2,5,3,5,55.0,,,423649,122.0,2021/22,9,2.382385476453843,60.38238547645384
463,DEF,Leeds,Héctor Junior Firpo Adames,1709,24,22,0,2,1,4,71.20833333333333,,,443967,122.0,2021/22,17,2.119479314186629,24.119479314186627
464,MID,Crystal Palace,Michael Olise,1127,26,73,2,6,4,8,43.34615384615385,,,443661,100.0,2021/22,12,0.05140103077204641,73.05140103077204
465,DEF,Newcastle,Federico Fernández,521,7,11,0,1,0,0,74.42857142857143,,,57145,44.0,2021/22,11,1.8569882073457478,12.856988207345747
466,DEF,Arsenal,Nuno Varela Tavares,1169,22,49,1,1,3,2,53.13636363636363,,,437626,65.0,2021/22,5,0.05476345228377929,49.05476345228378
467,MID,Watford,Oghenekaro Peter Etebo,396,9,10,0,0,0,0,44.0,,,227560,52.0,2021/22,19,0.42109053438581806,10.421090534385819
468,FWD,Watford,Joshua King,2244,32,87,5,4,3,5,70.125,,,78007,143.0,2021/22,19,0.32719099783309574,87.3271909978331
470,DEF,Wolves,Rayan Ait Nouri,1826,23,87,1,4,7,10,79.3913043478261,,,448514,118.0,2021/22,10,2.1390793021859706,89.13907930218598
471,MID,Norwich,Pierre Lees-Melou,2261,33,70,1,2,5,1,68.51515151515152,,,212325,295.0,2021/22,20,19.000816753007225,89.00081675300723
472,FWD,Watford,Juan Camilo Hernández Suárez,1138,25,62,5,2,1,8,45.52,,,244716,93.0,2021/22,19,0.05538176143947264,62.05538176143947
473,DEF,Leicester,Ryan Bertrand,337,4,4,0,0,0,0,84.25,,,40146,18.0,2021/22,8,0.17275028297681694,4.172750282976817
474,DEF,Crystal Palace,Joel Ward,2486,28,73,0,0,9,2,88.78571428571429,,,55494,182.0,2021/22,12,8.674656191695112,81.6746561916951
475,GKP,Wolves,José Malheiro de Sá,3285,37,146,0,1,11,11,88.78378378378379,,,149065,43.0,2021/22,10,0.0,146.0
477,DEF,Crystal Palace,Marc Guéhi,3222,36,123,2,1,11,8,89.5,,,209036,217.0,2021/22,12,7.8088560923782,130.8088560923782
478,MID,Arsenal,Albert Sambi Lokonga,1129,19,32,0,0,7,0,59.421052631578945,,,437742,125.0,2021/22,5,2.0919954399199177,34.09199543991992
479,MID,Brentford,Frank Onyeka,1040,20,35,0,2,3,0,52.0,,,428580,123.0,2021/22,13,1.427013246122679,36.42701324612268
480,GKP,Burnley,Wayne Hennessey,180,2,4,0,0,0,0,90.0,,,20066,2.0,2021/22,18,0.0,4.0
481,GKP,Everton,Asmir Begović,270,3,13,0,0,1,3,90.0,,,40349,6.0,2021/22,16,0.0,13.0
482,MID,Everton,Andros Townsend,1452,21,66,3,2,3,8,69.14285714285714,,,60252,131.0,2021/22,16,1.6451280981005847,67.64512809810059
483,DEF,Brentford,Kristoffer Ajer,1995,24,81,1,3,8,5,83.125,,,191866,137.0,2021/22,13,3.960191136915303,84.9601911369153
484,MID,Everton,Demarai Gray,2336,34,106,5,5,6,3,68.70588235294117,,,172632,160.0,2021/22,16,0.35052712856399737,106.350527128564
485,MID,Man Utd,Jadon Sancho,1894,29,91,3,4,6,9,65.3103448275862,,,209243,146.0,2021/22,6,0.5016902559083072,91.5016902559083
487,MID,Spurs,Bryan Gil Salvatierra,86,9,9,0,0,0,0,20.0,,,436234,15.0,2021/22,4,0.003634488675678806,9.00363448867568
488,DEF,Crystal Palace,Joachim Andersen,2914,34,124,0,4,12,14,85.70588235294117,,,174874,209.0,2021/22,12,8.111232994198984,132.11123299419899
489,GKP,West Ham,Alphonse Areola,90,1,2,0,0,0,0,90.0,,,84182,1.0,2021/22,7,0.0,2.0
490,GKP,Leeds,Kristoffer Klaesson,35,1,2,0,0,0,0,35.0,,,223081,1.0,2021/22,17,0.0,2.0
491,DEF,Southampton,Tino Livramento,2200,28,80,1,2,7,7,78.57142857142857,,,441191,157.0,2021/22,15,4.211192587834681,84.21119258783469
492,MID,Aston Villa,Leon Bailey,750,18,37,1,3,2,1,41.666666666666664,,,215711,59.0,2021/22,14,0.008714231486862015,37.00871423148686
493,DEF,Crystal Palace,Nathaniel Clyne,1351,16,59,0,1,6,4,84.4375,,,57328,68.0,2021/22,12,0.4847770015889195,59.48477700158892
494,DEF,Spurs,Cristian Romero,1844,22,63,1,0,5,10,83.81818181818181,,,221632,188.0,2021/22,4,19.618566537565133,82.61856653756513
495,MID,Watford,Juraj Kucka,1917,26,54,1,2,2,2,73.73076923076923,,,69143,297.0,2021/22,19,36.89537082456344,90.89537082456344
497,MID,Aston Villa,Jaden Philogene-Bidace,4,1,1,0,0,0,0,20.0,,,481624,0.0,2021/22,14,0.0,1.0
498,DEF,Brentford,Dominic Thompson,146,2,3,0,0,0,0,73.0,,,232247,8.0,2021/22,13,0.04109486916681376,3.041094869166814
499,MID,Brentford,Shandon Baptiste,898,22,35,1,0,2,2,40.81818181818182,,,432160,98.0,2021/22,13,0.146896648298357,35.14689664829836
501,DEF,Chelsea,Malang Sarr,544,8,30,0,0,4,4,68.0,,,204727,47.0,2021/22,3,1.52788283307486,31.52788283307486
502,DEF,Everton,Jonjoe Kenny,1015,15,21,0,1,1,0,67.66666666666667,,,153673,64.0,2021/22,16,0.46581585809577153,21.465815858095773
503,MID,Everton,Anthony Gordon,2277,35,100,4,3,7,9,65.05714285714286,,,232826,203.0,2021/22,16,1.6815334771427473,101.68153347714275
504,MID,Everton,Jean-Philippe Gbamin,65,3,3,0,0,0,0,21.666666666666668,,,160987,7.0,2021/22,16,5.788310186672809e-05,3.0000578831018667
505,MID,Leicester,Kiernan Dewsbury-Hall,2101,28,70,1,2,8,4,75.03571428571429,,,215413,246.0,2021/22,8,14.903886787883588,84.9038867878836
506,MID,Liverpool,Harvey Elliott,344,6,12,0,0,2,0,57.333333333333336,,,444884,41.0,2021/22,2,0.8345391342883456,12.834539134288345
507,MID,Man City,Cole Palmer,121,4,9,0,1,1,0,30.25,,,244851,6.0,2021/22,1,8.22230273876502e-07,9.000000822230273
510,DEF,Man Utd,José Diogo Dalot Teixeira,1797,24,54,0,0,5,5,74.875,,,216051,153.0,2021/22,6,6.8007125156218695,60.80071251562187
512,MID,Man Utd,Anthony Elanga,1208,21,59,2,3,4,2,57.523809523809526,,,449434,91.0,2021/22,6,0.11222517123334268,59.11222517123334
513,GKP,Newcastle,Freddie Woodman,360,4,9,0,0,0,0,90.0,,,155503,0.0,2021/22,11,0.0,9.0
515,DEF,Norwich,Bali Mumba,45,1,0,0,0,0,0,45.0,,,220686,6.0,2021/22,20,0.212047683798754,0.212047683798754
516,FWD,Norwich,Joshua Sargent,1566,26,60,2,2,4,3,60.23076923076923,,,215476,126.0,2021/22,20,0.5023635580646071,60.50236355806461
517,MID,Southampton,Mohamed Elyounoussi,2039,30,90,4,3,8,6,67.96666666666667,,,96787,158.0,2021/22,15,0.7255646872501055,90.7255646872501
518,FWD,Southampton,Armando Broja,1969,32,92,6,2,5,11,61.53125,,,440323,108.0,2021/22,15,0.030082478897320106,92.03008247889731
519,FWD,Southampton,Shane Long,300,13,19,1,0,0,0,23.076923076923077,,,20452,19.0,2021/22,15,3.0252960047141953e-06,19.000003025296003
520,FWD,Spurs,Dane Scarlett,3,1,1,0,0,0,0,20.0,,,490145,0.0,2021/22,4,0.0,1.0
524,MID,Brentford,Yoane Wissa,1268,30,92,7,2,3,6,42.266666666666666,,,216646,88.0,2021/22,13,0.005232467077750003,92.00523246707775
525,FWD,Southampton,Adam Armstrong,1409,23,57,2,3,4,3,61.26086956521739,,,155511,56.0,2021/22,15,0.001006662507810953,57.00100666250781
526,MID,Aston Villa,Carney Chukwuemeka,291,12,16,0,1,0,0,24.25,,,478912,27.0,2021/22,14,0.00016143823303256899,16.000161438233032
527,DEF,Chelsea,Trevoh Chalobah,1447,20,99,3,1,9,11,72.35,,,180736,107.0,2021/22,3,2.3430021730465596,101.34300217304656
528,MID,Norwich,Christos Tzolis,326,14,16,0,0,0,0,23.285714285714285,,,439509,20.0,2021/22,20,1.7107002233455378e-06,16.000001710700225
529,FWD,Chelsea,Romelu Lukaku,1583,26,87,8,1,7,12,60.88461538461539,,,66749,56.0,2021/22,3,0.0003374283520557401,87.00033742835205
530,FWD,Arsenal,Folarin Balogun,69,2,2,0,0,0,0,34.5,,,232223,4.0,2021/22,5,1.227162013901075e-05,2.000012271620139
531,MID,Arsenal,Reiss Nelson,19,1,1,0,0,0,0,20.0,,,200641,3.0,2021/22,5,0.00032773819268814056,1.000327738192688
537,MID,Brighton,Taylor Richards,23,2,2,0,0,0,0,20.0,,,209045,4.0,2021/22,9,0.0009473329728730206,2.000947332972873
538,MID,Brighton,Moisés Caicedo,660,8,27,1,1,4,1,82.5,,,486672,93.0,2021/22,9,11.926229785370053,38.926229785370055
539,DEF,Chelsea,Emerson Palmieri dos Santos,4,1,1,0,0,0,0,20.0,,,109533,0.0,2021/22,3,0.0,1.0
541,MID,Crystal Palace,Jesurun Rak-Sakyi,79,2,4,0,0,1,0,39.5,,,450542,7.0,2021/22,12,0.001740991797929346,4.001740991797929
544,DEF,Everton,Jarrad Branthwaite,387,6,7,1,0,0,1,64.5,,,480455,27.0,2021/22,16,0.25912542446522374,7.259125424465224
546,DEF,Southampton,Yan Valery,369,5,9,0,0,1,0,73.8,,,213482,33.0,2021/22,15,1.6595259462032248,10.659525946203225
547,MID,Wolves,Luke Cundle,179,4,7,0,0,1,0,44.75,,,245923,18.0,2021/22,10,0.02896851674190943,7.02896851674191
548,MID,Wolves,Chem Campbell,12,1,1,0,0,0,0,20.0,,,461026,1.0,2021/22,10,3.7497078622578714e-07,1.0000003749707862
550,FWD,Leeds,Sam Greenwood,231,7,15,0,2,0,0,33.0,,,248937,25.0,2021/22,17,0.010868925158929812,15.01086892515893
551,MID,Leeds,Crysencio Summerville,126,6,6,0,0,0,0,21.0,,,450070,18.0,2021/22,17,0.0012901752395539736,6.0012901752395535
552,MID,Leeds,Adam Forshaw,1526,22,38,0,1,2,0,69.36363636363636,,,80179,204.0,2021/22,17,14.85885827775147,52.858858277751466
555,DEF,Man Utd,Raphaël Varane,1829,22,75,1,1,5,9,83.13636363636364,,,90152,133.0,2021/22,6,4.840957068964442,79.84095706896444
556,GKP,Brentford,Álvaro Fernández,1080,12,31,0,0,1,2,90.0,,,240796,9.0,2021/22,13,0.0,31.0
557,MID,Watford,Ozan Tufan,334,7,10,0,0,0,0,47.714285714285715,,,130036,21.0,2021/22,19,0.0015052044461463026,10.001505204446147
558,MID,Arsenal,Martin Ødegaard,2782,36,131,7,4,11,9,77.27777777777777,,,184029,233.0,2021/22,5,3.5755177333290056,134.575517733329
559,GKP,Arsenal,Aaron Ramsdale,3060,34,135,0,0,12,14,90.0,,,225321,40.0,2021/22,5,0.0,135.0
562,DEF,Leeds,Cody Drameh,126,3,0,0,0,0,0,42.0,,,433590,8.0,2021/22,17,0.003457102894494189,0.003457102894494189
563,DEF,Leeds,Charlie Cresswell,140,5,4,0,0,0,0,28.0,,,492373,14.0,2021/22,17,0.008339086968176031,4.008339086968176
564,FWD,Everton,Moise Kean,1,1,1,0,0,0,0,20.0,,,242058,1.0,2021/22,16,0.22001018205745565,1.2200101820574556
567,DEF,Southampton,Lyanco Evangelista Silveira Neves Vojnovic,906,15,19,0,0,1,1,60.4,,,212721,92.0,2021/22,15,3.540168261702795,22.540168261702796
568,FWD,Aston Villa,Cameron Archer,24,3,3,0,0,0,0,20.0,,,433979,1.0,2021/22,14,5.864727816352569e-10,3.0000000005864726
569,DEF,Brentford,Finley Stevens,14,1,1,0,0,0,0,20.0,,,450550,3.0,2021/22,13,0.0223548319637471,1.0223548319637472
575,MID,Burnley,Aaron Lennon,1541,28,60,2,1,4,1,55.035714285714285,,,17349,127.0,2021/22,18,0.2159602706959209,60.21596027069592
576,MID,Leeds,Liam McCarron,9,1,1,0,0,0,0,20.0,,,464618,1.0,2021/22,17,5.349053944776736e-06,1.0000053490539447
577,FWD,Leeds,Joe Gelhardt,733,20,43,2,4,1,3,36.65,,,462635,37.0,2021/22,17,5.521078113956565e-05,43.00005521078114
578,MID,Burnley,Maxwel Cornet,1764,26,104,9,2,5,9,67.84615384615384,,,149519,123.0,2021/22,18,0.2793015753866199,104.27930157538663
579,FWD,Man Utd,Cristiano Ronaldo dos Santos Aveiro,2454,30,159,18,3,8,29,81.8,,,14937,91.0,2021/22,6,0.010668140592636599,159.01066814059263
580,DEF,Norwich,Ozan Kabak,923,11,18,0,0,2,0,83.9090909090909,,,438277,62.0,2021/22,20,1.6998141980650996,19.6998141980651
581,MID,Norwich,Mathias Normann,1643,23,52,1,2,4,3,71.43478260869566,,,179276,207.0,2021/22,20,13.647596081098085,65.64759608109809
582,MID,West Ham,Nikola Vlasic,549,19,30,1,0,1,0,28.894736842105264,,,180151,44.0,2021/22,7,0.0003402371363522213,30.000340237136353
583,FWD,Wolves,Hee-Chan Hwang,1811,30,81,5,1,7,11,60.36666666666667,,,184754,139.0,2021/22,10,0.4087563198370198,81.40875631983702
584,DEF,Brighton,Marc Cucurella,3089,35,126,1,1,11,21,88.25714285714285,,,179268,202.0,2021/22,9,6.109612142413073,132.10961214241308
585,DEF,Burnley,Connor Roberts,1689,21,69,1,1,6,6,80.42857142857143,,,192290,99.0,2021/22,18,1.1996424634326868,70.19964246343268
586,FWD,Crystal Palace,Odsonne Edouard,1554,28,87,6,4,9,9,55.5,,,199670,101.0,2021/22,12,0.04743908353656758,87.04743908353657
587,MID,Leicester,Ademola Lookman,1446,26,76,6,0,2,6,55.61538461538461,,,219352,147.0,2021/22,8,1.0460577301979421,77.04605773019794
588,DEF,Spurs,Emerson Aparecido Leite de Souza Junior,2282,31,102,1,1,10,8,73.61290322580645,,,241157,174.0,2021/22,4,4.6874457324788725,106.68744573247888
589,MID,West Ham,Alex Kral,1,1,1,0,0,0,0,20.0,,,195728,1.0,2021/22,7,0.14738783602661726,1.1473878360266172
590,DEF,Arsenal,Takehiro Tomiyasu,1680,21,75,0,1,9,5,80.0,,,223723,117.0,2021/22,5,3.0544842130213614,78.05448421302137
591,FWD,Everton,Salomón Rondón,779,20,30,1,1,2,2,38.95,,,57134,36.0,2021/22,16,4.159623029966587e-05,30.0000415962303
592,MID,Chelsea,Saúl Ñíguez,478,10,16,0,1,1,0,47.8,,,89335,57.0,2021/22,3,0.4258663067352839,16.425866306735283
594,DEF,Brentford,Mathias Jorgensen,516,8,18,1,0,1,0,64.5,,,48760,34.0,2021/22,13,0.242388500794462,18.242388500794462
595,FWD,Brighton,Jürgen Locadia,22,1,1,0,0,0,0,22.0,,,106757,0.0,2021/22,9,0.0,1.0
601,MID,Leeds,Stuart McKinstry,3,1,1,0,0,0,0,20.0,,,473342,1.0,2021/22,17,0.017935306859569896,1.0179353068595698
602,FWD,Everton,Ellis Simms,61,1,2,0,0,1,0,61.0,,,218997,3.0,2021/22,16,0.0003209804564978138,2.0003209804564976
607,FWD,Everton,Lewis Dobbin,30,3,2,0,0,0,0,20.0,,,461421,6.0,2021/22,16,0.006172808697766735,2.006172808697767
608,DEF,Leeds,Leo Fuhr Hjelde,148,2,2,0,0,0,0,74.0,,,477547,19.0,2021/22,17,2.4163687122752466,4.416368712275247
612,MID,Brighton,Jeremy Sarmiento,44,5,5,0,0,0,0,20.0,,,441192,4.0,2021/22,9,3.4012209824331127e-06,5.000003401220982
617,DEF,West Ham,Harrison Ashby,6,1,1,0,0,0,0,20.0,,,441024,2.0,2021/22,7,0.10412745854961665,1.1041274585496166
618,DEF,Watford,Nicolas Nkoulou,167,3,5,0,0,0,0,55.666666666666664,,,52775,12.0,2021/22,19,0.061642303750220645,5.0616423037502205
620,MID,Liverpool,Tyler Morton,65,2,1,0,0,0,0,32.5,,,440148,8.0,2021/22,2,0.005513665520156256,1.0055136655201562
622,FWD,Everton,Cenk Tosun,5,1,1,0,0,0,0,20.0,,,66838,1.0,2021/22,16,0.0010288014496277892,1.0010288014496278
624,MID,Leeds,Lewis Bate,145,3,3,0,0,0,0,48.333333333333336,,,450529,11.0,2021/22,17,0.003927778850036098,3.003927778850036
625,MID,Liverpool,Kaide Gordon,8,1,1,0,0,0,0,20.0,,,496185,1.0,2021/22,2,1.5179518653108876e-05,1.0000151795186532
629,MID,Man City,James McAtee,18,2,2,0,0,0,0,20.0,,,432714,1.0,2021/22,1,7.208826679109266e-09,2.000000007208827
630,MID,Everton,Tyler Onyango,27,3,3,0,0,0,0,20.0,,,461446,1.0,2021/22,16,1.1709570610681198e-10,3.0000000001170957
632,DEF,Man Utd,Phil Jones,161,4,4,0,0,0,0,40.25,,,76359,20.0,2021/22,6,0.3216750614788531,4.321675061478853
634,MID,West Ham,Sonny Perkins,3,1,1,0,0,0,0,20.0,,,496228,0.0,2021/22,7,0.0,1.0
638,MID,Aston Villa,Tim Iroegbunam,90,3,4,0,0,1,0,30.0,,,490094,17.0,2021/22,14,0.12262974610779101,4.122629746107791
640,FWD,Brentford,Nathan Young-Coombes,3,1,1,0,0,0,0,20.0,,,460029,0.0,2021/22,13,0.0,1.0
641,GKP,Southampton,Willy Caballero,180,2,2,0,0,0,0,90.0,,,20310,3.0,2021/22,15,0.0,2.0
646,MID,Leicester,Lewis Brunt,23,1,1,0,0,0,0,23.0,,,232620,2.0,2021/22,8,4.110463252007837e-06,1.000004110463252
647,MID,Leicester,Kasey McAteer,2,1,1,0,0,0,0,20.0,,,461587,1.0,2021/22,8,0.09133641077780084,1.0913364107778007
648,MID,Norwich,Jonathan Rowe,208,13,16,0,1,0,0,20.0,,,483365,20.0,2021/22,20,2.864103503946758e-05,16.00002864103504
651,DEF,Man City,Conrad Egan-Riley,3,1,1,0,0,0,0,20.0,,,432711,1.0,2021/22,1,0.052063729274808325,1.0520637292748083
655,FWD,Brighton,Evan Ferguson,22,1,1,0,0,0,0,22.0,,,487117,1.0,2021/22,9,3.73922696316035e-09,1.000000003739227
663,FWD,Man City,Kayky da Silva Chagas,6,1,1,0,0,0,0,20.0,,,478028,0.0,2021/22,1,0.0,1.0
673,GKP,Brentford,Jonas Lössl,180,2,2,0,0,0,0,90.0,,,57513,1.0,2021/22,13,0.0,2.0
675,DEF,Everton,Vitalii Mykolenko,1054,13,42,1,1,3,3,81.07692307692308,,,224967,70.0,2021/22,16,1.577003968003477,43.577003968003474
676,DEF,Watford,Hassane Kamara,1622,19,38,1,0,3,3,85.36842105263158,,,171099,186.0,2021/22,19,24.745962035670168,62.74596203567017
677,DEF,Watford,Samir Caetano de Souza Santos,1674,19,36,0,0,4,0,88.10526315789474,,,162651,159.0,2021/22,19,15.84267819429473,51.842678194294734
678,DEF,Newcastle,Kieran Trippier,429,6,28,2,0,1,3,71.5,,,77794,40.0,2021/22,11,2.082549170992333,30.082549170992333
679,MID,Watford,Edo Kayembe,795,13,24,0,0,2,1,61.15384615384615,,,442335,121.0,2021/22,19,8.921128922427048,32.921128922427044
681,MID,Aston Villa,Philippe Coutinho Correia,1327,19,83,5,3,7,7,69.84210526315789,,,84583,82.0,2021/22,14,0.09824215244019392,83.09824215244019
685,DEF,Wolves,Toti António Gomes,360,4,6,0,0,0,0,90.0,,,510362,36.0,2021/22,10,4.169920805826777,10.169920805826777
689,MID,Wolves,Francisco Jorge Tomás Oliveira,203,8,20,0,3,0,2,25.375,,,510363,29.0,2021/22,10,0.009480720635882438,20.00948072063588
690,DEF,Chelsea,Robert Kenedy Nunes do Nascimento,58,1,4,0,1,0,0,58.0,,,167767,5.0,2021/22,3,0.08041876536971328,4.080418765369713
691,GKP,Aston Villa,Robin Olsen,90,1,1,0,0,0,0,90.0,,,111782,1.0,2021/22,14,0.0,1.0
696,MID,Liverpool,Luis Díaz,957,13,64,4,3,6,6,73.61538461538461,,,244731,69.0,2021/22,2,0.33277754621898026,64.33277754621898
697,MID,Newcastle,Bruno Guimarães Rodriguez Moura,1031,17,67,5,1,4,11,60.64705882352941,,,208706,152.0,2021/22,11,9.797036482235123,76.79703648223513
698,MID,Watford,Samuel Kalu,221,4,7,0,0,1,0,55.25,,,225702,16.0,2021/22,19,0.011027331040312512,7.011027331040313
699,MID,Brentford,Christian Eriksen,938,11,43,1,4,4,2,85.27272727272727,,,80607,104.0,2021/22,13,8.05750544730072,51.05750544730072
700,FWD,Burnley,Wout Weghorst,1448,20,55,2,3,6,6,72.4,,,120202,106.0,2021/22,18,0.756174744073532,55.75617474407353
701,MID,Spurs,Dejan Kulusevski,1259,18,99,5,9,9,8,69.94444444444444,,,445044,109.0,2021/22,4,1.1588157595699788,100.15881575956998
702,MID,Spurs,Rodrigo Bentancur,1360,17,52,0,4,9,4,80.0,,,202993,185.0,2021/22,4,20.825470892032122,72.82547089203211
704,FWD,Man City,Liam Delap,8,1,1,0,0,0,0,20.0,,,463034,0.0,2021/22,1,0.0,1.0
706,MID,Man Utd,Hannibal Mejbri,67,2,1,0,0,0,0,33.5,,,465527,3.0,2021/22,6,4.11115136938251e-07,1.000000411115137
710,MID,West Ham,Daniel Chesters,1,1,1,0,0,0,0,20.0,,,440120,0.0,2021/22,7,0.0,1.0
716,MID,Norwich,Tony Springett,140,3,3,0,0,0,0,46.666666666666664,,,446281,9.0,2021/22,20,0.0006450876197769868,3.0006450876197768
718,MID,Everton,Isaac Price,13,1,1,0,0,0,0,20.0,,,491559,0.0,2021/22,16,0.0,1.0
723,MID,Man Utd,Alejandro Garnacho Ferreyra,12,2,2,0,0,0,0,20.0,,,493105,0.0,2021/22,6,0.0,2.0
727,MID,Man Utd,Shola Shoretire,15,1,1,0,0,0,0,20.0,,,472464,1.0,2021/22,6,4.3693252063003575e-08,1.0000000436932521
1,DEF,Fulham,Cédric Alves Soares,223,8,10,0,0,0,0,27.875,,,58822,16.0,2022/23,10,0.0009398796160202242,10.00093987961602
2,GKP,Fulham,Bernd Leno,3240,36,142,0,0,8,17,90.0,,,80201,26.0,2022/23,10,0.0,142.0
3,MID,Arsenal,Granit Xhaka,2992,37,153,7,8,13,15,80.86486486486487,,,84450,252.0,2022/23,2,5.044269266734375,158.04426926673437
4,MID,Arsenal,Mohamed Elneny,111,5,6,0,0,0,0,22.2,,,153256,11.0,2022/23,2,5.375788154925804e-05,6.000053757881549
5,DEF,Arsenal,Rob Holding,562,14,21,1,0,0,0,40.142857142857146,,,156074,42.0,2022/23,2,0.03899861897569024,21.03899861897569
6,MID,Arsenal,Thomas Partey,2480,33,86,3,0,11,6,75.15151515151516,,,167199,367.0,2022/23,2,43.25970033721552,129.25970033721552
7,MID,Arsenal,Martin Ødegaard,3132,37,212,15,8,13,30,84.64864864864865,,,184029,237.0,2022/23,2,3.4396824093795018,215.43968240937951
8,DEF,Arsenal,Kieran Tierney,774,27,37,0,1,1,0,28.666666666666668,,,192895,53.0,2022/23,2,0.0027198189040505013,37.00271981890405
10,DEF,Arsenal,Benjamin White,3054,38,156,2,5,15,12,80.36842105263158,,,198869,168.0,2022/23,2,1.4723697288209237,157.47236972882092
11,FWD,Arsenal,Eddie Nketiah,1071,30,63,4,2,2,5,35.7,,,205533,51.0,2022/23,2,3.4428971994386254e-05,63.00003442897199
12,MID,Arsenal,Emile Smith Rowe,161,12,18,0,2,0,0,20.0,,,209289,10.0,2022/23,2,2.1805946679989358e-07,18.000000218059466
13,MID,Arsenal,Bukayo Saka,3183,38,202,14,12,12,19,83.76315789473684,,,223340,218.0,2022/23,2,1.692495450883958,203.69249545088397
14,DEF,Arsenal,Takehiro Tomiyasu,651,21,32,0,1,2,0,31.0,,,223723,55.0,2022/23,2,0.021081881397577638,32.02108188139758
15,GKP,Arsenal,Aaron Ramsdale,3420,38,143,0,0,14,9,90.0,,,225321,35.0,2022/23,2,0.0,143.0
16,DEF,Arsenal,Gabriel dos Santos Magalhães,3409,38,146,3,0,14,15,89.71052631578948,,,226597,226.0,2022/23,2,7.7145254949143105,153.7145254949143
18,MID,Crystal Palace,Albert Sambi Lokonga,728,15,23,0,0,2,0,48.53333333333333,,,437742,88.0,2022/23,11,0.7794686978596732,23.779468697859674
19,MID,Arsenal,Gabriel Martinelli Silva,2789,36,198,15,9,14,18,77.47222222222223,,,444145,154.0,2022/23,2,0.17318611187642158,198.17318611187642
21,MID,Southampton,Ainsley Maitland-Niles,1400,22,38,0,1,3,0,63.63636363636363,,,154043,204.0,2022/23,20,14.85885827775147,52.858858277751466
23,MID,Arsenal,Reiss Nelson,202,11,42,3,3,1,5,20.0,,,200641,24.0,2022/23,2,0.00023321947692280678,42.000233219476925
25,MID,Arsenal,Fábio Ferreira Vieira,500,22,40,1,2,2,2,22.727272727272727,,,438098,46.0,2022/23,2,0.0001419034034902421,40.00014190340349
26,DEF,Arsenal,William Saliba,2415,27,117,2,1,12,14,89.44444444444444,,,462424,145.0,2022/23,2,3.2287986308795333,120.22879863087954
27,MID,Arsenal,Marcus Oliveira Alencar,1,1,1,0,0,0,0,20.0,,,479683,0.0,2022/23,2,0.0,1.0
28,FWD,Arsenal,Gabriel Fernando de Jesus,2064,26,125,11,7,9,17,79.38461538461539,,,205651,139.0,2022/23,2,1.0471368090023463,126.04713680900235
29,MID,Aston Villa,Philippe Coutinho Correia,777,20,32,1,0,3,1,38.85,,,84583,66.0,2022/23,7,0.010291703842299927,32.0102917038423
30,FWD,West Ham,Danny Ings,1579,35,97,8,2,5,13,45.114285714285714,,,84939,87.0,2022/23,14,0.0018750706970385865,97.00187507069704
31,GKP,Aston Villa,Emiliano Martínez Romero,3139,36,135,0,0,11,15,87.19444444444444,,,98980,30.0,2022/23,7,0.0,135.0
32,DEF,Aston Villa,Calum Chambers,345,14,13,0,0,0,0,24.642857142857142,,,101184,30.0,2022/23,7,0.002886384662970766,13.00288638466297
33,DEF,Aston Villa,Lucas Digne,1492,28,50,1,0,3,4,53.285714285714285,,,101188,92.0,2022/23,7,0.1505472736003666,50.15054727360037
34,MID,Aston Villa,Bertrand Traoré,226,8,20,2,0,1,1,28.25,,,110504,11.0,2022/23,7,6.489950966004075e-07,20.000000648995098
35,GKP,Aston Villa,Robin Olsen,280,4,10,0,0,1,1,70.0,,,111782,2.0,2022/23,7,0.0,10.0
36,MID,Aston Villa,Morgan Sanson,10,2,2,0,0,0,0,20.0,,,122775,3.0,2022/23,7,0.03026028151805201,2.030260281518052
37,MID,Aston Villa,John McGinn,2692,34,90,1,5,10,3,79.17647058823529,,,122806,285.0,2022/23,7,14.489307391832307,104.48930739183231
39,DEF,Aston Villa,Tyrone Mings,3150,35,130,1,3,12,17,90.0,,,149484,248.0,2022/23,7,15.767746296584463,145.76774629658445
40,FWD,Aston Villa,Ollie Watkins,3129,37,175,15,8,13,25,84.56756756756756,,,178301,131.0,2022/23,7,0.053223613140446616,175.05322361314046
42,MID,Aston Villa,Emiliano Buendía Stati,2404,38,117,5,3,11,8,63.26315789473684,,,195546,224.0,2022/23,7,2.0400459756675104,119.04004597566751
43,DEF,Aston Villa,Matty Cash,1817,26,57,0,2,4,3,69.88461538461539,,,199796,123.0,2022/23,7,1.5162752350716475,58.516275235071646
44,DEF,Aston Villa,Ezri Konsa Ngoyo,3322,38,110,0,0,12,6,87.42105263157895,,,199798,205.0,2022/23,7,4.656603443872229,114.65660344387223
45,MID,Aston Villa,Leon Bailey,1964,33,100,4,5,8,6,59.515151515151516,,,215711,103.0,2022/23,7,0.010228795753767853,100.01022879575376
46,MID,Aston Villa,Douglas Luiz Soares de Paulo,2922,37,142,6,7,13,17,78.97297297297297,,,230046,337.0,2022/23,7,23.137636989173185,165.1376369891732
47,MID,Aston Villa,Jacob Ramsey,2634,35,135,6,8,11,13,75.25714285714285,,,232653,270.0,2022/23,7,9.742434710789965,144.74243471078995
48,MID,Chelsea,Carney Chukwuemeka,342,14,18,0,0,1,0,24.428571428571427,,,478912,42.0,2022/23,12,0.0030104088922926053,18.003010408892294
50,DEF,Aston Villa,Diego Carlos Santos Silva,205,3,4,0,0,0,0,68.33333333333333,,,165659,6.0,2022/23,7,0.0003524548560075841,4.000352454856007
53,MID,Aston Villa,Boubacar Kamara,1773,24,44,0,1,3,0,73.875,,,226944,238.0,2022/23,7,21.23848421348734,65.23848421348734
54,FWD,Aston Villa,Cameron Archer,43,6,6,0,0,0,0,20.0,,,433979,2.0,2022/23,7,3.5985765677627486e-09,6.0000000035985765
57,DEF,Bournemouth,Adam Smith,2940,37,74,0,1,7,5,79.45945945945945,,,54469,155.0,2022/23,15,1.0233436339417392,75.02334363394174
58,MID,Bournemouth,Junior Stanislas,58,4,4,0,0,0,0,20.0,,,56872,2.0,2022/23,15,1.1183807255797053e-10,4.000000000111838
59,DEF,Bournemouth,Ryan Fredericks,527,12,12,0,0,0,0,43.916666666666664,,,81012,32.0,2022/23,15,0.013828411577976756,12.013828411577977
60,MID,Bournemouth,David Brooks,170,6,5,0,0,0,0,28.333333333333332,,,111317,11.0,2022/23,15,1.0106636586792682e-05,5.000010106636587
61,MID,Bournemouth,Jamal Lowe,11,2,2,0,0,0,0,20.0,,,128309,0.0,2022/23,15,0.0,2.0
62,FWD,Bournemouth,Kieffer Moore,1269,27,57,4,0,3,3,47.0,,,128340,71.0,2022/23,15,0.0024939251891662826,57.002493925189164
63,MID,Bournemouth,Emiliano Marcondes,8,1,1,0,0,0,0,20.0,,,133845,2.0,2022/23,15,0.006570272581174952,1.006570272581175
64,MID,Bournemouth,Jefferson Lerma Solís,3252,37,101,5,0,7,5,87.89189189189189,,,152551,458.0,2022/23,15,64.74455174765873,165.74455174765873
65,DEF,Bournemouth,Jack Stacey,293,10,6,0,0,0,0,29.3,,,154131,23.0,2022/23,15,0.0036369573659043417,6.003636957365904
66,FWD,Bournemouth,Dominic Solanke,2865,33,130,6,10,8,14,86.81818181818181,,,154566,158.0,2022/23,15,0.5808176247476929,130.58081762474768
67,MID,Bournemouth,Lewis Cook,1712,28,51,0,2,3,1,61.142857142857146,,,155408,228.0,2022/23,15,10.332773557485343,61.33277355748534
68,MID,Bournemouth,Ben Pearson,282,7,9,0,0,1,0,40.285714285714285,,,156687,32.0,2022/23,15,0.057457289474456504,9.057457289474456
69,MID,Bournemouth,Ryan Christie,1825,32,64,1,2,3,2,57.03125,,,158499,211.0,2022/23,15,3.573236734507608,67.5732367345076
70,MID,Bournemouth,Philip Billing,2766,36,126,7,2,9,14,76.83333333333333,,,168991,298.0,2022/23,15,14.423549262212598,140.4235492622126
71,DEF,Bournemouth,Chris Mepham,2197,26,43,0,0,5,6,84.5,,,223911,248.0,2022/23,15,31.740925542994354,74.74092554299435
72,GKP,Bournemouth,Mark Travers,1035,12,28,0,0,2,1,86.25,,,229600,11.0,2022/23,15,0.0,28.0
73,DEF,Bournemouth,Lloyd Kelly,2040,23,60,0,2,5,5,88.69565217391305,,,235530,174.0,2022/23,15,13.43019888087369,73.43019888087369
74,MID,Bournemouth,Siriki Dembélé,104,6,6,0,0,0,0,20.0,,,244085,14.0,2022/23,15,0.0004032798285319233,6.000403279828532
75,MID,Bournemouth,Jaidon Anthony,1241,30,61,3,1,2,4,41.36666666666667,,,444180,138.0,2022/23,15,0.25868281603265425,61.25868281603265
76,DEF,Bournemouth,Jordan Zemura,1452,19,47,0,1,5,1,76.42105263157895,,,447932,90.0,2022/23,15,1.116479869025339,48.11647986902534
78,DEF,Brentford,Pontus Jansson,722,12,29,1,0,2,0,60.166666666666664,,,61810,61.0,2022/23,9,1.0597396570933144,30.059739657093314
79,MID,Brentford,Christian Nørgaard,1763,22,71,1,6,6,6,80.13636363636364,,,128295,300.0,2022/23,9,46.92417806775795,117.92417806775795
80,FWD,Brentford,Ivan Toney,2953,33,182,20,4,10,35,89.48484848484848,,,144485,184.0,2022/23,9,1.7969227018828378,183.79692270188283
81,GKP,Brentford,David Raya Martin,3420,38,166,0,0,12,20,90.0,,,154561,21.0,2022/23,9,0.0,166.0
82,DEF,Brentford,Sergi Canós Tenés,73,5,5,0,0,0,0,20.0,,,174932,2.0,2022/23,9,3.772002655679468e-09,5.000000003772002
83,MID,Brentford,Josh Dasilva,1371,36,81,4,2,5,3,38.083333333333336,,,183656,101.0,2022/23,9,0.004130889603071385,81.00413088960308
84,DEF,Brentford,Kristoffer Ajer,763,9,29,0,0,4,0,84.77777777777777,,,191866,40.0,2022/23,9,0.360228110287181,29.36022811028718
85,DEF,Brentford,Rico Henry,3240,37,112,0,3,11,4,87.56756756756756,,,194010,164.0,2022/23,9,1.456498655311231,113.45649865531124
86,MID,Brentford,Vitaly Janelt,2201,35,85,3,1,8,5,62.885714285714286,,,204580,274.0,2022/23,9,10.537135249978094,95.53713524997809
87,MID,Brentford,Saman Ghoddos,124,15,15,0,0,0,0,20.0,,,205836,33.0,2022/23,9,0.16198488448519716,15.161984884485197
88,MID,Brentford,Mathias Jensen,2805,37,132,5,7,10,11,75.8108108108108,,,207283,306.0,2022/23,9,14.757684688527318,146.75768468852732
89,MID,Brentford,Yoane Wissa,1587,38,111,7,4,7,6,41.76315789473684,,,216646,106.0,2022/23,9,0.004129480485584228,111.00412948048559
90,DEF,Brentford,Mads Roerslev Rasmussen,1101,20,48,0,0,5,0,55.05,,,226956,68.0,2022/23,9,0.13688108034126029,48.13688108034126
91,DEF,Brentford,Mads Bech Sørensen,18,4,4,0,0,0,0,20.0,,,228044,2.0,2022/23,9,0.00024869940594029056,4.00024869940594
92,DEF,Brentford,Ethan Pinnock,2700,30,112,3,0,10,6,90.0,,,231065,332.0,2022/23,9,50.53428944807767,162.5342894480777
93,MID,Brentford,Frank Onyeka,837,21,38,0,3,3,0,39.857142857142854,,,428580,98.0,2022/23,9,0.2027830530123964,38.202783053012396
94,MID,Brentford,Shandon Baptiste,600,23,29,0,2,1,0,26.08695652173913,,,432160,79.0,2022/23,9,0.016943386295949048,29.01694338629595
95,FWD,Brentford,Bryan Mbeumo,2905,38,150,9,9,10,19,76.44736842105263,,,446008,192.0,2022/23,9,1.0082204999309015,151.0082204999309
101,MID,Brighton,Adam Lallana,717,16,47,2,1,5,4,44.8125,,,39155,37.0,2022/23,6,0.0002825137417930844,47.000282513741794
102,GKP,Brighton,Jason Steele,1350,15,65,0,1,6,8,90.0,,,49262,9.0,2022/23,6,0.0,65.0
103,FWD,Brighton,Danny Welbeck,1844,31,91,6,5,6,5,59.483870967741936,,,50175,79.0,2022/23,6,0.0021152421902186783,91.00211524219021
104,MID,Brighton,Pascal Groß,3240,37,159,9,8,11,14,87.56756756756756,,,60307,240.0,2022/23,6,3.7264885828447323,162.72648858284472
105,DEF,Fulham,Shane Duffy,17,5,4,0,0,0,0,20.0,,,61933,0.0,2022/23,10,0.0,4.0
106,DEF,Brighton,Lewis Dunk,3240,36,112,1,1,12,7,90.0,,,83299,172.0,2022/23,6,2.2254324023371566,114.22543240233716
107,MID,Brighton,Solly March,2719,33,147,6,10,10,16,82.39393939393939,,,109345,234.0,2022/23,6,5.721900633262503,152.7219006332625
108,DEF,Brighton,Adam Webster,1983,27,75,0,0,9,3,73.44444444444444,,,110735,111.0,2022/23,6,0.6622447418917831,75.66224474189178
109,DEF,Brighton,Joël Veltman,2183,31,95,1,1,10,6,70.41935483870968,,,111478,138.0,2022/23,6,1.253126026055369,96.25312602605537
110,FWD,Everton,Neal Maupay,1104,27,41,1,0,3,3,40.888888888888886,,,115382,42.0,2022/23,17,1.2182666914934796e-05,41.000012182666914
111,MID,Arsenal,Leandro Trossard,2237,36,154,8,13,8,8,62.138888888888886,,,116216,147.0,2022/23,2,0.11795391059384688,154.11795391059385
112,DEF,Chelsea,Marc Cucurella Saseta,1669,24,65,0,2,6,1,69.54166666666667,,,179268,127.0,2022/23,12,2.648699082387912,67.6486990823879
113,GKP,Brighton,Robert Sánchez,2070,23,82,0,0,6,10,90.0,,,215059,18.0,2022/23,6,0.0,82.0
114,DEF,Brighton,Tariq Lamptey,439,20,23,0,0,1,0,21.95,,,232792,23.0,2022/23,6,1.9899173623370977e-05,23.000019899173623
116,MID,Brighton,Alexis Mac Allister,2882,35,140,10,2,10,18,82.34285714285714,,,243016,317.0,2022/23,6,21.356247607848726,161.35624760784873
118,MID,Brighton,Enock Mwepu,209,6,11,0,1,0,0,34.833333333333336,,,423649,22.0,2022/23,6,0.007855557700072196,11.007855557700072
119,MID,Brighton,Jeremy Sarmiento Morante,168,9,16,0,2,1,0,20.0,,,441192,11.0,2022/23,6,4.029011168860375e-07,16.000000402901115
120,MID,Brighton,Moisés Caicedo Corozo,3138,37,79,1,1,10,0,84.8108108108108,,,486672,436.0,2022/23,6,57.22601200450045,136.22601200450043
123,FWD,Brighton,Deniz Undav,614,22,52,5,2,2,4,27.90909090909091,,,450434,30.0,2022/23,6,2.436824156839093e-06,52.000002436824154
124,MID,Brighton,Kaoru Mitoma,2311,33,138,7,9,8,11,70.03030303030303,,,451340,186.0,2022/23,6,1.2991390520482233,139.29913905204822
125,FWD,Brighton,Julio Enciso,794,20,57,4,3,4,7,39.7,,,474120,54.0,2022/23,6,0.00237932088716791,57.002379320887165
127,DEF,Chelsea,César Azpilicueta,1521,25,45,0,0,3,4,60.84,,,41328,113.0,2022/23,12,1.1092475361873575,46.109247536187354
128,DEF,Chelsea,Thiago Emiliano da Silva,2351,27,80,0,2,6,8,87.07407407407408,,,51090,213.0,2022/23,12,18.39813345885113,98.39813345885113
130,MID,Arsenal,Jorge Luiz Frello Filho,2127,32,79,2,2,9,5,66.46875,,,85955,297.0,2022/23,2,21.69721544808015,100.69721544808016
132,MID,Chelsea,Mateo Kovacic,1699,27,53,1,2,4,2,62.925925925925924,,,91651,193.0,2022/23,12,4.906345324529903,57.9063453245299
133,GKP,Chelsea,Kepa Arrizabalaga,2565,29,118,0,0,9,15,88.44827586206897,,,109745,34.0,2022/23,12,0.0,118.0
134,MID,Chelsea,N'Golo Kanté,517,7,18,0,1,2,1,73.85714285714286,,,116594,79.0,2022/23,12,9.589561364826054,27.589561364826054
135,MID,Chelsea,Hakim Ziyech,649,18,33,0,3,2,0,36.05555555555556,,,124183,76.0,2022/23,12,0.07779557368894324,33.077795573688945
136,MID,Chelsea,Ruben Loftus-Cheek,1530,25,46,0,1,5,1,61.2,,,126187,162.0,2022/23,12,2.5019846469284883,48.50198464692849
139,DEF,Chelsea,Ben Chilwell,1402,23,70,2,3,4,4,60.95652173913044,,,172850,64.0,2022/23,12,0.03660235547995391,70.03660235547996
140,MID,Chelsea,Christian Pulisic,805,24,39,1,1,3,0,33.541666666666664,,,176413,51.0,2022/23,12,0.00018221297804019517,39.00018221297804
141,DEF,Chelsea,Trevoh Chalobah,1601,25,49,0,0,5,1,64.04,,,180736,117.0,2022/23,12,1.3675549019157784,50.36755490191578
142,MID,Chelsea,Mason Mount,1644,24,82,3,4,8,8,68.5,,,184341,138.0,2022/23,12,1.0860708617427774,83.08607086174278
145,FWD,Chelsea,Kai Havertz,2565,35,102,7,1,9,13,73.28571428571429,,,219847,161.0,2022/23,12,0.45050073883687664,102.45050073883688
146,DEF,Chelsea,Reece James,1242,16,44,1,2,2,5,77.625,,,225796,65.0,2022/23,12,0.3635174053218792,44.36351740532188
147,GKP,Chelsea,Edouard Mendy,855,10,24,0,0,1,0,85.5,,,228286,7.0,2022/23,12,0.0,24.0
148,MID,Chelsea,Conor Gallagher,1608,35,66,3,1,4,7,45.94285714285714,,,232787,186.0,2022/23,12,0.9040922119771836,66.90409221197719
149,MID,Brighton,Billy Gilmour,502,14,21,0,1,2,0,35.857142857142854,,,243568,53.0,2022/23,6,0.024164067673611966,21.024164067673613
150,FWD,Chelsea,Armando Broja,285,12,21,1,1,1,0,23.75,,,440323,22.0,2022/23,12,3.0172950704659774e-05,21.000030172950705
152,GKP,Crystal Palace,Vicente Guaita,2430,27,99,0,0,6,10,90.0,,,40836,26.0,2022/23,11,0.0,99.0
153,DEF,Crystal Palace,James Tomkins,335,6,8,1,0,0,1,55.833333333333336,,,49413,30.0,2022/23,11,0.4825125922182797,8.48251259221828
154,MID,Crystal Palace,James McArthur,50,4,4,0,0,0,0,20.0,,,50471,9.0,2022/23,11,0.0027886887400616536,4.002788688740061
156,DEF,Crystal Palace,Joel Ward,2253,28,78,1,0,8,5,80.46428571428571,,,55494,168.0,2022/23,11,5.937335146365113,83.93733514636511
157,DEF,Crystal Palace,Nathaniel Clyne,1638,22,44,0,0,3,0,74.45454545454545,,,57328,77.0,2022/23,11,0.18426641294069715,44.184266412940694
158,MID,Crystal Palace,Luka Milivojevic,500,18,23,0,0,2,0,27.77777777777778,,,66975,73.0,2022/23,11,0.055709006949216856,23.05570900694922
159,MID,Crystal Palace,Jordan Ayew,2708,38,104,4,3,8,4,71.26315789473684,,,80146,281.0,2022/23,11,8.382364308496449,112.38236430849645
160,MID,Crystal Palace,Wilfried Zaha,2289,27,95,7,2,5,6,84.77777777777777,,,82403,152.0,2022/23,11,1.054037530615017,96.05403753061502
161,MID,Crystal Palace,Jeffrey Schlupp,2528,34,89,3,2,9,2,74.3529411764706,,,86417,282.0,2022/23,11,13.755800475561147,102.75580047556114
163,MID,Crystal Palace,Will Hughes,822,27,41,1,1,1,3,30.444444444444443,,,108413,126.0,2022/23,11,0.26072106815879537,41.260721068158794
164,MID,Crystal Palace,Jairo Riedewald,60,6,6,0,0,0,0,20.0,,,173954,14.0,2022/23,11,0.028969007573199486,6.0289690075732
165,DEF,Crystal Palace,Joachim Andersen,2782,32,80,1,0,8,1,86.9375,,,174874,266.0,2022/23,11,26.101645128988416,106.10164512898842
166,FWD,Crystal Palace,Odsonne Edouard,1788,35,82,5,2,5,5,51.08571428571429,,,199670,110.0,2022/23,11,0.01725356749649233,82.0172535674965
167,DEF,Crystal Palace,Marc Guéhi,3330,37,95,1,0,9,2,90.0,,,209036,253.0,2022/23,11,14.345330267805744,109.34533026780575
168,FWD,Crystal Palace,Jean-Philippe Mateta,748,29,41,2,0,3,3,25.79310344827586,,,231747,52.0,2022/23,11,5.796295192949868e-05,41.00005796295193
169,MID,Crystal Palace,Eberechi Eze,2631,38,159,10,5,9,21,69.23684210526316,,,232413,243.0,2022/23,11,3.495138088085032,162.49513808808504
170,DEF,Crystal Palace,Tyrick Mitchell,2889,36,93,0,2,8,7,80.25,,,244723,190.0,2022/23,11,3.9163165543309857,96.91631655433099
171,MID,Crystal Palace,Michael Olise,2743,37,132,2,11,8,15,74.13513513513513,,,443661,263.0,2022/23,11,6.507015630255197,138.5070156302552
173,MID,Crystal Palace,Malcolm Ebiowei,31,3,3,0,0,0,0,20.0,,,450535,1.0,2022/23,11,2.7972200976103168e-11,3.0000000000279723
175,GKP,Crystal Palace,Sam Johnstone,810,9,36,0,0,3,5,90.0,,,101982,12.0,2022/23,11,0.0,36.0
176,GKP,Everton,Asmir Begović,90,1,9,0,0,1,2,90.0,,,40349,3.0,2022/23,17,0.0,9.0
177,FWD,Everton,Salomón Rondón,103,7,7,0,0,0,0,20.0,,,57134,2.0,2022/23,17,3.9848398626080096e-13,7.000000000000399
178,DEF,Everton,Seamus Coleman,1654,23,63,1,0,5,5,71.91304347826087,,,59949,109.0,2022/23,17,1.3553892070437148,64.35538920704371
180,DEF,Everton,Michael Keane,983,12,39,1,2,2,5,81.91666666666667,,,106611,83.0,2022/23,17,4.886219661311827,43.88621966131183
181,MID,Everton,Dele Alli,38,2,2,0,0,0,0,20.0,,,108823,2.0,2022/23,17,8.392626763438846e-09,2.0000000083926266
182,GKP,Everton,Jordan Pickford,3330,37,124,0,1,8,10,90.0,,,111234,37.0,2022/23,17,0.0,124.0
185,MID,Everton,Abdoulaye Doucouré,1527,25,76,5,2,4,10,61.08,,,121599,157.0,2022/23,17,2.0458349492039436,78.04583494920395
186,MID,Everton,Alex Iwobi,3379,38,126,2,8,9,9,88.92105263157895,,,153133,383.0,2022/23,17,35.73956885112169,161.7395688511217
188,DEF,Everton,Yerry Mina,594,7,33,2,0,1,7,84.85714285714286,,,164511,53.0,2022/23,17,4.10019191831353,37.10019191831353
189,MID,Everton,Demarai Gray,2501,33,91,4,1,7,4,75.78787878787878,,,172632,162.0,2022/23,17,0.47152754365269256,91.4715275436527
190,MID,Everton,Tom Davies,524,19,19,0,0,1,0,27.57894736842105,,,173807,55.0,2022/23,17,0.002927446907816065,19.002927446907815
191,FWD,Everton,Dominic Calvert-Lewin,1166,17,40,2,1,4,2,68.58823529411765,,,177815,54.0,2022/23,17,0.0092365460374434,40.00923654603744
192,DEF,Everton,Mason Holgate,506,8,16,0,0,2,2,63.25,,,194164,47.0,2022/23,17,1.5278828330748622,17.527882833074862
193,DEF,Everton,Ben Godfrey,801,13,18,0,1,1,0,61.61538461538461,,,198826,65.0,2022/23,17,1.0454439498062726,19.045443949806273
194,DEF,Everton,Vitalii Mykolenko,2653,34,75,0,1,7,4,78.02941176470588,,,224967,209.0,2022/23,17,8.111232994198993,83.11123299419899
195,MID,Newcastle,Anthony Gordon,1574,32,68,4,0,4,5,49.1875,,,232826,146.0,2022/23,4,0.2586239971674643,68.25862399716746
197,DEF,Everton,Nathan Patterson,1274,19,31,0,0,2,0,67.05263157894737,,,243571,104.0,2022/23,17,2.516697068908886,33.51669706890888
199,DEF,Everton,James Tarkowski,3420,38,106,1,1,9,13,90.0,,,17761,376.0,2022/23,17,50.77498450085741,156.7749845008574
200,MID,Fulham,Tom Cairney,968,33,53,2,1,1,2,29.333333333333332,,,76357,104.0,2022/23,10,0.011175895712106507,53.01117589571211
201,DEF,Fulham,Tim Ream,2898,33,98,1,0,8,12,87.81818181818181,,,82514,207.0,2022/23,10,8.66946897336542,106.66946897336543
203,MID,Fulham,Nathaniel Chalobah,11,4,1,0,0,0,0,20.0,,,89085,3.0,2022/23,10,0.01715412810144272,1.0171541281014427
204,MID,Fulham,Neeskens Kebano,758,17,40,0,4,3,0,44.588235294117645,,,92259,69.0,2022/23,10,0.05296962468584736,40.05296962468585
205,MID,Fulham,Bobby De Cordova-Reid,2473,36,90,4,1,8,3,68.69444444444444,,,96994,226.0,2022/23,10,2.939231544519798,92.9392315445198
209,DEF,Fulham,Tosin Adarabioyo,2084,25,49,1,0,3,1,83.36,,,109646,209.0,2022/23,10,20.777177447333504,69.7771774473335
210,FWD,Fulham,Aleksandar Mitrović,2010,24,107,14,2,7,14,83.75,,,128389,97.0,2022/23,10,0.10773985380298387,107.10773985380298
211,MID,Fulham,Harrison Reed,2868,37,107,3,4,9,9,77.51351351351352,,,153366,265.0,2022/23,10,6.800397558601794,113.80039755860179
212,MID,Fulham,Harry Wilson,1085,29,68,2,5,2,2,37.41379310344828,,,153682,95.0,2022/23,10,0.013965579077030499,68.01396557907702
213,GKP,Fulham,Marek Rodák,180,2,7,0,0,1,0,90.0,,,155529,2.0,2022/23,10,0.0,7.0
215,DEF,Fulham,Kenny Tete,2569,31,90,1,5,7,1,82.87096774193549,,,167074,225.0,2022/23,10,15.39951934806069,105.39951934806069
216,MID,Fulham,Josh Onomah,14,2,2,0,0,0,0,20.0,,,168765,2.0,2022/23,10,9.538853684844134e-05,2.0000953885368484
217,DEF,Fulham,Antonee Robinson,3088,35,93,0,2,9,5,88.22857142857143,,,169528,204.0,2022/23,10,6.422767868868728,99.42276786886873
219,FWD,Fulham,Jay Stansfield,85,3,7,0,1,0,0,28.333333333333332,,,490146,10.0,2022/23,10,0.0025227347946974094,7.002522734794697
220,MID,Fulham,João Palhinha Gonçalves,3108,35,83,3,0,9,5,88.8,,,154296,470.0,2022/23,10,72.62220660803136,155.62220660803138
221,DEF,Leeds,Liam Cooper,1425,18,31,1,0,2,1,79.16666666666667,,,55914,136.0,2022/23,19,10.459706805182297,41.45970680518229
222,DEF,Leeds,Luke Ayling,2048,29,59,2,1,3,4,70.62068965517241,,,66588,150.0,2022/23,19,2.8225099888279197,61.82250998882792
223,MID,Leeds,Mateusz Klich,266,14,12,0,0,0,0,20.0,,,72222,37.0,2022/23,19,0.0014088247766783778,12.001408824776679
224,MID,Leeds,Adam Forshaw,473,12,16,0,0,0,0,39.416666666666664,,,80179,56.0,2022/23,19,0.11587603029279794,16.1158760302928
225,MID,Leeds,Rodrigo Moreno,1928,31,127,13,2,5,6,62.193548387096776,,,80954,121.0,2022/23,19,0.0694802113450851,127.06948021134508
227,FWD,Leeds,Patrick Bamford,1510,28,70,4,5,1,3,53.92857142857143,,,106617,82.0,2022/23,19,0.007180085868072973,70.00718008586807
228,DEF,Leeds,Diego Llorente,648,8,16,0,0,1,2,81.0,,,149915,54.0,2022/23,19,2.932623597066785,18.932623597066787
230,DEF,Leeds,Robin Koch,3175,36,55,0,0,5,2,88.19444444444444,,,193645,264.0,2022/23,19,18.632879752635972,73.63287975263597
231,MID,Fulham,Daniel James,802,24,45,2,1,1,2,33.416666666666664,,,200617,68.0,2022/23,10,0.003022498943570552,45.00302249894357
233,MID,Leeds,Jack Harrison,2707,36,134,5,8,6,15,75.19444444444444,,,221399,261.0,2022/23,19,7.09838158068058,141.09838158068058
235,DEF,Leeds,Pascal Struijk,2198,29,66,2,2,4,4,75.79310344827586,,,222694,192.0,2022/23,19,9.760805524099323,75.76080552409933
237,FWD,Leeds,Sam Greenwood,410,18,30,1,2,0,1,22.77777777777778,,,248937,49.0,2022/23,19,0.002315583937895696,30.002315583937897
238,GKP,Leeds,Illan Meslier,3060,34,90,0,0,5,8,90.0,,,437495,55.0,2022/23,19,0.0,90.0
239,DEF,Leeds,Junior Firpo Adames,1364,19,30,1,2,1,3,71.78947368421052,,,443967,107.0,2022/23,19,2.9231031130472456,32.92310311304725
240,MID,Leeds,Crysencio Summerville,1411,28,74,4,4,1,4,50.392857142857146,,,450070,143.0,2022/23,19,0.5393315151290861,74.53933151512909
242,FWD,Leeds,Joe Gelhardt,201,15,20,0,2,0,0,20.0,,,462635,19.0,2022/23,19,3.468016387825599e-05,20.00003468016388
244,DEF,Leeds,Rasmus Kristensen,1957,26,51,3,1,2,1,75.26923076923077,,,224209,166.0,2022/23,19,7.419113164446616,58.419113164446614
245,MID,Leeds,Marc Roca Junqué,2316,32,67,1,3,2,3,72.375,,,234370,291.0,2022/23,19,19.87370484588362,86.87370484588362
246,MID,Leeds,Brenden Aaronson,2365,36,83,1,4,5,0,65.69444444444444,,,427637,187.0,2022/23,19,0.7864994151467226,83.78649941514672
247,MID,Leeds,Darko Gyabi,7,1,1,0,0,0,0,20.0,,,470294,5.0,2022/23,19,0.8047416908903964,1.8047416908903964
249,DEF,Leicester,Jonny Evans,1051,13,20,0,0,2,0,80.84615384615384,,,37642,91.0,2022/23,18,5.5676347185307264,25.567634718530726
251,MID,Leicester,Marc Albrighton,232,6,13,1,0,0,0,38.666666666666664,,,51938,24.0,2022/23,18,0.016540996560468767,13.016540996560469
252,MID,Leicester,Nampalys Mendy,746,19,30,1,0,0,1,39.26315789473684,,,86881,78.0,2022/23,18,0.06509382831084704,30.065093828310847
254,GKP,Leicester,Danny Ward,2340,26,91,0,0,6,12,90.0,,,95463,20.0,2022/23,18,0.0,91.0
255,FWD,Leicester,Jamie Vardy,1841,37,82,3,5,4,4,49.75675675675676,,,101668,85.0,2022/23,18,0.0009135538206417266,82.00091355382064
256,DEF,Leicester,Ricardo Barbosa Pereira,451,10,20,1,1,0,2,45.1,,,111931,35.0,2022/23,18,0.08375746042758961,20.083757460427588
257,DEF,Leicester,Daniel Amartey,1608,20,51,0,0,5,4,80.4,,,155569,114.0,2022/23,18,3.2754377812854445,54.27543778128545
258,DEF,Leicester,Timothy Castagne,3255,37,114,2,4,8,11,87.97297297297297,,,166477,237.0,2022/23,18,10.717959172216835,124.71795917221684
259,MID,Leicester,Youri Tielemans,2341,31,86,3,3,6,6,75.51612903225806,,,166989,321.0,2022/23,18,32.14172226340146,118.14172226340146
260,MID,Leicester,Ayoze Pérez,378,8,19,0,2,1,0,47.25,,,168580,50.0,2022/23,18,0.634566180206455,19.634566180206455
261,MID,Leicester,James Maddison,2479,30,135,10,9,4,9,82.63333333333334,,,172780,170.0,2022/23,18,1.2262974610779098,136.2262974610779
262,FWD,Leicester,Kelechi Iheanacho,1112,28,82,5,5,1,9,39.714285714285715,,,173515,46.0,2022/23,18,2.2461943794305116e-05,82.0000224619438
264,MID,Leicester,Harvey Barnes,2709,34,138,13,2,6,0,79.67647058823529,,,201666,146.0,2022/23,18,0.16873612431214033,138.16873612431215
265,MID,Leicester,Wilfred Ndidi,1672,27,41,0,0,1,0,61.925925925925924,,,203341,301.0,2022/23,18,35.655604277467596,76.6556042774676
266,MID,Leicester,Kiernan Dewsbury-Hall,2305,31,82,2,3,7,5,74.35483870967742,,,215413,264.0,2022/23,18,14.260334650093837,96.26033465009384
267,DEF,Leicester,Çaglar Söyüncü,528,7,16,1,0,0,3,75.42857142857143,,,218031,58.0,2022/23,18,5.649087803729349,21.649087803729348
268,DEF,Leicester,James Justin,1252,14,45,0,2,5,2,89.42857142857143,,,220627,77.0,2022/23,18,1.902285372383895,46.90228537238389
269,MID,Leicester,Boubakary Soumaré,1624,26,41,0,0,6,0,62.46153846153846,,,225902,239.0,2022/23,18,16.91934887108691,57.91934887108691
270,DEF,Leicester,Luke Thomas,1068,17,28,0,1,2,0,62.8235294117647,,,244619,82.0,2022/23,18,1.111218437720702,29.1112184377207
271,FWD,Leicester,Patson Daka,1169,30,70,4,4,5,3,38.96666666666667,,,245419,66.0,2022/23,18,0.00048147587856054016,70.00048147587856
272,DEF,Chelsea,Wesley Fofana,1362,17,37,1,0,2,4,80.11764705882354,,,444463,111.0,2022/23,12,5.375775426509472,42.37577542650947
273,DEF,Leicester,Lewis Brunt,22,1,1,0,0,0,0,22.0,,,232620,2.0,2022/23,18,0.00011748495200252803,1.0001174849520025
274,MID,Liverpool,James Milner,889,31,42,0,1,3,0,28.677419354838708,,,15157,116.0,2022/23,5,0.04840384032925294,42.04840384032925
275,MID,Liverpool,Jordan Henderson,2060,35,69,0,3,8,0,58.857142857142854,,,56979,231.0,2022/23,5,3.9314233767432483,72.93142337674325
276,DEF,Liverpool,Joel Matip,1091,14,36,1,0,3,4,77.92857142857143,,,60914,80.0,2022/23,5,2.3225232771952875,38.32252327719529
277,MID,Liverpool,Thiago Alcántara do Nascimento,1252,18,30,0,0,2,0,69.55555555555556,,,61558,190.0,2022/23,5,19.943878710761258,49.943878710761254
278,MID,Liverpool,Alex Oxlade-Chamberlain,332,9,20,1,0,0,2,36.888888888888886,,,81880,31.0,2022/23,5,0.006797837188560622,20.00679783718856
279,FWD,Liverpool,Roberto Firmino,1202,25,104,11,4,4,12,48.08,,,92217,91.0,2022/23,5,0.04584892101368508,104.04584892101369
280,DEF,Liverpool,Virgil van Dijk,2835,32,127,3,1,11,13,88.59375,,,97032,209.0,2022/23,5,10.132008931442995,137.13200893144298
281,GKP,Liverpool,Alisson Ramses Becker,3330,37,162,0,1,14,15,90.0,,,116535,37.0,2022/23,5,0.0,162.0
282,MID,Liverpool,Fabio Henrique Tavares,2666,36,70,0,2,11,0,74.05555555555556,,,116643,331.0,2022/23,5,23.450199282513438,93.45019928251344
283,MID,Liverpool,Mohamed Salah,3290,38,239,19,13,13,23,86.57894736842105,,,118748,131.0,2022/23,5,0.028919391030226085,239.02891939103023
284,DEF,Liverpool,Andrew Robertson,2579,34,121,0,8,9,10,75.8529411764706,,,122798,104.0,2022/23,5,0.10918411173523553,121.10918411173523
285,DEF,Liverpool,Trent Alexander-Arnold,2922,37,156,2,11,10,21,78.97297297297297,,,169187,143.0,2022/23,5,0.6067127235134759,156.60671272351348
286,DEF,Liverpool,Joseph Gomez,1461,21,68,0,0,8,8,69.57142857142857,,,171287,110.0,2022/23,5,2.1917382025221914,70.19173820252219
287,MID,Liverpool,Naby Keita,290,8,10,0,0,1,0,36.25,,,175592,39.0,2022/23,5,0.1083765822464204,10.10837658224642
288,FWD,Liverpool,Diogo Teixeira da Silva,1125,22,80,7,4,5,9,51.13636363636363,,,194634,95.0,2022/23,5,0.17057159806912447,80.17057159806913
289,GKP,Liverpool,Caoimhin Kelleher,90,1,2,0,0,0,0,90.0,,,200720,0.0,2022/23,5,0.0,2.0
290,DEF,Liverpool,Ibrahima Konaté,1551,18,49,0,0,7,0,86.16666666666667,,,204716,125.0,2022/23,5,7.454864044407964,56.45486404440796
291,MID,Liverpool,Curtis Jones,1029,18,52,3,1,4,4,57.166666666666664,,,206915,104.0,2022/23,5,0.8421810687716361,52.84218106877164
292,DEF,Liverpool,Konstantinos Tsimikas,762,20,48,0,4,4,2,38.1,,,214285,41.0,2022/23,5,0.0028764440253830127,48.00287644402538
293,MID,Liverpool,Luis Díaz,991,17,62,4,2,4,7,58.294117647058826,,,244731,74.0,2022/23,5,0.09423937552928605,62.094239375529284
294,MID,Liverpool,Harvey Elliott,1600,32,62,1,2,5,2,50.0,,,444884,171.0,2022/23,5,0.8605562996971096,62.86055629969711
295,DEF,Nott'm Forest,Neco Williams,1872,31,54,1,1,4,1,60.38709677419355,,,215136,150.0,2022/23,16,2.063813352618435,56.06381335261843
296,MID,Liverpool,Fábio Freitas Gouveia Carvalho,339,13,27,2,1,0,0,26.076923076923077,,,244858,33.0,2022/23,5,0.0005721860856116188,27.000572186085613
297,FWD,Liverpool,Darwin Núñez Ribeiro,1684,29,100,9,5,7,8,58.06896551724138,,,447203,70.0,2022/23,5,0.0011660505031961905,100.0011660505032
299,DEF,Man City,Kyle Walker,1953,27,69,0,0,7,0,72.33333333333333,,,58621,55.0,2022/23,1,0.003686954096719522,69.00368695409672
300,MID,Man City,Ilkay Gündogan,2351,31,132,8,6,10,9,75.83870967741936,,,59859,220.0,2022/23,1,5.401194857965243,137.40119485796524
301,MID,Man City,Kevin De Bruyne,2413,32,183,7,18,10,26,75.40625,,,61366,146.0,2022/23,1,0.2586239971674643,183.25862399716746
302,DEF,Man City,John Stones,1844,23,93,2,2,7,13,80.17391304347827,,,97299,80.0,2022/23,1,0.18449672921250565,93.18449672921251
303,MID,Man City,Riyad Mahrez,1913,30,126,5,12,6,11,63.766666666666666,,,103025,124.0,2022/23,1,0.10876644810642724,126.10876644810642
304,MID,Chelsea,Raheem Sterling,1886,28,101,6,4,5,9,67.35714285714286,,,103955,89.0,2022/23,12,0.010253185122659969,101.01025318512266
305,MID,Man City,Jack Grealish,2051,28,121,5,10,10,9,73.25,,,114283,152.0,2022/23,1,0.843846825933574,121.84384682593357
306,DEF,Man City,João Cancelo,1273,17,73,2,2,6,10,74.88235294117646,,,121145,55.0,2022/23,1,0.0818650953741268,73.08186509537413
307,GKP,Man City,Ederson Santana de Moraes,3150,35,121,0,1,11,8,90.0,,,121160,26.0,2022/23,1,0.0,121.0
308,DEF,Man City,Nathan Aké,1871,26,92,1,0,9,9,71.96153846153847,,,126184,103.0,2022/23,1,0.5015979326110792,92.50159793261108
309,DEF,Man City,Aymeric Laporte,992,12,40,0,0,4,3,82.66666666666667,,,146941,48.0,2022/23,1,0.24656921500088258,40.24656921500088
311,MID,Man City,Bernardo Veiga de Carvalho e Silva,2196,34,106,4,6,7,9,64.58823529411765,,,165809,194.0,2022/23,1,1.4583947408605304,107.45839474086053
312,DEF,Man City,Rúben Gato Alves Dias,1997,26,80,0,0,9,1,76.8076923076923,,,171314,106.0,2022/23,1,0.604375395766666,80.60437539576667
313,DEF,Arsenal,Oleksandr Zinchenko,2122,27,99,1,2,10,8,78.5925925925926,,,206325,95.0,2022/23,2,0.23455235627090965,99.23455235627091
314,MID,Man City,Phil Foden,1832,32,142,11,7,5,15,57.25,,,209244,125.0,2022/23,1,0.07219486623662047,142.07219486623663
315,MID,Man City,Rodrigo Hernandez,2911,36,108,2,6,11,7,80.86111111111111,,,220566,457.0,2022/23,1,66.70250622670392,174.70250622670392
316,MID,Man City,Cole Palmer,358,14,19,0,1,1,0,25.571428571428573,,,244851,29.0,2022/23,1,8.215320181716445e-05,19.000082153201816
318,FWD,Man City,Erling Haaland,2767,35,272,36,9,13,40,79.05714285714286,,,223094,61.0,2022/23,1,5.207437301576349e-05,272.000052074373
319,FWD,Man City,Julián Álvarez,1448,31,103,9,3,5,14,46.70967741935484,,,461358,77.0,2022/23,1,0.0016488169773834483,103.00164881697738
321,MID,Southampton,Roméo Lavia,2219,29,57,1,1,4,0,76.51724137931035,,,514356,314.0,2022/23,20,34.9552503117259,91.9552503117259
324,GKP,Man City,Stefan Ortega Moreno,270,3,23,0,0,2,5,90.0,,,88248,1.0,2022/23,1,0.0,23.0
325,MID,Man City,Kalvin Phillips,291,12,14,0,0,1,0,24.25,,,155405,41.0,2022/23,1,0.008433121581057069,14.008433121581056
326,FWD,Man Utd,Cristiano Ronaldo dos Santos Aveiro,519,10,20,1,0,3,3,51.9,,,14937,23.0,2022/23,3,0.0002497998748187991,20.00024979987482
327,GKP,Man Utd,David De Gea Quintana,3420,38,161,0,0,17,5,90.0,,,51940,28.0,2022/23,3,0.0,161.0
329,DEF,Man Utd,Raphaël Varane,1912,24,77,0,0,10,2,79.66666666666667,,,90152,141.0,2022/23,3,4.58364849922458,81.58364849922458
330,DEF,Man Utd,Harry Maguire,762,16,39,0,0,5,2,47.625,,,95658,73.0,2022/23,3,0.7513803303746914,39.751380330374694
331,MID,Man Utd,Frederico Rodrigues de Paula Santos,1228,35,62,2,3,4,2,35.08571428571429,,,101582,208.0,2022/23,3,1.9856999250390828,63.985699925039086
332,DEF,Man Utd,Luke Shaw,2552,31,124,1,4,12,20,82.3225806451613,,,106760,161.0,2022/23,3,3.0862563043276943,127.08625630432769
333,MID,Man Utd,Bruno Borges Fernandes,3317,37,176,8,9,18,23,89.64864864864865,,,141746,356.0,2022/23,3,29.100204079114384,205.10020407911438
335,MID,Man Utd,Marcus Rashford,2880,35,205,17,7,13,21,82.28571428571429,,,176297,144.0,2022/23,3,0.12211906761432004,205.1221190676143
336,MID,Man Utd,Donny van de Beek,162,7,8,0,0,0,0,23.142857142857142,,,180184,6.0,2022/23,3,3.1441154932279405e-09,8.000000003144116
337,DEF,Man Utd,Victor Lindelöf,1359,20,57,0,0,6,3,67.95,,,184667,115.0,2022/23,3,3.4255548685146513,60.42555486851465
338,MID,Man Utd,Scott McTominay,1149,24,36,1,0,4,2,47.875,,,195851,175.0,2022/23,3,4.889823060122174,40.889823060122175
340,MID,Man Utd,Jadon Sancho,1683,26,105,6,3,13,8,64.73076923076923,,,209243,139.0,2022/23,3,0.7014912985362124,105.70149129853621
341,DEF,Man Utd,Aaron Wan-Bissaka,1432,19,67,0,0,8,3,75.36842105263158,,,214590,105.0,2022/23,3,2.647746209546641,69.64774620954664
342,DEF,Man Utd,Diogo Dalot Teixeira,2152,26,102,1,2,10,19,82.76923076923077,,,216051,150.0,2022/23,3,4.529768071343056,106.52976807134306
344,MID,Man Utd,Anthony Elanga,417,16,23,0,1,2,0,26.0625,,,449434,25.0,2022/23,3,5.069599108792461e-06,23.00000506959911
345,FWD,Man Utd,Anthony Martial,970,21,66,6,3,7,4,46.19047619047619,,,148225,32.0,2022/23,3,7.6163804738846804e-06,66.00000761638047
346,MID,Fulham,Andreas Hoelgebaum Pereira,2696,33,123,4,10,8,9,81.6969696969697,,,156689,152.0,2022/23,10,0.28752390869402794,123.28752390869403
347,MID,Man Utd,Facundo Pellistri Rebollo,60,4,4,0,0,0,0,20.0,,,488404,3.0,2022/23,3,7.514878157348095e-09,4.0000000075148785
349,MID,Nott'm Forest,Jonjo Shelvey,573,11,16,0,0,1,0,52.09090909090909,,,50232,56.0,2022/23,16,0.20689803042225796,16.20689803042226
350,DEF,Newcastle,Matt Ritchie,35,7,7,0,0,0,0,20.0,,,56983,2.0,2022/23,4,1.6465612393308184e-06,7.000001646561239
354,FWD,Nott'm Forest,Chris Wood,807,25,53,3,0,4,7,32.28,,,60689,40.0,2022/23,16,1.5187426096322e-05,53.000015187426094
355,GKP,Newcastle,Martin Dubravka,156,2,11,0,0,1,1,78.0,,,67089,1.0,2022/23,4,0.0,11.0
356,FWD,Newcastle,Callum Wilson,1870,31,157,18,6,10,20,60.32258064516129,,,75115,54.0,2022/23,4,4.5869770674646717e-05,157.00004586977067
357,DEF,Newcastle,Kieran Trippier,3342,38,198,1,9,16,39,87.94736842105263,,,77794,204.0,2022/23,4,4.535325057805521,202.53532505780552
358,DEF,Newcastle,Dan Burn,3109,38,129,1,0,14,6,81.8157894736842,,,78916,211.0,2022/23,4,5.4298428706405035,134.4298428706405
359,MID,Newcastle,Ryan Fraser,308,8,11,0,0,1,0,38.5,,,90105,19.0,2022/23,4,0.00018378373764221608,11.000183783737642
360,DEF,Newcastle,Jamaal Lascelles,214,7,5,0,0,0,0,30.571428571428573,,,101148,20.0,2022/23,4,0.013583389681474236,5.013583389681474
363,DEF,Newcastle,Javier Manquillo Gaitán,34,4,4,0,0,0,0,20.0,,,109528,5.0,2022/23,4,0.004092192127906166,4.0040921921279065
364,DEF,Newcastle,Emil Krafth,1,1,1,0,0,0,0,20.0,,,111773,0.0,2022/23,4,0.0,1.0
365,MID,Newcastle,Jacob Murphy,1230,36,78,4,2,3,2,34.166666666666664,,,114243,93.0,2022/23,4,0.001877244260861703,78.00187724426087
366,DEF,Newcastle,Fabian Schär,3207,36,139,1,3,15,6,89.08333333333333,,,119471,255.0,2022/23,4,16.195769838892215,155.1957698388922
367,DEF,Newcastle,Matt Targett,600,17,35,0,0,3,2,35.294117647058826,,,169359,38.0,2022/23,4,0.0049237154958017325,35.0049237154958
368,MID,Newcastle,Allan Saint-Maximin,1109,25,66,1,6,4,4,44.36,,,170137,84.0,2022/23,4,0.015128142665612868,66.01512814266562
369,MID,Newcastle,Miguel Almirón Rejala,2487,34,158,11,4,15,15,73.1470588235294,,,179018,210.0,2022/23,4,2.4956186473756037,160.4956186473756
370,MID,Newcastle,Sean Longstaff,2514,33,93,1,5,13,2,76.18181818181819,,,180135,229.0,2022/23,4,5.0356195023096175,98.03561950230961
371,MID,Newcastle,Joelinton Cássio Apolinário de Lira,2660,32,115,6,5,11,10,83.125,,,180974,361.0,2022/23,4,43.786809261926514,158.78680926192652
372,DEF,Newcastle,Jamal Lewis,9,2,2,0,0,0,0,20.0,,,194799,0.0,2022/23,4,0.0,2.0
373,MID,Newcastle,Joe Willock,2556,35,123,3,7,12,11,73.02857142857142,,,200089,235.0,2022/23,4,4.372824060213086,127.37282406021309
374,MID,Newcastle,Bruno Guimarães Rodriguez Moura,2727,32,107,4,5,12,5,85.21875,,,208706,370.0,2022/23,4,46.99679263460968,153.99679263460968
376,GKP,Newcastle,Nick Pope,3261,37,157,0,0,14,14,88.13513513513513,,,98747,47.0,2022/23,4,0.0,157.0
377,DEF,Newcastle,Sven Botman,3127,36,129,0,2,13,8,86.86111111111111,,,220237,216.0,2022/23,4,7.633716616755144,136.63371661675515
379,DEF,Nott'm Forest,Steve Cook,956,12,20,0,0,2,0,79.66666666666667,,,56917,81.0,2022/23,16,4.398935395600177,24.398935395600176
381,MID,Nott'm Forest,Jack Colback,492,11,14,0,0,0,0,44.72727272727273,,,58771,52.0,2022/23,16,0.11748771066183306,14.117487710661834
383,MID,Nott'm Forest,Carlos Ribeiro Dias,6,1,1,0,0,0,0,20.0,,,166325,2.0,2022/23,16,0.03587061371913979,1.0358706137191398
385,DEF,Nott'm Forest,Scott McKenna,1570,20,40,0,0,5,0,78.5,,,168281,121.0,2022/23,16,4.4170593134172185,44.41705931341722
387,MID,Nott'm Forest,Ryan Yates,1833,26,53,0,3,5,0,70.5,,,204968,211.0,2022/23,16,9.431922460477736,62.431922460477736
388,DEF,Nott'm Forest,Joe Worrall,2215,30,61,1,0,5,2,73.83333333333333,,,208912,210.0,2022/23,16,12.848387811993986,73.84838781199399
391,FWD,Nott'm Forest,Sam Surridge,306,20,26,1,0,0,3,20.0,,,217331,31.0,2022/23,16,0.00010712634203464795,26.000107126342034
394,FWD,Nott'm Forest,Brennan Johnson,2930,38,122,8,5,7,15,77.10526315789474,,,242898,133.0,2022/23,16,0.04937776903598867,122.04937776903598
395,MID,Nott'm Forest,Alex Mighten,7,1,1,0,0,0,0,20.0,,,244930,0.0,2022/23,16,0.0,1.0
397,FWD,Nott'm Forest,Taiwo Awoniyi,1395,27,100,10,1,5,16,51.666666666666664,,,210156,101.0,2022/23,16,0.06275746747781895,100.06275746747782
398,GKP,Nott'm Forest,Dean Henderson,1620,18,82,0,0,6,12,90.0,,,172649,20.0,2022/23,16,0.0,82.0
399,DEF,Nott'm Forest,Giulian Biancone,15,2,2,0,0,0,0,20.0,,,437753,3.0,2022/23,16,0.015410575937555161,2.015410575937555
400,MID,Southampton,Theo Walcott,1123,20,49,2,2,2,1,56.15,,,20467,83.0,2022/23,20,0.07497041403339923,49.0749704140334
401,GKP,Southampton,Alex McCarthy,540,6,8,0,0,0,0,90.0,,,58376,8.0,2022/23,20,0.0,8.0
402,MID,Southampton,Oriol Romeu Vidal,74,1,2,0,0,0,0,74.0,,,78056,11.0,2022/23,20,1.267323243245557,3.2673232432455572
403,MID,Southampton,Nathan Redmond,1,1,1,0,0,0,0,20.0,,,83283,0.0,2022/23,20,0.0,1.0
404,DEF,Bournemouth,Jack Stephens,1218,17,35,0,0,4,1,71.6470588235294,,,88900,106.0,2022/23,15,4.341399427569886,39.34139942756988
405,MID,Southampton,Stuart Armstrong,1391,32,57,2,2,1,2,43.46875,,,91047,134.0,2022/23,20,0.1292115235885427,57.129211523588545
406,MID,Southampton,Mohamed Elyounoussi,2162,33,62,1,1,2,0,65.51515151515152,,,96787,242.0,2022/23,20,6.944803620631001,68.944803620631
407,MID,Southampton,James Ward-Prowse,3371,38,142,9,4,4,18,88.71052631578948,,,101178,397.0,2022/23,20,40.64263080984669,182.6426308098467
408,FWD,Southampton,Adam Armstrong,1321,30,54,2,1,1,3,44.03333333333333,,,155511,81.0,2022/23,20,0.0035689813307518657,54.00356898133075
409,DEF,Southampton,Kyle Walker-Peters,2650,31,56,1,0,3,2,85.48387096774194,,,158534,137.0,2022/23,20,1.198303576898455,57.198303576898454
410,DEF,Southampton,Jan Bednarek,1770,23,32,0,0,3,2,76.95652173913044,,,171771,201.0,2022/23,20,21.982183662154025,53.98218366215403
411,FWD,Southampton,Che Adams,1987,28,94,5,5,4,9,70.96428571428571,,,200439,100.0,2022/23,20,0.043475700635719254,94.04347570063572
413,DEF,Southampton,Lyanco Silveira Neves Vojnovic,1173,21,29,1,1,0,0,55.857142857142854,,,212721,130.0,2022/23,20,5.181824406096077,34.18182440609608
414,DEF,Southampton,Yan Valery,45,1,0,0,0,0,0,45.0,,,213482,3.0,2022/23,20,0.0027856156411207316,0.0027856156411207316
416,MID,Southampton,Ibrahima Diallo,813,18,19,0,0,0,0,45.166666666666664,,,240143,125.0,2022/23,20,2.7586626191852375,21.758662619185237
417,DEF,Southampton,Romain Perraud,1828,29,71,2,2,4,5,63.03448275862069,,,244560,114.0,2022/23,20,0.5318431689377641,71.53184316893777
418,MID,Southampton,Moussa Djenepo,702,16,27,0,2,0,0,43.875,,,431131,95.0,2022/23,20,0.9022177618052453,27.902217761805247
419,DEF,Southampton,Tino Livramento,26,2,2,0,0,0,0,20.0,,,441191,7.0,2022/23,20,0.15770039680034773,2.157700396800348
420,DEF,Southampton,Mohammed Salisu,1971,22,33,0,1,1,2,89.5909090909091,,,450527,226.0,2022/23,20,32.00082460418147,65.00082460418147
422,GKP,Southampton,Gavin Bazunu,2880,32,84,0,0,4,3,90.0,,,456350,39.0,2022/23,20,0.0,84.0
423,DEF,Southampton,Armel Bella-Kotchap,1881,24,49,0,2,3,5,78.375,,,477386,201.0,2022/23,20,20.06317194970141,69.06317194970141
425,GKP,Spurs,Hugo Lloris,2205,25,89,0,0,7,12,88.2,,,37915,22.0,2022/23,8,0.0,89.0
426,GKP,Spurs,Fraser Forster,1215,14,40,0,0,3,1,86.78571428571429,,,40383,11.0,2022/23,8,0.0,40.0
427,FWD,Spurs,Harry Kane,3406,38,263,30,9,11,48,89.63157894736842,,,78830,138.0,2022/23,8,0.06829578173199455,263.068295781732
428,MID,Spurs,Son Heung-min,2886,36,152,10,6,9,8,80.16666666666667,,,85971,152.0,2022/23,8,0.15559114737788649,152.1555911473779
429,DEF,Spurs,Matt Doherty,663,12,35,1,0,3,2,55.25,,,87835,42.0,2022/23,8,0.10050895251310753,35.10050895251311
430,DEF,Spurs,Eric Dier,2816,33,96,2,1,9,5,85.33333333333333,,,93264,198.0,2022/23,8,6.997573565358882,102.99757356535888
431,MID,Spurs,Lucas Rodrigues Moura da Silva,145,15,17,1,0,0,0,20.0,,,95715,19.0,2022/23,8,0.0004341623590491442,17.00043416235905
432,DEF,Spurs,Ben Davies,2284,31,99,2,3,9,3,73.6774193548387,,,115556,121.0,2022/23,8,0.5425882412195354,99.54258824121953
433,MID,Spurs,Pierre-Emile Højbjerg,3131,35,120,4,5,10,10,89.45714285714286,,,132015,425.0,2022/23,8,58.47358557784583,178.47358557784582
435,DEF,Spurs,Davinson Sánchez,848,18,28,0,0,2,1,47.111111111111114,,,173904,87.0,2022/23,8,1.190604313720574,29.190604313720574
436,DEF,Spurs,Ryan Sessegnon,805,17,35,2,1,1,0,47.35294117647059,,,184349,39.0,2022/23,8,0.00605816452012979,35.00605816452013
439,DEF,Spurs,Japhet Tanganga,145,4,4,0,0,0,0,36.25,,,199584,11.0,2022/23,8,0.0058236740105323,4.005823674010532
440,MID,Spurs,Rodrigo Bentancur,1501,18,71,5,2,6,7,83.38888888888889,,,202993,229.0,2022/23,8,33.51066096142597,104.51066096142597
441,MID,Spurs,Oliver Skipp,1489,23,43,1,0,4,1,64.73913043478261,,,209042,184.0,2022/23,8,7.7541043486719605,50.75410434867196
443,DEF,Spurs,Cristian Romero,2363,27,66,0,2,8,3,87.51851851851852,,,221632,227.0,2022/23,8,22.85614064698563,88.85614064698564
444,MID,Spurs,Yves Bissouma,998,23,27,0,0,1,0,43.391304347826086,,,227127,112.0,2022/23,8,0.3089299796865669,27.308929979686567
445,DEF,Spurs,Emerson Leite de Souza Junior,1729,26,86,2,2,7,9,66.5,,,241157,140.0,2022/23,8,3.154007936006954,89.15400793600695
446,MID,Spurs,Dejan Kulusevski,2062,30,96,2,7,8,5,68.73333333333333,,,445044,202.0,2022/23,8,3.8139527930522865,99.81395279305228
448,DEF,Spurs,Ivan Perišić,2099,34,94,1,8,6,6,61.73529411764706,,,45034,112.0,2022/23,8,0.18615389629981205,94.18615389629981
449,MID,Spurs,Harvey White,4,1,1,0,0,0,0,20.0,,,448791,0.0,2022/23,8,0.0,1.0
450,MID,Spurs,Pape Matar Sarr,211,11,14,0,1,0,0,20.0,,,482442,43.0,2022/23,8,0.03404066636169444,14.034040666361694
454,FWD,Spurs,Richarlison de Andrade,995,27,54,1,5,3,2,36.851851851851855,,,212319,88.0,2022/23,8,0.018536850533158466,54.01853685053316
455,GKP,West Ham,Lukasz Fabianski,3111,36,127,0,0,9,10,86.41666666666667,,,37096,26.0,2022/23,14,0.0,127.0
456,DEF,West Ham,Angelo Ogbonna,1234,16,44,0,0,4,4,77.125,,,40669,108.0,2022/23,14,5.86524719413357,49.86524719413357
457,DEF,West Ham,Aaron Cresswell,2235,28,74,0,1,6,8,79.82142857142857,,,55459,112.0,2022/23,14,0.5753281683353927,74.57532816833539
458,FWD,West Ham,Michail Antonio,1822,33,84,5,3,5,4,55.21212121212121,,,57531,76.0,2022/23,14,0.0008351620202060821,84.00083516202021
459,DEF,Wolves,Craig Dawson,2134,25,75,1,1,7,7,85.36,,,60232,166.0,2022/23,13,8.524341710125809,83.52434171012581
460,MID,West Ham,Manuel Lanzini,243,10,17,1,0,0,1,24.3,,,86934,25.0,2022/23,14,0.0003794879663277219,17.000379487966327
461,DEF,West Ham,Kurt Zouma,1988,25,88,2,1,7,8,79.52,,,103192,171.0,2022/23,14,9.705985279467244,97.70598527946724
463,DEF,West Ham,Vladimir Coufal,2135,27,58,0,2,4,2,79.07407407407408,,,164555,165.0,2022/23,14,6.26157172552457,64.26157172552458
464,MID,West Ham,Saïd Benrahma,2059,35,106,6,3,6,5,58.82857142857143,,,172841,159.0,2022/23,14,0.2733477034626653,106.27334770346266
465,MID,West Ham,Jarrod Bowen,3232,38,145,6,9,9,9,85.05263157894737,,,178186,254.0,2022/23,14,4.6180510560819155,149.61805105608192
467,MID,West Ham,Declan Rice,3272,37,116,4,3,9,12,88.43243243243244,,,204480,546.0,2022/23,14,89.00420793805228,205.00420793805228
468,MID,West Ham,Tomas Soucek,2811,36,100,2,4,8,6,78.08333333333333,,,215439,358.0,2022/23,14,32.197857921644406,132.1978579216444
469,MID,West Ham,Pablo Fornals Malla,1493,32,71,3,1,1,6,46.65625,,,217593,184.0,2022/23,14,1.4480944823237032,72.4480944823237
470,DEF,Fulham,Issa Diop,2008,25,79,1,0,7,8,80.32,,,219924,166.0,2022/23,10,8.524341710125809,87.52434171012581
471,DEF,West Ham,Ben Johnson,860,17,29,0,0,2,1,50.588235294117645,,,222018,57.0,2022/23,14,0.10549121587132576,29.105491215871325
472,DEF,West Ham,Nayef Aguerd,1594,18,58,2,0,5,5,88.55555555555556,,,210494,147.0,2022/23,14,13.83766015409142,71.83766015409142
473,GKP,West Ham,Alphonse Areola,307,5,7,0,0,0,0,61.4,,,84182,1.0,2022/23,14,0.0,7.0
474,DEF,Nott'm Forest,Willy Boly,684,11,37,0,1,3,7,62.18181818181818,,,90585,74.0,2022/23,16,3.973293963706558,40.97329396370656
475,DEF,Everton,Conor Coady,2094,24,77,1,1,7,5,87.25,,,94147,130.0,2022/23,17,3.0058812362685927,80.00588123626859
476,FWD,Wolves,Raúl Jiménez,839,15,29,0,2,2,0,55.93333333333333,,,102057,37.0,2022/23,13,0.0007455342919430488,29.000745534291944
477,DEF,Wolves,Jonathan Castro Otto,1257,18,45,1,0,5,0,69.83333333333333,,,114128,77.0,2022/23,13,0.5681898401164138,45.56818984011641
478,GKP,Wolves,José Malheiro de Sá,3240,36,148,0,0,11,18,90.0,,,149065,19.0,2022/23,13,0.0,148.0
479,MID,Aston Villa,Leander Dendoncker,897,24,37,0,0,4,0,37.375,,,151589,114.0,2022/23,7,0.2660804076819786,37.266080407681976
480,MID,Wolves,Rúben da Silva Neves,3020,35,118,6,2,10,16,86.28571428571429,,,171317,470.0,2022/23,13,72.62220660803136,190.62220660803138
481,MID,Wolves,Hwang Hee-chan,1117,27,60,3,2,3,3,41.370370370370374,,,184754,76.0,2022/23,13,0.0031961866620714217,60.00319618666207
482,DEF,Wolves,Nélson Cabral Semedo,2633,36,75,0,1,8,5,73.13888888888889,,,200402,191.0,2022/23,13,4.0303355696976055,79.0303355696976
483,MID,Wolves,Daniel Castelo Podence,1760,32,92,6,1,6,10,55.0,,,200600,126.0,2022/23,13,0.07724092532255857,92.07724092532256
484,DEF,Wolves,Max Kilman,3307,37,109,0,1,11,12,89.37837837837837,,,214048,260.0,2022/23,13,16.103546413253717,125.10354641325372
486,MID,Wolves,Pedro Lomba Neto,962,18,37,0,2,5,0,53.44444444444444,,,247632,70.0,2022/23,13,0.0391008228647488,37.03910082286475
487,DEF,Wolves,Rayan Aït-Nouri,1067,21,41,1,0,4,0,50.80952380952381,,,448514,66.0,2022/23,13,0.08210744781355193,41.08210744781355
489,DEF,Wolves,Toti António Gomes,978,17,43,1,0,4,4,57.529411764705884,,,510362,78.0,2022/23,13,0.8259184982354805,43.82591849823548
491,MID,Wolves,Adama Traoré Diarra,1477,34,66,2,4,2,0,43.44117647058823,,,159533,101.0,2022/23,13,0.006670993024298331,66.0066709930243
493,MID,Nott'm Forest,Morgan Gibbs-White,3151,37,145,5,12,8,11,85.16216216216216,,,222531,219.0,2022/23,16,2.042467863641018,147.042467863641
501,DEF,Liverpool,Nathaniel Phillips,65,2,3,0,0,0,0,32.5,,,197464,5.0,2022/23,5,0.0014015503872909308,3.001401550387291
503,MID,Wolves,João Filipe Iria Santos Moutinho,1773,31,56,0,2,6,0,57.193548387096776,,,19624,199.0,2022/23,13,2.922260103355917,58.92226010335592
504,DEF,Man Utd,Tyrell Malacia,1391,22,62,0,0,7,8,63.22727272727273,,,222690,118.0,2022/23,3,2.613081668161418,64.61308166816141
505,MID,Bournemouth,Joe Rothwell,1010,20,33,0,1,3,0,50.5,,,156685,95.0,2022/23,15,0.2217336730683155,33.221733673068314
506,MID,Leeds,Tyler Adams,2156,24,47,0,0,5,1,89.83333333333333,,,200785,356.0,2022/23,19,58.11963347010409,105.11963347010409
507,DEF,Nott'm Forest,Moussa Niakhaté,1163,14,25,0,0,2,0,83.07142857142857,,,199170,99.0,2022/23,16,6.254721605477606,31.254721605477606
508,MID,Leeds,Luis Sinisterra Lucumí,863,19,53,5,0,0,6,45.421052631578945,,,224995,97.0,2022/23,19,0.364970225363602,53.3649702253636
509,MID,West Ham,Flynn Downes,752,21,27,0,0,1,0,35.80952380952381,,,220585,73.0,2022/23,14,0.017208044686212603,27.017208044686214
510,DEF,Brentford,Aaron Hickey,1918,26,63,0,3,5,2,73.76923076923077,,,472713,83.0,2022/23,9,0.11376078037123223,63.11376078037123
512,MID,Southampton,Joe Ayodele-Aribo,1219,21,46,2,0,1,3,58.04761904761905,,,193204,129.0,2022/23,20,1.486900661619623,47.48690066161962
513,DEF,Spurs,Clément Lenglet,2018,26,63,0,2,5,6,77.61538461538461,,,171101,134.0,2022/23,8,2.4803596419782092,65.48035964197821
514,MID,Crystal Palace,Cheick Doucouré,2770,34,74,0,3,7,3,81.47058823529412,,,438464,413.0,2022/23,11,56.85149586968421,130.85149586968421
515,MID,Brentford,Keane Lewis-Potter,313,10,14,0,1,0,0,31.3,,,249231,24.0,2022/23,9,0.0002546348305133805,14.000254634830513
516,DEF,Wolves,Nathan Collins,1811,26,49,0,0,4,6,69.65384615384616,,,432830,159.0,2022/23,13,6.050080919347637,55.050080919347636
518,GKP,Nott'm Forest,Wayne Hennessey,271,4,8,0,0,0,0,67.75,,,20066,4.0,2022/23,16,0.0,8.0
519,MID,Man Utd,Christian Eriksen,2046,28,103,1,9,13,8,73.07142857142857,,,80607,213.0,2022/23,3,7.22535330856541,110.22535330856542
520,DEF,Chelsea,Kalidou Koulibaly,1798,23,74,2,1,6,8,78.17391304347827,,,86129,159.0,2022/23,12,9.344430199727075,83.34443019972707
521,MID,Fulham,Tyrese Francois,1,1,1,0,0,0,0,20.0,,,432931,2.0,2022/23,10,0.15060887213710017,1.1506088721371002
522,DEF,Spurs,Djed Spence,5,4,4,0,0,0,0,20.0,,,232859,0.0,2022/23,8,0.0,4.0
523,DEF,Nott'm Forest,Harry Toffolo,933,19,30,0,0,2,1,49.10526315789474,,,114241,65.0,2022/23,16,0.1357792413247172,30.135779241324716
524,MID,Nott'm Forest,Lewis O'Brien,578,13,22,1,0,1,0,44.46153846153846,,,243345,82.0,2022/23,16,1.0946466045192005,23.094646604519202
525,DEF,Aston Villa,Ludwig Augustinsson,76,3,2,0,0,0,0,25.333333333333332,,,155561,2.0,2022/23,7,1.9791005403303147e-08,2.0000000197910053
526,DEF,Brentford,Ben Mee,3269,37,143,3,2,12,11,88.35135135135135,,,51927,251.0,2022/23,9,13.861490863097302,156.8614908630973
527,MID,Nott'm Forest,Jesse Lingard,918,17,33,0,1,5,0,54.0,,,109322,52.0,2022/23,16,0.004375554895703445,33.0043755548957
528,FWD,Southampton,Sékou Mara,538,22,32,1,2,0,0,24.454545454545453,,,476888,45.0,2022/23,20,0.00016959713076440759,32.000169597130764
529,FWD,West Ham,Gianluca Scamacca,921,16,41,3,0,3,7,57.5625,,,195899,42.0,2022/23,14,0.0014530513782370167,41.001453051378235
530,DEF,Crystal Palace,Chris Richards,443,9,13,0,0,1,0,49.22222222222222,,,427623,48.0,2022/23,11,1.0366453650878547,14.036645365087855
531,DEF,Everton,Rúben Nascimento Vinagre,24,2,2,0,0,0,0,20.0,,,216054,3.0,2022/23,17,0.0008409302323745584,2.0008409302323744
532,DEF,Fulham,Kevin Mbabu,141,6,7,0,1,0,0,23.5,,,120721,8.0,2022/23,10,2.2218796792965307e-05,7.000022218796793
533,DEF,Man Utd,Lisandro Martínez,2113,27,81,1,0,9,6,78.25925925925925,,,221820,211.0,2022/23,3,17.783615187217762,98.78361518721776
534,MID,Everton,Dwight McNeil,2490,36,126,7,5,5,14,69.16666666666667,,,433154,309.0,2022/23,17,17.191047962821163,143.19104796282116
535,MID,Bournemouth,Marcus Tavernier,1740,23,94,5,4,5,12,75.65217391304348,,,201658,187.0,2022/23,15,8.422344038780484,102.42234403878048
536,MID,Nott'm Forest,Orel Mangala,1543,27,50,1,1,5,0,57.148148148148145,,,179519,160.0,2022/23,16,1.502473256120922,51.50247325612092
538,DEF,Aston Villa,Ashley Young,2031,29,87,1,0,9,8,70.03448275862068,,,18892,142.0,2022/23,7,2.068486553407307,89.06848655340731
541,FWD,Brentford,Halil Dervişoğlu,6,1,4,0,1,0,0,20.0,,,434662,0.0,2022/23,9,0.0,4.0
544,DEF,Brighton,Jan Paul van Hecke,291,8,6,0,0,0,0,36.375,,,469142,28.0,2022/23,6,0.06700596834207169,6.067005968342071
545,DEF,West Ham,Emerson Palmieri dos Santos,1317,22,39,1,0,2,2,59.86363636363637,,,109533,74.0,2022/23,14,0.13961528899524633,39.139615288995245
546,MID,Fulham,Luke Harris,10,3,3,0,0,0,0,20.0,,,515024,0.0,2022/23,10,0.0,3.0
547,DEF,Leeds,Cody Drameh,70,1,1,0,0,0,0,70.0,,,433590,7.0,2022/23,19,0.42827959373313274,1.4282795937331327
548,GKP,Leicester,Daniel Iversen,1080,12,29,0,0,1,2,90.0,,,207270,9.0,2022/23,18,0.0,29.0
549,MID,Leicester,Dennis Praet,635,22,34,1,1,2,0,28.863636363636363,,,106837,72.0,2022/23,18,0.010503240611755312,34.010503240611754
552,MID,Newcastle,Elliot Anderson,395,22,30,0,1,1,2,20.0,,,215379,49.0,2022/23,4,0.0006958631899574496,30.000695863189957
554,MID,Spurs,Bryan Gil Salvatierra,146,4,9,0,1,1,0,36.5,,,436234,8.0,2022/23,8,1.6441853008031347e-05,9.000016441853008
556,MID,West Ham,Conor Coventry,1,1,1,0,0,0,0,20.0,,,222017,0.0,2022/23,14,0.0,1.0
558,DEF,Wolves,Hugo Bueno López,1307,21,41,0,1,3,3,62.23809523809524,,,490721,74.0,2022/23,13,0.18433286457165407,41.18433286457165
559,DEF,Brighton,Levi Colwill,1218,17,46,0,2,3,6,71.6470588235294,,,460028,63.0,2022/23,6,0.2104985965986408,46.21049859659864
562,MID,Fulham,Manor Solomon,560,19,44,4,0,0,1,29.473684210526315,,,235674,74.0,2022/23,10,0.041803929477723656,44.04180392947772
564,MID,Liverpool,Stefan Bajcetic,522,11,22,1,0,3,0,47.45454545454545,,,535928,62.0,2022/23,5,0.4330463506827411,22.43304635068274
566,MID,Wolves,Joseph Hodge,172,6,5,0,0,0,0,28.666666666666668,,,240299,20.0,2022/23,13,0.003380029222123936,5.003380029222124
567,MID,Wolves,Connor Ronan,1,1,1,0,0,0,0,20.0,,,198842,0.0,2022/23,13,0.0,1.0
568,MID,Wolves,Chem Campbell,68,5,5,0,0,0,0,20.0,,,461026,7.0,2022/23,13,1.875658558461644e-05,5.000018756585584
569,MID,Man Utd,Alejandro Garnacho,557,19,39,3,2,0,0,29.31578947368421,,,493105,40.0,2022/23,3,0.00013131044510338087,39.000131310445106
570,MID,Everton,James Garner,796,16,25,0,1,2,0,49.75,,,232928,110.0,2022/23,17,2.308693059296445,27.308693059296445
573,DEF,Man City,Rico Lewis,900,14,29,0,0,2,0,64.28571428571429,,,477064,38.0,2022/23,1,0.018460546730927993,29.01846054673093
574,GKP,Bournemouth,Norberto Murara Neto,2385,27,93,0,0,6,9,88.33333333333333,,,69752,28.0,2022/23,15,0.0,93.0
575,MID,West Ham,Maxwel Cornet,232,14,14,0,0,0,0,20.0,,,149519,27.0,2022/23,14,0.0002184270951322042,14.000218427095133
576,DEF,Bournemouth,Marcos Senesi,2489,31,69,2,0,5,5,80.29032258064517,,,221466,253.0,2022/23,15,23.778293086020422,92.77829308602043
577,MID,Everton,Amadou Onana,2486,33,77,1,3,9,2,75.33333333333333,,,449871,302.0,2022/23,17,21.066647886958478,98.06664788695848
578,GKP,Leeds,Joel Robles,360,4,7,0,0,0,0,90.0,,,78315,8.0,2022/23,19,0.0,7.0
579,MID,Wolves,Gonçalo Manuel Ganchinho Guedes,703,13,29,1,1,2,1,54.07692307692308,,,181284,45.0,2022/23,13,0.010260737885458211,29.010260737885456
580,MID,Brentford,Mikkel Damsgaard,970,26,33,0,0,3,0,37.30769230769231,,,440089,123.0,2022/23,9,0.2793015753866199,33.27930157538662
582,MID,Nott'm Forest,Remo Freuler,2157,28,54,0,0,6,0,77.03571428571429,,,89076,260.0,2022/23,16,19.0237616259449,73.0237616259449
583,MID,Nott'm Forest,Cheikhou Kouyaté,871,21,35,1,0,2,2,41.476190476190474,,,55037,120.0,2022/23,16,0.9100544914801865,35.91005449148019
584,MID,Liverpool,Bobby Clark,7,1,1,0,0,0,0,20.0,,,491970,0.0,2022/23,5,0.0,1.0
585,FWD,Nott'm Forest,Emmanuel Dennis,709,19,39,2,2,1,3,37.31578947368421,,,230251,61.0,2022/23,16,0.011377021285431221,39.01137702128543
586,DEF,Brighton,Pervis Estupiñán,2674,35,128,1,7,10,15,76.4,,,204214,141.0,2022/23,6,0.7531924991760073,128.753192499176
587,DEF,Man City,Sergio Gómez,340,12,21,0,1,1,1,28.333333333333332,,,437468,22.0,2022/23,1,0.0006854839380419397,21.000685483938042
588,DEF,West Ham,Thilo Kehrer,2229,27,67,0,3,5,4,82.55555555555556,,,201057,156.0,2022/23,14,4.739595377925833,71.73959537792584
589,MID,Wolves,Matheus Luiz Nunes,2467,34,83,1,1,11,5,72.55882352941177,,,465351,273.0,2022/23,13,11.681236930836054,94.68123693083605
590,GKP,Crystal Palace,Joseph Whitworth,180,2,3,0,0,0,0,90.0,,,487818,1.0,2022/23,11,0.0,3.0
593,MID,Man Utd,Carlos Henrique Casimiro,2122,28,87,4,3,10,10,75.78571428571429,,,61256,398.0,2022/23,3,63.89847178842082,150.8984717884208
594,FWD,Newcastle,Alexander Isak,1520,22,100,10,2,4,18,69.0909090909091,,,219168,70.0,2022/23,4,0.012138111561623479,100.01213811156163
595,DEF,Brentford,Mathias Jorgensen,1097,18,45,0,1,4,4,60.94444444444444,,,48760,84.0,2022/23,9,0.9680423280565947,45.9680423280566
596,FWD,Brighton,Evan Ferguson,942,19,65,6,2,6,8,49.578947368421055,,,487117,40.0,2022/23,6,0.00019601098511293078,65.0001960109851
598,DEF,Bournemouth,Owen Bevan,8,1,1,0,0,0,0,20.0,,,518906,0.0,2022/23,15,0.0,1.0
602,DEF,Nott'm Forest,Renan Augusto Lodi dos Santos,2211,28,56,0,2,5,3,78.96428571428571,,,233420,151.0,2022/23,16,3.424745933819646,59.42474593381964
603,MID,West Ham,Lucas Tolentino Coelho de Lima,2154,28,98,4,5,6,8,76.92857142857143,,,224024,266.0,2022/23,14,20.917437775167322,118.91743777516731
608,FWD,Wolves,Sasa Kalajdzic,45,1,1,0,0,0,0,45.0,,,429414,3.0,2022/23,13,0.0003209804564978138,1.0003209804564979
609,MID,Man Utd,Antony Matheus dos Santos,1803,25,82,4,2,12,4,72.12,,,467169,134.0,2022/23,3,0.687299467038194,82.68729946703819
610,DEF,Man City,Manuel Akanji,2284,29,82,0,1,7,5,78.75862068965517,,,211975,91.0,2022/23,1,0.11210801049571571,82.11210801049572
611,MID,Everton,Idrissa Gueye,2577,33,66,0,1,8,1,78.0909090909091,,,80801,462.0,2022/23,17,73.55340926035001,139.55340926035
612,DEF,Leicester,Wout Faes,2786,31,78,1,2,7,5,89.87096774193549,,,218218,245.0,2022/23,18,21.26121229635007,99.26121229635007
613,DEF,Fulham,Layvin Kurzawa,136,3,2,0,0,0,0,45.333333333333336,,,89068,8.0,2022/23,10,0.003457102894494189,2.0034571028944943
614,MID,Fulham,Willian Borges da Silva,2127,27,116,5,7,9,11,78.77777777777777,,,47431,135.0,2022/23,10,0.4434933992293093,116.44349339922931
616,MID,Chelsea,Denis Zakaria,409,7,13,0,0,2,0,58.42857142857143,,,212701,42.0,2022/23,12,0.4236439412527305,13.423643941252731
617,FWD,Chelsea,Pierre-Emerick Aubameyang,546,15,25,1,0,1,3,36.4,,,54694,18.0,2022/23,12,4.1628135186472233e-07,25.000000416281352
618,FWD,Fulham,Carlos Vinícius Alves Morais,1098,28,72,5,2,1,10,39.214285714285715,,,245824,35.0,2022/23,10,1.2114329452702873e-06,72.00000121143295
619,FWD,Leeds,Wilfried Gnonto,1346,24,55,2,4,4,6,56.083333333333336,,,492859,118.0,2022/23,19,0.51795949804448,55.51795949804448
622,DEF,Southampton,Juan Larios López,150,5,4,0,0,0,0,30.0,,,515571,13.0,2022/23,20,0.004745732278112386,4.004745732278113
623,DEF,Southampton,Duje Caleta-Car,942,13,28,1,0,1,2,72.46153846153847,,,173271,105.0,2022/23,20,9.622902919592631,37.62290291959263
624,MID,Southampton,Samuel Edozie,554,17,23,0,0,1,0,32.588235294117645,,,490503,59.0,2022/23,20,0.013732464606739676,23.01373246460674
625,FWD,Wolves,Diego Da Silva Costa,1235,23,33,1,0,6,3,53.69565217391305,,,18507,48.0,2022/23,13,0.00021726115644462378,33.00021726115644
628,DEF,Nott'm Forest,Serge Aurier,1943,24,70,1,0,6,8,80.95833333333333,,,80226,169.0,2022/23,16,10.536443110164091,80.53644311016409
629,MID,Wolves,Boubacar Traoré,405,10,14,0,1,0,0,40.5,,,476502,49.0,2022/23,13,0.1408784894935227,14.140878489493522
630,MID,Arsenal,Ethan Nwaneri,1,1,1,0,0,0,0,20.0,,,499175,0.0,2022/23,2,0.0,1.0
643,MID,Man Utd,Kobbie Mainoo,10,1,1,0,0,0,0,20.0,,,516895,1.0,2022/23,3,2.0552316260039184e-06,1.000002055231626
651,MID,Brighton,Andrew Moran,11,1,1,0,0,0,0,20.0,,,513834,0.0,2022/23,6,0.0,1.0
653,MID,Chelsea,Omari Hutchinson,22,1,1,0,0,0,0,22.0,,,503301,2.0,2022/23,12,4.110463252007837e-06,1.000004110463252
659,FWD,Leeds,Mateo Joseph Fernández,24,3,3,0,0,0,0,20.0,,,565297,1.0,2022/23,19,5.864727816352569e-10,3.0000000005864726
661,MID,Chelsea,Lewis Hall,653,9,19,0,0,1,3,72.55555555555556,,,487838,92.0,2022/23,12,8.912511998664879,27.91251199866488
662,FWD,Everton,Thomas Cannon,23,2,2,0,0,0,0,20.0,,,461416,0.0,2022/23,17,0.0,2.0
664,DEF,Wolves,Dexter Lembikisa,22,1,1,0,0,0,0,22.0,,,492776,0.0,2022/23,13,0.0,1.0
665,MID,Liverpool,Ben Doak,23,2,2,0,0,0,0,20.0,,,496208,8.0,2022/23,5,0.17808443258995166,2.1780844325899515
669,FWD,West Ham,Divin Mubama,36,3,3,0,0,0,0,20.0,,,487837,2.0,2022/23,14,2.1521657591947402e-08,3.000000021521658
676,MID,Crystal Palace,David Ozoh,1,1,1,0,0,0,0,20.0,,,531989,0.0,2022/23,11,0.0,1.0
677,MID,Brighton,Jack Hinshelwood,1,1,1,0,0,0,0,20.0,,,532529,1.0,2022/23,6,0.14738783602661726,1.1473878360266172
678,MID,Everton,Isaac Price,32,1,0,0,0,0,0,32.0,,,491559,1.0,2022/23,17,2.504959385782698e-09,2.504959385782698e-09
679,MID,Brighton,Facundo Buonanotte,558,13,26,1,1,1,2,42.92307692307692,,,536916,35.0,2022/23,6,0.0010081995713298085,26.00100819957133
680,MID,Liverpool,Cody Gakpo,1455,21,90,7,3,6,4,69.28571428571429,,,243298,90.0,2022/23,5,0.10256646031880841,90.10256646031881
681,MID,Nott'm Forest,Gustavo Henrique Furtado Scarpa,177,6,5,0,0,0,0,29.5,,,185253,19.0,2022/23,16,0.0021230899376924028,5.002123089937692
682,FWD,Wolves,Matheus Santos Carneiro Da Cunha,961,17,39,2,0,5,6,56.529411764705884,,,430871,78.0,2022/23,13,0.21443173155646542,39.214431731556466
684,FWD,Chelsea,David Datro Fofana,68,3,3,0,0,0,0,22.666666666666668,,,520295,9.0,2022/23,12,0.0009629413694934414,3.0009629413694934
686,FWD,Everton,Ellis Simms,219,11,17,1,0,0,0,20.0,,,218997,7.0,2022/23,17,2.656631210373442e-10,17.000000000265665
688,MID,Brentford,Kevin Schade,723,18,29,0,1,3,0,40.166666666666664,,,513418,53.0,2022/23,9,0.0032523143617410656,29.003252314361742
689,DEF,Chelsea,Benoît Badiashile,904,11,40,1,0,4,2,82.18181818181819,,,242880,65.0,2022/23,12,2.1625449634751335,42.162544963475135
690,FWD,Chelsea,João Félix Sequeira,936,16,44,4,0,2,7,58.5,,,428399,39.0,2022/23,12,0.0007079730272157145,44.00070797302722
691,DEF,Leeds,Maximilian Wöber,1264,16,25,0,0,2,2,79.0,,,220087,130.0,2022/23,19,12.08761332169171,37.08761332169171
692,MID,Southampton,Mislav Orsic,6,1,1,0,0,0,0,20.0,,,81205,2.0,2022/23,20,0.03587061371913979,1.0358706137191398
693,MID,Southampton,Carlos Alcaraz,1024,18,55,4,2,0,4,56.888888888888886,,,502697,80.0,2022/23,20,0.11801850549070078,55.1180185054907
694,DEF,Aston Villa,Alexandre Moreno Lopera,1325,19,72,0,3,7,5,69.73684210526316,,,106468,63.0,2022/23,7,0.10897730896766472,72.10897730896767
698,MID,Wolves,Mario Lemina,1297,19,35,0,1,5,0,68.26315789473684,,,151086,174.0,2022/23,13,12.165885469848568,47.16588546984857
699,MID,Chelsea,Mykhailo Mudryk,650,15,25,0,2,0,0,43.333333333333336,,,465920,49.0,2022/23,12,0.007042201885261777,25.007042201885263
700,FWD,Leeds,Georginio Rutter,263,11,15,0,1,0,0,23.90909090909091,,,463067,23.0,2022/23,19,0.0001059117036999668,15.0001059117037
701,FWD,Man Utd,Wout Weghorst,790,17,24,0,1,4,0,46.470588235294116,,,120202,63.0,2022/23,3,0.036439717679264856,24.036439717679265
703,MID,Nott'm Forest,Danilo dos Santos de Oliveira,976,13,48,3,2,1,5,75.07692307692308,,,513046,111.0,2022/23,16,6.055332418174502,54.0553324181745
704,MID,Wolves,Pablo Sarabia,764,13,27,1,0,3,3,58.76923076923077,,,88484,60.0,2022/23,13,0.11508803933096265,27.115088039330963
705,MID,Bournemouth,Dango Ouattara,1239,19,49,1,3,1,4,65.21052631578948,,,533463,137.0,2022/23,15,3.630645075435448,52.630645075435446
708,MID,Chelsea,Noni Madueke,639,12,26,1,0,0,2,53.25,,,248857,55.0,2022/23,12,0.10054695064900356,26.100546950649004
709,DEF,Leicester,Victor Kristiansen,891,12,16,0,1,0,0,74.25,,,481510,67.0,2022/23,18,1.7650682326718885,17.76506823267189
710,DEF,Arsenal,Jakub Kiwior,425,7,26,1,0,2,1,60.714285714285715,,,440854,26.0,2022/23,2,0.08801101724192661,26.088011017241925
711,FWD,Aston Villa,Jhon Durán,126,12,11,0,0,0,0,20.0,,,476344,11.0,2022/23,7,9.55259887936185e-06,11.000009552598879
712,MID,Man City,Máximo Perrone,18,1,1,0,0,0,0,20.0,,,482769,3.0,2022/23,1,0.0005070043833185904,1.0005070043833186
713,MID,Spurs,Arnaut Danjuma,162,9,15,1,0,0,0,20.0,,,220307,3.0,2022/23,8,2.410825817411461e-13,15.000000000000242
714,FWD,Bournemouth,Antoine Semenyo,250,11,18,1,0,0,1,22.727272727272727,,,437730,21.0,2022/23,15,4.195941416879347e-05,18.00004195941417
715,MID,Leicester,Mateus Cardoso Lemos Martins,732,13,27,1,0,0,1,56.30769230769231,,,225295,70.0,2022/23,18,0.36945965172583606,27.369459651725837
716,DEF,Southampton,James Bree,366,5,4,0,0,0,0,73.2,,,184386,23.0,2022/23,20,0.2466925414597155,4.246692541459716
717,GKP,Wolves,Daniel Bentley,180,2,6,0,0,0,0,90.0,,,79602,2.0,2022/23,13,0.0,6.0
718,DEF,Bournemouth,Matías Viña,452,12,28,2,0,1,0,37.666666666666664,,,244704,41.0,2022/23,15,0.08498941242846045,28.08498941242846
719,MID,Brighton,Yasin Ayari,65,3,3,0,0,0,0,21.666666666666668,,,509416,5.0,2022/23,6,1.8748539311289357e-06,3.000001874853931
720,MID,Leeds,Weston McKennie,1434,19,31,0,1,1,0,75.47368421052632,,,241519,176.0,2022/23,19,12.77652455274441,43.77652455274441
721,MID,Wolves,João Victor Gomes da Silva,649,11,21,1,0,2,2,59.0,,,448089,106.0,2022/23,13,8.70453042920577,29.704530429205768
722,DEF,Bournemouth,Illia Zabarnyi,297,5,7,0,0,0,0,59.4,,,477580,23.0,2022/23,15,0.2466925414597141,7.246692541459714
723,MID,Bournemouth,Hamed Traorè,425,7,14,0,0,2,0,60.714285714285715,,,424044,53.0,2022/23,15,1.7604301394235453,15.760430139423546
724,MID,Chelsea,Enzo Fernández,1547,18,42,0,2,3,1,85.94444444444444,,,448047,192.0,2022/23,12,20.657973414926726,62.65797341492673
725,MID,Crystal Palace,Naouirou Ahamada,87,8,7,0,0,0,0,20.0,,,466117,11.0,2022/23,11,0.00018446467893137552,7.000184464678932
726,MID,Fulham,Sasa Lukic,406,12,15,0,0,0,0,33.833333333333336,,,212314,46.0,2022/23,10,0.023055878396415208,15.023055878396415
727,DEF,Leicester,Harry Souttar,991,12,20,0,1,1,0,82.58333333333333,,,194190,84.0,2022/23,18,5.139355124797593,25.139355124797593
728,MID,Man Utd,Marcel Sabitzer,622,11,25,0,1,5,0,56.54545454545455,,,101338,85.0,2022/23,3,3.089692864288933,28.089692864288935
729,GKP,Nott'm Forest,Keylor Navas,1530,17,43,0,0,2,5,90.0,,,28411,25.0,2022/23,16,0.0,43.0
730,DEF,Nott'm Forest,Felipe Augusto de Almeida Monteiro,1417,16,25,0,1,1,3,88.5625,,,116404,180.0,2022/23,16,27.73237793209228,52.73237793209228
731,MID,Southampton,Kamaldeen Sulemana,959,18,45,2,1,3,3,53.27777777777778,,,504783,64.0,2022/23,20,0.018004238777057542,45.01800423877706
732,FWD,Southampton,Paul Onuachu,401,11,14,0,0,1,0,36.45454545454545,,,147611,22.0,2022/23,20,6.749391076455913e-05,14.000067493910764
733,DEF,Spurs,Pedro Porro,1132,15,59,3,3,2,5,75.46666666666667,,,441164,62.0,2022/23,8,0.38084364051384095,59.38084364051384
734,MID,Nott'm Forest,André Ayew,306,13,11,0,0,0,0,23.53846153846154,,,45124,22.0,2022/23,16,9.531953713200599e-06,11.000009531953713
736,DEF,Brighton,Odeluga Offiah,23,2,1,0,0,0,0,20.0,,,445548,2.0,2022/23,6,4.217433889210926e-05,1.000042174338892
741,MID,Newcastle,Lewis Miley,14,1,1,0,0,0,0,20.0,,,547719,1.0,2022/23,4,8.553501116727689e-08,1.000000085535011
758,MID,Spurs,George Abbott,1,1,1,0,0,0,0,20.0,,,519327,1.0,2022/23,8,0.14738783602661726,1.1473878360266172
762,MID,Brighton,Cameron Peupion,5,1,1,0,0,0,0,20.0,,,491598,0.0,2022/23,6,0.0,1.0
764,MID,Spurs,Matthew Craig,13,1,1,0,0,0,0,20.0,,,461201,4.0,2022/23,8,0.04656981441494428,1.0465698144149442
769,MID,Southampton,Kamari Doyle,6,1,1,0,0,0,0,20.0,,,494541,0.0,2022/23,20,0.0,1.0
770,FWD,Southampton,Dominic Ballard,24,2,2,0,0,0,0,20.0,,,494543,3.0,2022/23,20,6.797674935288235e-05,2.000067976749353
773,MID,Man City,Shea Charles,27,1,1,0,0,0,0,27.0,,,463210,8.0,2022/23,1,0.3371349716813896,1.3371349716813896
778,MID,Southampton,Samuel Amo-Ameyaw,3,1,1,0,0,0,0,20.0,,,499724,1.0,2022/23,20,0.017935306859569896,1.0179353068595698
2,DEF,Arsenal,Cédric Alves Soares,59,3,3,0,0,0,0,20.0,,,58822,0.0,2023/24,2,0.0,3.0
3,MID,Arsenal,Mohamed Elneny,25,3,6,0,1,0,0,20.0,,,153256,3.0,2023/24,2,3.1829353814172564e-05,6.000031829353814
4,MID,Arsenal,Fábio Ferreira Vieira,290,11,24,1,3,1,0,26.363636363636363,,,438098,22.0,2023/24,2,4.52150957720862e-05,24.00004521509577
5,DEF,Arsenal,Gabriel dos Santos Magalhães,3042,36,149,3,1,16,8,84.5,,,226597,209.0,2023/24,2,6.4753180836632485,155.47531808366324
6,MID,Arsenal,Kai Havertz,2627,37,180,13,10,16,15,71.0,,,219847,200.0,2023/24,2,1.0812337054481957,181.0812337054482
8,FWD,Arsenal,Gabriel Fernando de Jesus,1470,27,85,4,7,11,10,54.44444444444444,,,205651,108.0,2023/24,2,0.11111055655980123,85.11111055655981
9,MID,Arsenal,Jorge Luiz Frello Filho,913,24,44,0,2,4,1,38.041666666666664,,,85955,93.0,2023/24,2,0.05057038918856181,44.050570389188564
10,DEF,Arsenal,Jakub Kiwior,942,20,67,1,3,6,1,47.1,,,440854,55.0,2023/24,2,0.029118370052661498,67.02911837005266
12,MID,Arsenal,Gabriel Martinelli Silva,2010,35,118,6,5,10,6,57.42857142857143,,,444145,138.0,2023/24,2,0.08545995972508656,118.08545995972509
13,FWD,Arsenal,Eddie Nketiah,1065,27,71,5,4,6,5,39.44444444444444,,,205533,44.0,2023/24,2,1.989631821544117e-05,71.00001989631822
14,MID,Arsenal,Martin Ødegaard,3098,35,186,8,11,19,26,88.51428571428572,,,184029,228.0,2023/24,2,3.6216791109745605,189.62167911097455
15,MID,Arsenal,Thomas Partey,785,14,24,0,0,5,0,56.07142857142857,,,167199,92.0,2023/24,2,1.5304695434672615,25.530469543467262
17,GKP,Arsenal,Aaron Ramsdale,540,6,20,0,0,2,0,90.0,,,225321,3.0,2023/24,2,0.0,20.0
19,MID,Arsenal,Bukayo Saka,2922,35,226,16,12,16,29,83.48571428571428,,,223340,257.0,2023/24,2,7.420041630466993,233.42004163046698
20,DEF,Arsenal,William Saliba,3420,38,164,2,1,18,13,90.0,,,462424,165.0,2023/24,2,1.316859798080807,165.3168597980808
21,MID,Luton,Albert Sambi Lokonga,1304,17,47,1,3,2,4,76.70588235294117,,,437742,131.0,2023/24,18,4.70438112310495,51.70438112310495
22,MID,Arsenal,Emile Smith Rowe,343,13,25,0,2,3,0,26.384615384615383,,,209289,24.0,2023/24,2,2.3530679838185997e-05,25.000023530679837
23,DEF,Nott'm Forest,Nuno Varela Tavares,454,8,11,0,0,1,0,56.75,,,437626,27.0,2023/24,17,0.05198818043591137,11.051988180435911
25,DEF,Arsenal,Takehiro Tomiyasu,1140,22,70,2,1,6,4,51.81818181818182,,,223723,72.0,2023/24,2,0.11500232522995447,70.11500232522995
26,MID,Arsenal,Leandro Trossard,1633,34,138,12,2,12,11,48.029411764705884,,,116216,129.0,2023/24,2,0.05981304039296014,138.05981304039295
27,DEF,Sheffield Utd,Auston Trusty,2568,32,28,0,0,1,0,80.25,,,201410,249.0,2023/24,20,20.74950730662212,48.74950730662212
28,GKP,Nott'm Forest,Matt Turner,1530,17,42,0,0,2,0,90.0,,,224068,13.0,2023/24,17,0.0,42.0
29,DEF,Arsenal,Benjamin White,2987,37,182,4,5,18,14,80.72972972972973,,,198869,169.0,2023/24,2,1.7492677378023638,183.74926773780237
31,DEF,Arsenal,Oleksandr Zinchenko,1717,27,104,1,2,9,16,63.592592592592595,,,206325,95.0,2023/24,2,0.23455235627090965,104.23455235627091
32,DEF,Aston Villa,Alexandre Moreno Lopera,1024,21,49,2,0,3,5,48.76190476190476,,,106468,66.0,2023/24,4,0.08210744781355193,49.08210744781355
33,FWD,Sheffield Utd,Cameron Archer,1829,30,82,4,3,2,9,60.96666666666667,,,433979,94.0,2023/24,20,0.01438315500299776,82.014383155003
34,MID,Aston Villa,Leon Bailey,2063,35,148,10,11,5,11,58.94285714285714,,,215711,134.0,2023/24,4,0.06653479127122675,148.06653479127124
36,DEF,Aston Villa,Matty Cash,2138,29,64,2,2,3,4,73.72413793103448,,,199796,138.0,2023/24,4,1.7508395991365422,65.75083959913654
37,DEF,Aston Villa,Calum Chambers,149,5,6,0,1,0,0,29.8,,,101184,10.0,2023/24,4,0.0005874247600126401,6.000587424760012
38,MID,Aston Villa,Philippe Coutinho Correia,24,2,2,0,0,0,0,20.0,,,84583,1.0,2023/24,4,3.928861535651919e-10,2.000000000392886
40,MID,Aston Villa,Leander Dendoncker,118,8,20,1,1,0,3,20.0,,,151589,17.0,2023/24,4,0.0008703710359970771,20.000870371035997
41,DEF,Aston Villa,Diego Carlos Santos Silva,1809,27,55,0,0,6,1,67.0,,,165659,137.0,2023/24,4,2.360044677693725,57.36004467769372
42,DEF,Aston Villa,Lucas Digne,2405,33,85,1,4,6,5,72.87878787878788,,,101188,136.0,2023/24,4,0.8222474336805016,85.8222474336805
43,MID,Aston Villa,Douglas Luiz Soares de Paulo,2994,35,148,9,5,6,25,85.54285714285714,,,230046,290.0,2023/24,4,14.089582961806256,162.08958296180626
44,FWD,Aston Villa,Jhon Durán,461,23,50,5,1,0,7,20.043478260869566,,,476344,31.0,2023/24,4,2.247190158489334e-06,50.00000224719016
46,MID,Aston Villa,Tim Iroegbunam,157,9,10,0,0,0,0,20.0,,,490094,26.0,2023/24,4,0.00417503312030478,10.004175033120305
47,MID,Aston Villa,Boubacar Kamara,1653,20,40,0,1,7,1,82.65,,,226944,183.0,2023/24,4,12.758521833870315,52.75852183387032
48,DEF,Aston Villa,Ezri Konsa Ngoyo,3069,35,91,1,1,7,7,87.68571428571428,,,199798,170.0,2023/24,4,2.3822350558760976,93.3822350558761
49,GKP,Aston Villa,Emiliano Martínez Romero,3015,34,115,0,0,8,19,88.67647058823529,,,98980,16.0,2023/24,4,0.0,115.0
50,MID,Aston Villa,John McGinn,3000,35,119,6,5,7,9,85.71428571428571,,,122806,263.0,2023/24,4,8.442542719842457,127.44254271984246
51,DEF,Aston Villa,Tyrone Mings,30,1,0,0,0,0,0,30.0,,,149484,2.0,2023/24,4,0.00011748495200252803,0.00011748495200252803
52,MID,Luton,Marvelous Nakamba,1131,13,21,0,0,0,0,87.0,,,184704,158.0,2023/24,18,21.767328947122596,42.76732894712259
53,GKP,Aston Villa,Robin Olsen,405,5,17,0,0,0,3,81.0,,,111782,2.0,2023/24,4,0.0,17.0
54,MID,Aston Villa,Jaden Philogene-Bidace,3,1,1,0,0,0,0,20.0,,,481624,1.0,2023/24,4,0.017935306859569896,1.0179353068595698
55,MID,Aston Villa,Jacob Ramsey,848,16,29,1,1,0,0,53.0,,,232653,70.0,2023/24,4,0.09240178614540816,29.09240178614541
58,MID,Aston Villa,Youri Tielemans,1613,32,77,2,6,4,2,50.40625,,,166989,164.0,2023/24,4,0.6326385928661532,77.63263859286616
59,MID,Aston Villa,Bertrand Traoré,10,2,2,0,0,0,0,20.0,,,110504,3.0,2023/24,4,0.03026028151805201,2.030260281518052
60,FWD,Aston Villa,Ollie Watkins,3222,37,228,19,18,7,29,87.08108108108108,,,178301,103.0,2023/24,4,0.005886989462978132,228.00588698946297
62,MID,Bournemouth,Jaidon Anthony,151,3,3,0,0,0,0,50.333333333333336,,,444180,17.0,2023/24,13,0.12262974610779101,3.122629746107791
63,MID,Bournemouth,Philip Billing,1385,29,60,2,3,2,3,47.758620689655174,,,168991,161.0,2023/24,13,1.025978244979787,61.02597824497979
64,MID,Bournemouth,David Brooks,271,13,23,1,1,0,2,20.846153846153847,,,111317,26.0,2023/24,13,5.3436022276101876e-05,23.000053436022277
65,MID,Bournemouth,Ryan Christie,2908,37,90,0,5,8,5,78.5945945945946,,,158499,430.0,2023/24,13,55.11462281113321,145.11462281113322
66,MID,Bournemouth,Lewis Cook,2787,33,77,0,3,8,5,84.45454545454545,,,155408,408.0,2023/24,13,57.583485096313936,134.58348509631395
69,DEF,Bournemouth,James Hill,74,5,5,0,0,0,0,20.0,,,463981,16.0,2023/24,13,0.12498204942802595,5.124982049428026
70,DEF,Bournemouth,Lloyd Kelly,1553,23,48,0,1,4,5,67.52173913043478,,,235530,108.0,2023/24,13,1.2833815464479699,49.28338154644797
72,MID,Bournemouth,Justin Kluivert,1910,32,100,7,1,11,2,59.6875,,,222683,135.0,2023/24,13,0.1373709839831444,100.13737098398315
75,DEF,Bournemouth,Chris Mepham,613,10,16,0,1,1,0,61.3,,,223911,54.0,2023/24,13,1.2318728833730288,17.23187288337303
76,FWD,Bournemouth,Kieffer Moore,100,8,14,1,0,0,2,20.0,,,128340,4.0,2023/24,13,1.5438015927222866e-09,14.000000001543802
77,GKP,Bournemouth,Norberto Murara Neto,2880,32,110,0,0,7,14,90.0,,,69752,39.0,2023/24,13,0.0,110.0
78,MID,Bournemouth,Dango Ouattara,1214,30,56,1,2,5,3,40.46666666666667,,,533463,172.0,2023/24,13,1.330515290158051,57.330515290158054
81,MID,Bournemouth,Joe Rothwell,380,11,13,0,0,0,0,34.54545454545455,,,156685,46.0,2023/24,13,0.04392158952595742,13.043921589525958
82,FWD,Bournemouth,Antoine Semenyo,2099,33,107,8,4,8,14,63.60606060606061,,,437730,163.0,2023/24,13,0.737660730969836,107.73766073096984
83,DEF,Bournemouth,Marcos Senesi,2239,31,102,4,5,6,13,72.2258064516129,,,221466,218.0,2023/24,13,13.534058955020276,115.53405895502027
84,DEF,Bournemouth,Adam Smith,2148,28,80,0,3,8,4,76.71428571428571,,,54469,118.0,2023/24,13,0.8043196306700617,80.80431963067007
85,FWD,Bournemouth,Dominic Solanke,3325,38,175,19,3,10,20,87.5,,,154566,175.0,2023/24,13,0.49355023005644627,175.49355023005646
86,MID,Bournemouth,Marcus Tavernier,2118,30,89,3,4,8,5,70.6,,,201658,222.0,2023/24,13,6.6441597011776325,95.64415970117763
87,MID,Bournemouth,Hamed Traorè,44,3,3,0,0,0,0,20.0,,,424044,5.0,2023/24,13,3.27072287608293e-05,3.000032707228761
88,GKP,Bournemouth,Mark Travers,360,4,19,0,0,2,2,90.0,,,229600,4.0,2023/24,13,0.0,19.0
89,DEF,Bournemouth,Illia Zabarnyi,3330,37,84,1,0,8,3,90.0,,,477580,264.0,2023/24,13,17.15174474942153,101.15174474942152
90,DEF,Brentford,Kristoffer Ajer,1826,28,68,2,1,5,3,65.21428571428571,,,191866,152.0,2023/24,16,3.548407674220691,71.5484076742207
92,MID,Brentford,Shandon Baptiste,222,10,19,1,1,0,0,22.2,,,432160,30.0,2023/24,16,0.0021502920659232897,19.002150292065924
96,DEF,Brentford,Nathan Collins,2649,32,84,1,1,7,8,82.78125,,,432830,241.0,2023/24,16,18.36821191553453,102.36821191553453
98,MID,Brentford,Mikkel Damsgaard,829,23,45,0,4,5,0,36.04347826086956,,,440089,108.0,2023/24,16,0.23312481554552056,45.23312481554552
99,MID,Brentford,Josh Dasilva,22,3,3,0,0,0,0,20.0,,,183656,4.0,2023/24,16,0.001339717409375688,3.0013397174093757
101,GKP,Brentford,Mark Flekken,3285,37,119,0,1,7,12,88.78378378378379,,,118342,41.0,2023/24,16,0.0,119.0
103,DEF,Brentford,Rico Henry,401,5,13,0,1,1,0,80.2,,,194010,20.0,2023/24,16,0.10273717291703441,13.102737172917035
104,DEF,Brentford,Aaron Hickey,713,9,17,0,0,2,0,79.22222222222223,,,472713,32.0,2023/24,16,0.08403666880369223,17.08403666880369
105,MID,Brentford,Vitaly Janelt,3054,38,93,1,4,9,1,80.36842105263158,,,204580,354.0,2023/24,16,26.172897101680302,119.1728971016803
106,MID,Brentford,Mathias Jensen,2201,32,98,3,4,9,10,68.78125,,,207283,230.0,2023/24,16,6.002927118582557,104.00292711858256
107,MID,Brentford,Keane Lewis-Potter,1428,30,73,3,2,6,1,47.6,,,249231,108.0,2023/24,16,0.03346426488073984,73.03346426488073
108,MID,Brentford,Bryan Mbeumo,1957,25,127,9,7,5,12,78.28,,,446008,129.0,2023/24,16,0.5199120755231907,127.5199120755232
109,DEF,Brentford,Ben Mee,1272,16,39,2,1,1,3,79.5,,,51927,109.0,2023/24,16,6.104857952903746,45.10485795290374
110,MID,Brentford,Christian Nørgaard,2504,31,74,2,1,6,3,80.7741935483871,,,128295,406.0,2023/24,16,61.310014505377836,135.31001450537784
111,MID,Brentford,Frank Onyeka,1147,26,39,1,2,1,0,44.11538461538461,,,428580,157.0,2023/24,16,1.6424898808663282,40.64248988086633
112,DEF,Brentford,Ethan Pinnock,2521,29,77,2,0,5,5,86.93103448275862,,,231065,269.0,2023/24,16,32.89145026097898,109.89145026097898
113,GKP,Arsenal,David Raya Martin,2880,32,135,0,0,16,6,90.0,,,154561,14.0,2023/24,2,0.0,135.0
114,DEF,Brentford,Mads Roerslev Rasmussen,1975,34,75,1,2,5,3,58.088235294117645,,,226956,131.0,2023/24,16,0.5462231083417188,75.54622310834172
115,MID,Brentford,Kevin Schade,327,11,33,2,2,1,2,29.727272727272727,,,513418,31.0,2023/24,16,0.0013169404331338148,33.001316940433135
116,GKP,Brentford,Thomas Strakosha,135,2,4,0,0,0,0,67.5,,,140200,1.0,2023/24,16,0.0,4.0
117,FWD,Brentford,Ivan Toney,1449,17,57,4,3,3,4,85.23529411764706,,,144485,99.0,2023/24,16,1.253625391056334,58.25362539105633
119,FWD,Brentford,Yoane Wissa,2488,34,131,12,4,11,15,73.17647058823529,,,216646,152.0,2023/24,16,0.3487871689485268,131.34878716894852
120,MID,Brentford,Yegor Yarmoliuk,670,27,33,0,0,4,0,24.814814814814813,,,508395,82.0,2023/24,16,0.006505106692255651,33.00650510669225
121,DEF,Brentford,Mathias Jorgensen,1086,14,29,1,0,2,3,77.57142857142857,,,48760,72.0,2023/24,16,1.3197663535817719,30.319766353581773
122,MID,Brighton,Simon Adingra,2220,31,97,6,1,4,8,71.61290322580645,,,535818,205.0,2023/24,11,3.5248043716022193,100.52480437160222
125,MID,Brighton,Facundo Buonanotte,1356,27,57,3,1,6,1,50.22222222222222,,,536916,124.0,2023/24,11,0.2298694460076714,57.22986944600767
126,MID,Chelsea,Moisés Caicedo Corozo,2865,35,84,1,3,7,6,81.85714285714286,,,486672,386.0,2023/24,6,44.71589699387285,128.71589699387286
128,MID,Brighton,Mahmoud Dahoud,449,9,14,0,1,1,0,49.888888888888886,,,168090,41.0,2023/24,11,0.07186454493286036,14.071864544932861
129,DEF,Brighton,Lewis Dunk,2869,33,89,3,1,5,11,86.93939393939394,,,83299,183.0,2023/24,11,4.683379740630571,93.68337974063057
130,MID,Brighton,Julio Enciso,468,12,20,0,2,0,0,39.0,,,474120,22.0,2023/24,11,2.0213273173585363e-05,20.000020213273174
131,DEF,Brighton,Pervis Estupiñán,1242,19,57,2,3,3,7,65.36842105263158,,,204214,71.0,2023/24,11,0.24883093534371753,57.24883093534372
132,FWD,Brighton,Evan Ferguson,1356,27,69,6,1,2,5,50.22222222222222,,,487117,52.0,2023/24,11,0.00011269035219258272,69.0001126903522
133,MID,Brighton,Billy Gilmour,2116,30,61,0,3,6,4,70.53333333333333,,,243568,192.0,2023/24,11,2.7738998217162085,63.773899821716206
134,MID,Brighton,Pascal Groß,3112,36,153,4,11,7,29,86.44444444444444,,,60307,271.0,2023/24,11,8.770218151451584,161.7702181514516
135,FWD,Brighton,João Pedro Junqueira de Jesus,2037,31,104,9,3,5,12,65.70967741935483,,,475168,134.0,2023/24,11,0.24234996854894444,104.24234996854895
138,MID,Brighton,Adam Lallana,839,25,30,0,1,2,0,33.56,,,39155,35.0,2023/24,11,2.4606854759211436e-06,30.000002460685476
139,DEF,Brighton,Tariq Lamptey,908,19,31,0,3,1,0,47.78947368421053,,,232792,35.0,2023/24,11,0.0011295118660454415,31.001129511866047
140,MID,Brighton,Solly March,555,7,39,3,1,2,6,79.28571428571429,,,109345,74.0,2023/24,11,7.795553107735458,46.79555310773546
142,MID,Brighton,James Milner,770,15,28,0,2,4,0,51.333333333333336,,,15157,86.0,2023/24,11,0.6652576450790255,28.665257645079027
143,MID,Brighton,Kaoru Mitoma,1485,19,74,3,7,1,7,78.15789473684211,,,451340,98.0,2023/24,11,0.3939379387809557,74.39393793878095
144,MID,Brighton,Jakub Moder,608,17,21,0,0,1,0,35.76470588235294,,,243505,75.0,2023/24,11,0.10503831055090906,21.10503831055091
145,GKP,Chelsea,Robert Sánchez,1433,16,59,0,0,3,7,89.5625,,,215059,13.0,2023/24,6,0.0,59.0
148,GKP,Brighton,Jason Steele,1530,17,42,0,0,2,5,90.0,,,49262,10.0,2023/24,11,0.0,42.0
150,DEF,Brighton,Jan Paul van Hecke,2368,28,61,0,0,5,3,84.57142857142857,,,469142,178.0,2023/24,11,7.831398987985565,68.83139898798557
151,DEF,Brighton,Joël Veltman,1579,27,49,1,1,3,0,58.48148148148148,,,111478,131.0,2023/24,11,1.8261176297700998,50.8261176297701
152,GKP,Brighton,Bart Verbruggen,1890,21,68,0,0,4,7,90.0,,,489639,18.0,2023/24,11,0.0,68.0
153,DEF,Brighton,Adam Webster,1142,15,26,0,0,2,2,76.13333333333334,,,110735,83.0,2023/24,11,2.104382888908881,28.10438288890888
154,FWD,Brighton,Danny Welbeck,1687,29,79,5,4,8,5,58.172413793103445,,,50175,103.0,2023/24,11,0.04289051894518068,79.04289051894519
157,DEF,Burnley,Ameen Al-Dakhil,1055,13,19,1,0,0,0,81.15384615384616,,,487968,64.0,2023/24,19,0.9566068214088363,19.956606821408837
159,MID,Burnley,Manuel Benson Hedilazio,110,8,8,0,0,0,0,20.0,,,183751,9.0,2023/24,19,2.835361619202101e-06,8.000002835361618
160,DEF,Burnley,Jordan Beyer,1234,15,30,0,1,2,4,82.26666666666667,,,241231,134.0,2023/24,19,15.304328459291341,45.30432845929134
161,MID,Burnley,Josh Brownhill,2248,33,78,4,2,2,2,68.12121212121212,,,172782,267.0,2023/24,19,11.788892758034622,89.78889275803462
163,MID,Burnley,Jack Cork,25,4,4,0,0,0,0,20.0,,,40145,6.0,2023/24,19,0.015029500239224974,4.015029500239225
165,MID,Burnley,Josh Cullen,2055,25,65,2,4,0,5,82.2,,,172567,241.0,2023/24,19,19.81284106587142,84.81284106587142
167,DEF,Burnley,Hjalmar Ekdal,436,8,15,0,0,1,3,54.5,,,478969,36.0,2023/24,19,0.3455005659536339,15.345500565953634
168,FWD,Burnley,Lyle Foster,1898,24,75,5,3,2,4,79.08333333333333,,,435973,109.0,2023/24,19,0.27921284142999064,75.27921284143
170,MID,Burnley,Jóhann Berg Gudmundsson,1185,26,48,1,3,2,0,45.57692307692308,,,60586,101.0,2023/24,19,0.05595301750096884,48.05595301750097
172,GKP,Burnley,Arijanet Muric,900,10,47,0,0,0,12,90.0,,,232917,15.0,2023/24,19,0.0,47.0
173,DEF,Burnley,Dara O'Shea,2892,33,69,3,4,2,2,87.63636363636364,,,216616,262.0,2023/24,19,23.003254111071023,92.00325411107102
174,FWD,Burnley,Michael Obafemi,19,2,2,0,0,0,0,20.0,,,220598,1.0,2023/24,19,6.263961097274664e-09,2.000000006263961
176,DEF,Burnley,Connor Roberts,817,14,12,0,1,0,0,58.357142857142854,,,192290,44.0,2023/24,19,0.05473829854236796,12.054738298542368
177,FWD,Burnley,Jay Rodriguez,811,21,41,2,1,1,3,38.61904761904762,,,44683,48.0,2023/24,19,0.0004931569618295347,41.00049315696183
178,DEF,Burnley,Charlie Taylor,2329,28,47,1,1,2,1,83.17857142857143,,,103914,132.0,2023/24,19,1.5995232845769158,48.59952328457692
182,DEF,Burnley,Victor da Silva,2311,32,60,0,3,2,2,72.21875,,,441455,125.0,2023/24,19,0.5629556934040849,60.562955693404085
184,MID,Burnley,Anass Zaroury,149,6,4,0,0,0,0,24.833333333333332,,,511783,10.0,2023/24,19,3.7497078622578714e-06,4.000003749707862
186,MID,Nott'm Forest,Andrey Nascimento dos Santos,7,1,1,0,0,0,0,20.0,,,532605,0.0,2023/24,17,0.0,1.0
191,DEF,Chelsea,Benoît Badiashile,1337,18,35,0,1,3,4,74.27777777777777,,,242880,118.0,2023/24,6,5.795689143800785,40.795689143800786
193,FWD,Fulham,Armando Broja,529,21,35,1,2,3,0,25.19047619047619,,,440323,23.0,2023/24,14,2.1436669156988307e-07,35.00000021436669
194,DEF,Chelsea,Trevoh Chalobah,949,13,39,1,0,3,4,73.0,,,180736,80.0,2023/24,6,3.1178537404582576,42.11785374045826
195,DEF,Chelsea,Ben Chilwell,752,13,24,0,2,1,2,57.84615384615385,,,172850,39.0,2023/24,6,0.03621300333456951,24.03621300333457
196,MID,Chelsea,Carney Chukwuemeka,222,9,16,1,1,0,0,24.666666666666668,,,478912,19.0,2023/24,6,6.396331437966783e-05,16.00006396331438
197,DEF,Chelsea,Levi Colwill,1794,23,65,1,1,5,4,78.0,,,460028,148.0,2023/24,6,6.80448062926716,71.80448062926716
198,DEF,Chelsea,Marc Cucurella Saseta,1783,21,44,0,3,4,3,84.9047619047619,,,179268,130.0,2023/24,6,5.181824406096077,49.18182440609608
199,MID,Chelsea,Enzo Fernández,2208,28,77,3,3,5,4,78.85714285714286,,,448047,228.0,2023/24,6,10.332773557485343,87.33277355748534
200,FWD,Burnley,David Datro Fofana,876,15,50,4,1,1,8,58.4,,,520295,38.0,2023/24,19,0.0009663843457596907,50.00096638434576
202,MID,Chelsea,Conor Gallagher,3129,37,129,5,8,8,10,84.56756756756756,,,232787,390.0,2023/24,6,40.79787793271531,169.79787793271532
203,DEF,Chelsea,Malo Gusto,1746,27,74,0,6,5,10,64.66666666666667,,,482609,113.0,2023/24,6,0.7422408021522219,74.74224080215222
204,DEF,Newcastle,Lewis Hall,773,18,38,1,0,2,3,42.94444444444444,,,487838,59.0,2023/24,7,0.09513074997117678,38.095130749971176
205,MID,Nott'm Forest,Callum Hudson-Odoi,1846,29,109,8,2,2,14,63.6551724137931,,,209046,135.0,2023/24,17,0.27466857780481174,109.27466857780482
206,DEF,Chelsea,Reece James,416,10,11,0,2,0,0,41.6,,,225796,28.0,2023/24,6,0.016678173936352063,11.016678173936352
208,MID,Chelsea,Noni Madueke,1044,23,76,5,3,4,7,45.391304347826086,,,248857,86.0,2023/24,6,0.03568069697781972,76.03568069697782
209,MID,Man Utd,Mason Mount,509,14,23,1,0,1,0,36.357142857142854,,,184341,69.0,2023/24,8,0.20617566164503126,23.20617566164503
210,MID,Chelsea,Mykhailo Mudryk,1564,31,94,5,5,7,5,50.45161290322581,,,465920,87.0,2023/24,6,0.0035679136664097558,94.00356791366642
211,FWD,Chelsea,Nicolas Jackson,2801,35,142,14,6,9,12,80.02857142857142,,,517052,145.0,2023/24,6,0.19306827864795317,142.19306827864796
212,FWD,Chelsea,Christopher Nkunku,437,11,29,3,0,0,4,39.72727272727273,,,213198,24.0,2023/24,6,0.00016247461855915918,29.00016247461856
216,MID,Chelsea,Raheem Sterling,1972,31,123,8,8,5,8,63.61290322580645,,,103955,134.0,2023/24,6,0.162353565146451,123.16235356514645
217,DEF,Chelsea,Thiago Emiliano da Silva,2525,31,98,3,1,7,12,81.45161290322581,,,51090,229.0,2023/24,6,16.51286642745198,114.51286642745198
219,MID,Crystal Palace,Naouirou Ahamada,332,20,16,0,0,0,0,20.0,,,466117,49.0,2023/24,10,0.0030700749923970013,16.003070074992397
220,DEF,Crystal Palace,Joachim Andersen,3416,38,121,2,3,10,12,89.89473684210526,,,174874,316.0,2023/24,10,31.0361858992421,152.0361858992421
221,MID,Crystal Palace,Jordan Ayew,2540,35,109,4,7,11,3,72.57142857142857,,,80146,251.0,2023/24,10,6.48120120210044,115.48120120210044
222,DEF,Crystal Palace,Nathaniel Clyne,1335,19,52,0,1,5,0,70.26315789473684,,,57328,68.0,2023/24,10,0.185583784362672,52.18558378436267
223,MID,Crystal Palace,Cheick Doucouré,920,11,21,0,0,3,0,83.63636363636364,,,438464,139.0,2023/24,10,20.17646873013825,41.176468730138254
225,FWD,Crystal Palace,Odsonne Edouard,1545,30,79,7,0,6,9,51.5,,,199670,87.0,2023/24,10,0.007018345041753784,79.00701834504176
226,MID,Crystal Palace,Eberechi Eze,2054,27,136,11,5,8,11,76.07407407407408,,,232413,188.0,2023/24,10,4.20423363589158,140.20423363589157
228,DEF,Crystal Palace,Marc Guéhi,2020,25,66,0,1,6,6,80.8,,,209036,151.0,2023/24,10,5.476862976977541,71.47686297697754
229,MID,Crystal Palace,Will Hughes,1886,30,61,0,2,8,2,62.86666666666667,,,108413,237.0,2023/24,10,9.473962839803129,70.47396283980314
230,GKP,Crystal Palace,Sam Johnstone,1796,20,68,0,0,6,7,89.8,,,101982,15.0,2023/24,10,0.0,68.0
231,MID,Crystal Palace,Jefferson Lerma Solís,2399,28,64,1,1,5,4,85.67857142857143,,,152551,328.0,2023/24,10,42.62331052140659,106.62331052140658
232,FWD,Crystal Palace,Jean-Philippe Mateta,2274,35,165,16,7,8,22,64.97142857142858,,,231747,124.0,2023/24,10,0.050637607845014865,165.050637607845
233,GKP,Crystal Palace,Remi Matthews,3,1,1,0,0,0,0,20.0,,,169593,1.0,2023/24,10,0.0,1.0
234,DEF,Crystal Palace,Tyrick Mitchell,3204,37,119,2,3,10,10,86.5945945945946,,,244723,227.0,2023/24,10,8.744787962451039,127.74478796245104
236,MID,Crystal Palace,Michael Olise,1272,19,125,10,6,3,21,66.94736842105263,,,443661,107.0,2023/24,10,0.7435378119675877,125.74353781196758
238,DEF,Crystal Palace,Chris Richards,2091,26,62,1,1,4,4,80.42307692307692,,,427623,192.0,2023/24,10,13.83128611044845,75.83128611044845
239,MID,Crystal Palace,Jairo Riedewald,228,9,12,0,0,1,0,25.333333333333332,,,173954,27.0,2023/24,10,0.0019352628593309604,12.00193526285933
240,MID,Crystal Palace,Jeffrey Schlupp,1340,29,66,2,2,4,4,46.206896551724135,,,86417,120.0,2023/24,10,0.10611486436038858,66.10611486436039
241,DEF,Crystal Palace,James Tomkins,8,4,3,0,0,0,0,20.0,,,49413,1.0,2023/24,10,0.0002803100774581861,3.000280310077458
242,DEF,Crystal Palace,Joel Ward,1978,26,54,0,1,5,0,76.07692307692308,,,55494,153.0,2023/24,10,5.006491062085118,59.00649106208512
244,MID,Everton,André Tavares Gomes,505,12,20,1,0,3,0,42.083333333333336,,,120250,48.0,2023/24,12,0.033081993120937535,20.033081993120938
245,DEF,Everton,Jarrad Branthwaite,3116,35,124,3,1,12,10,89.02857142857142,,,480455,309.0,2023/24,12,34.49049163617432,158.4904916361743
246,FWD,Everton,Dominic Calvert-Lewin,2166,32,101,7,3,13,9,67.6875,,,177815,105.0,2023/24,12,0.023347696540125834,101.02334769654013
247,DEF,Everton,Seamus Coleman,661,12,30,0,0,4,3,55.083333333333336,,,59949,52.0,2023/24,12,0.4106437090181228,30.410643709018125
249,MID,Everton,Abdoulaye Doucouré,2632,32,116,7,3,12,7,82.25,,,121599,223.0,2023/24,12,5.007502298895938,121.00750229889594
250,MID,Everton,James Garner,3001,37,87,1,2,11,3,81.10810810810811,,,232928,359.0,2023/24,12,30.087456509073945,117.08745650907395
252,DEF,Everton,Ben Godfrey,1120,15,37,0,0,4,0,74.66666666666667,,,198826,105.0,2023/24,12,6.42419390599699,43.42419390599699
254,MID,Everton,Idrissa Gueye,1885,25,73,4,0,7,10,75.4,,,80801,298.0,2023/24,12,39.85287357676561,112.8528735767656
255,DEF,Sheffield Utd,Mason Holgate,711,10,1,0,0,0,0,71.1,,,194164,67.0,2023/24,20,3.5481948483764776,4.548194848376477
256,MID,Fulham,Alex Iwobi,2331,32,102,5,2,7,9,72.84375,,,153133,202.0,2023/24,14,2.707842793803613,104.70784279380361
257,DEF,Everton,Michael Keane,437,9,18,1,0,1,2,48.55555555555556,,,106611,34.0,2023/24,12,0.12680615473255205,18.126806154732552
258,FWD,Brentford,Neal Maupay,1417,31,76,6,3,4,6,45.70967741935484,,,115382,80.0,2023/24,16,0.0023888842110285835,76.00238888421103
259,MID,Everton,Dwight McNeil,2891,35,124,3,8,12,8,82.6,,,433154,277.0,2023/24,12,11.157882305703133,135.15788230570314
260,DEF,Everton,Vitalii Mykolenko,2469,28,101,2,1,9,9,88.17857142857143,,,224967,198.0,2023/24,12,12.509443210955212,113.50944321095521
261,MID,Everton,Amadou Onana,2085,30,66,2,0,5,5,69.5,,,449871,288.0,2023/24,12,23.382840156499263,89.38284015649927
262,DEF,Everton,Nathan Patterson,1000,20,34,0,2,2,3,50.0,,,243571,74.0,2023/24,12,0.24500226525330668,34.245002265253305
263,GKP,Everton,Jordan Pickford,3420,38,153,0,0,13,22,90.0,,,111234,35.0,2023/24,12,0.0,153.0
265,DEF,Everton,James Tarkowski,3420,38,117,1,1,13,10,90.0,,,17761,359.0,2023/24,12,45.253180050722726,162.25318005072273
267,MID,Fulham,Andreas Hoelgebaum Pereira,2611,37,127,3,9,14,7,70.56756756756756,,,156689,141.0,2023/24,14,0.06758989459648523,127.06758989459648
268,MID,Fulham,Tom Cairney,1472,34,70,1,6,4,2,43.294117647058826,,,76357,152.0,2023/24,14,0.23365730433216306,70.23365730433217
270,MID,Fulham,Bobby De Cordova-Reid,1410,33,92,6,3,3,7,42.72727272727273,,,96994,101.0,2023/24,14,0.00853953306238851,92.00853953306239
271,DEF,Fulham,Issa Diop,1423,18,43,0,0,5,3,79.05555555555556,,,219924,146.0,2023/24,14,13.519101933261512,56.51910193326151
275,GKP,Fulham,Bernd Leno,3420,38,133,0,0,10,15,90.0,,,80201,32.0,2023/24,14,0.0,133.0
276,MID,Fulham,Saša Lukić,1113,24,43,1,0,5,0,46.375,,,212314,137.0,2023/24,14,1.0325403403224724,44.03254034032247
278,FWD,Fulham,Aleksandar Mitrović,32,1,1,0,0,0,0,32.0,,,128389,1.0,2023/24,14,3.73922696316035e-09,1.000000003739227
279,FWD,Fulham,Rodrigo Muniz Carvalho,1589,26,97,9,2,6,12,61.11538461538461,,,244042,70.0,2023/24,14,0.0030099386383346007,97.00300993863833
280,MID,Fulham,João Palhinha Gonçalves,2698,33,91,4,1,9,8,81.75757575757575,,,154296,456.0,2023/24,14,71.9991873229236,162.9991873229236
281,DEF,Fulham,Tim Ream,1503,18,40,1,0,3,4,83.5,,,82514,119.0,2023/24,14,6.019400192342688,46.01940019234269
282,MID,Fulham,Harrison Reed,1317,27,47,0,2,6,0,48.77777777777778,,,153366,143.0,2023/24,14,0.6803875171005552,47.680387517100556
283,DEF,Fulham,Antonee Robinson,3266,37,104,0,6,9,8,88.27027027027027,,,169528,290.0,2023/24,14,24.63089775531553,128.63089775531552
285,DEF,Fulham,Kenny Tete,863,14,27,1,0,2,0,61.642857142857146,,,167074,77.0,2023/24,14,1.902285372383895,28.902285372383894
286,DEF,Fulham,Tosin Adarabioyo,1616,20,66,2,0,6,2,80.8,,,109646,137.0,2023/24,14,7.813701798843033,73.81370179884303
287,FWD,Fulham,Carlos Vinícius Alves Morais,306,13,22,2,0,0,2,23.53846153846154,,,245824,13.0,2023/24,14,4.8609950521084545e-08,22.00000004860995
288,MID,Fulham,Harry Wilson,1603,35,94,4,7,5,5,45.8,,,153682,123.0,2023/24,14,0.03158438340788822,94.03158438340789
290,DEF,Liverpool,Trent Alexander-Arnold,2153,28,122,3,5,8,19,76.89285714285714,,,169187,114.0,2023/24,3,0.6452315465924002,122.6452315465924
291,GKP,Liverpool,Alisson Ramses Becker,2520,28,107,0,0,8,9,90.0,,,116535,21.0,2023/24,3,0.0,107.0
292,MID,Liverpool,Stefan Bajcetic,25,1,1,0,0,0,0,25.0,,,535928,6.0,2023/24,3,0.06052056303610402,1.060520563036104
293,FWD,Liverpool,Darwin Núñez Ribeiro,2033,36,132,11,11,6,9,56.47222222222222,,,447203,96.0,2023/24,3,0.0038029185692110812,132.00380291856922
294,MID,Liverpool,Diogo Teixeira da Silva,1141,21,110,10,7,5,7,54.333333333333336,,,194634,83.0,2023/24,3,0.05233283559081552,110.05233283559082
295,MID,Liverpool,Harvey Elliott,1330,34,96,3,9,4,8,39.11764705882353,,,444884,117.0,2023/24,3,0.025464777934867996,96.02546477793487
297,FWD,Liverpool,Cody Gakpo,1633,35,106,8,5,5,12,46.65714285714286,,,243298,133.0,2023/24,3,0.09314156672289318,106.09314156672289
298,DEF,Liverpool,Joe Gomez,1772,32,76,0,2,7,2,55.375,,,171287,115.0,2023/24,3,0.32152861389717197,76.32152861389717
300,MID,Liverpool,Curtis Jones,1156,23,40,1,1,2,2,50.26086956521739,,,206915,113.0,2023/24,3,0.3306653752180486,40.33066537521805
301,GKP,Liverpool,Caoimhin Kelleher,900,10,34,0,0,2,3,90.0,,,200720,7.0,2023/24,3,0.0,34.0
302,DEF,Liverpool,Ibrahima Konaté,1570,22,56,0,0,6,2,71.36363636363636,,,204716,119.0,2023/24,3,2.7347513823087124,58.734751382308716
303,MID,Liverpool,Luis Díaz,2625,37,142,8,7,7,9,70.94594594594595,,,244731,172.0,2023/24,3,0.34660151344312856,142.34660151344312
304,MID,Liverpool,Alexis Mac Allister,2600,33,109,5,5,6,12,78.78787878787878,,,243016,362.0,2023/24,3,41.46208411492002,150.46208411492
305,DEF,Liverpool,Joel Matip,779,10,21,0,0,2,0,77.9,,,60914,74.0,2023/24,3,5.363221721206831,26.36322172120683
307,DEF,Liverpool,Andrew Robertson,1689,23,76,3,2,3,8,73.43478260869566,,,122798,88.0,2023/24,3,0.35273333631875287,76.35273333631875
308,MID,Liverpool,Mohamed Salah,2531,32,211,18,12,8,24,79.09375,,,118748,105.0,2023/24,3,0.015640941874029382,211.01564094187404
309,MID,Liverpool,Dominik Szoboszlai,2102,33,99,3,4,8,7,63.696969696969695,,,424876,233.0,2023/24,3,5.579907858740089,104.57990785874009
310,MID,Liverpool,Thiago Alcántara do Nascimento,5,1,1,0,0,0,0,20.0,,,61558,0.0,2023/24,3,0.0,1.0
311,DEF,Liverpool,Konstantinos Tsimikas,675,13,48,0,3,4,4,51.92307692307692,,,214285,35.0,2023/24,3,0.01611446556136638,48.016114465561365
313,DEF,Liverpool,Virgil van Dijk,3177,36,117,2,2,9,8,88.25,,,97032,255.0,2023/24,3,16.195769838892215,133.1957698388922
314,FWD,Luton,Elijah Adebayo,1405,27,94,10,1,2,9,52.03703703703704,,,174310,71.0,2023/24,18,0.0024939251891662826,94.00249392518917
315,DEF,Luton,Mads Juel Andersen,397,8,15,1,0,0,1,49.625,,,208904,49.0,2023/24,18,1.8757461188253157,16.875746118825315
316,DEF,Luton,Amari'i Bell,1720,21,35,0,0,2,3,81.9047619047619,,,165183,145.0,2023/24,18,8.4884900438007,43.4884900438007
317,MID,Luton,Luke Berry,309,17,31,2,1,0,0,20.0,,,82738,17.0,2023/24,18,1.1117380889852869e-07,31.000000111173808
318,DEF,Luton,Reece Burke,1659,22,40,0,4,1,2,75.4090909090909,,,156658,146.0,2023/24,18,7.4831653297220155,47.48316532972201
320,MID,Luton,Jordan Clark,1297,23,44,1,1,1,3,56.391304347826086,,,96784,116.0,2023/24,18,0.40327308074765544,44.40327308074765
321,DEF,Luton,Alfie Doughty,2923,37,101,2,10,2,11,79.0,,,244262,138.0,2023/24,18,0.4783927701889096,101.4783927701889
326,FWD,Luton,Carlton Morris,2859,38,146,11,6,3,18,75.23684210526316,,,156700,145.0,2023/24,18,0.1047866084120904,146.1047866084121
328,FWD,Luton,Chiedozie Ogbene,1987,30,84,4,4,2,7,66.23333333333333,,,229164,183.0,2023/24,18,3.0269785914256673,87.02697859142566
329,MID,Luton,Fred Onyedinma,403,8,11,0,0,0,0,50.375,,,168035,34.0,2023/24,18,0.03648768985194576,11.036487689851946
330,DEF,Luton,Gabriel Osho,1846,21,41,2,0,2,1,87.9047619047619,,,199056,180.0,2023/24,18,18.906373513259865,59.906373513259865
335,GKP,Luton,James Shea,14,1,1,0,0,0,0,20.0,,,77818,2.0,2023/24,18,0.0,1.0
340,FWD,Luton,Cauley Woodrow,406,24,33,1,1,0,3,20.0,,,91046,52.0,2023/24,18,0.001456117041056916,33.00145611704106
341,DEF,Man City,Manuel Akanji,2512,30,112,2,0,11,8,83.73333333333333,,,211975,138.0,2023/24,1,1.4801552487582845,113.48015524875828
342,DEF,Man City,Nathan Aké,2039,29,99,2,3,6,6,70.3103448275862,,,126184,94.0,2023/24,1,0.14154005804169695,99.1415400580417
343,FWD,Man City,Julián Álvarez,2644,36,158,11,11,12,17,73.44444444444444,,,461358,137.0,2023/24,1,0.09701146565348485,158.09701146565348
344,MID,Man City,Bernardo Veiga de Carvalho e Silva,2576,33,141,6,9,10,20,78.06060606060606,,,165809,186.0,2023/24,1,1.2991390520482233,142.29913905204822
345,MID,Man City,Oscar Bobb,294,14,30,1,2,1,2,21.0,,,477555,30.0,2023/24,1,0.00011562292665025987,30.00011562292665
349,MID,Man City,Kevin De Bruyne,1219,18,98,4,10,7,11,67.72222222222223,,,61366,76.0,2023/24,1,0.07779557368894324,98.07779557368895
350,DEF,Man City,Rúben Gato Alves Dias,2557,30,88,0,0,9,3,85.23333333333333,,,171314,161.0,2023/24,1,3.5741968814865333,91.57419688148653
351,MID,Wolves,Tommy Doyle,1209,26,38,0,0,3,0,46.5,,,220394,157.0,2023/24,15,1.6424898808663282,39.64248988086633
352,GKP,Man City,Ederson Santana de Moraes,2785,33,112,0,0,11,5,84.39393939393939,,,121160,16.0,2023/24,1,0.0,112.0
353,MID,Man City,Phil Foden,2860,35,230,19,8,14,31,81.71428571428571,,,209244,187.0,2023/24,1,0.940090795564877,230.94009079556488
354,MID,Man City,Jack Grealish,998,20,50,3,1,3,6,49.9,,,114283,67.0,2023/24,1,0.011783123432459268,50.01178312343246
355,FWD,Man City,Erling Haaland,2553,31,217,27,8,11,29,82.35483870967742,,,223094,72.0,2023/24,1,0.0008529998394585058,217.00085299983945
356,MID,Man City,Mateo Kovačić,1539,30,59,1,0,9,2,51.3,,,91651,129.0,2023/24,1,0.15055626675090433,59.150556266750904
357,DEF,Man City,Aymeric Laporte,11,1,1,0,0,0,0,20.0,,,146941,2.0,2023/24,1,0.005989488165163177,1.0059894881651632
358,DEF,Man City,Rico Lewis,804,16,52,2,0,4,2,50.25,,,477064,18.0,2023/24,1,1.3069250030371402e-05,52.00001306925003
360,MID,Sheffield Utd,James McAtee,1815,31,77,3,4,2,0,58.54838709677419,,,432714,154.0,2023/24,20,0.4848454509507185,77.48484545095071
361,GKP,Man City,Stefan Ortega Moreno,632,9,22,0,0,1,2,70.22222222222223,,,88248,3.0,2023/24,1,0.0,22.0
362,MID,Chelsea,Cole Palmer,2617,34,244,22,13,7,32,76.97058823529412,,,244851,161.0,2023/24,6,0.36796834318299004,244.36796834318298
364,MID,West Ham,Kalvin Phillips,394,12,10,0,0,0,0,32.833333333333336,,,155405,56.0,2023/24,9,0.11587603029279794,10.115876030292798
365,MID,Man City,Rodrigo Hernandez,2931,34,159,8,10,14,19,86.20588235294117,,,220566,379.0,2023/24,1,44.88634482553339,203.8863448255334
366,DEF,Man City,Sergio Gómez,48,6,9,0,1,0,0,20.0,,,437468,2.0,2023/24,1,1.2683761923613747e-07,9.00000012683762
368,DEF,Man City,John Stones,1061,16,53,1,0,5,3,66.3125,,,97299,39.0,2023/24,1,0.009201903710023827,53.00920190371002
369,DEF,Man City,Kyle Walker,2766,32,123,0,5,10,13,86.4375,,,58621,106.0,2023/24,1,0.18225517928142945,123.18225517928143
371,MID,Man Utd,Amad Diallo,385,9,23,1,1,1,3,42.77777777777778,,,493250,32.0,2023/24,8,0.009002119388528771,23.00900211938853
372,MID,Man Utd,Antony Matheus dos Santos,1311,29,47,1,1,3,0,45.206896551724135,,,467169,157.0,2023/24,8,0.8569863099787468,47.856986309978744
373,MID,Man Utd,Bruno Borges Fernandes,3118,35,166,10,9,7,24,89.08571428571429,,,141746,348.0,2023/24,8,31.28455023222546,197.28455023222546
376,MID,Man Utd,Carlos Henrique Casimiro,1981,25,58,1,3,5,0,79.24,,,61256,333.0,2023/24,8,51.09322469648908,109.09322469648907
377,DEF,Man Utd,Diogo Dalot Teixeira,3174,36,111,2,3,8,13,88.16666666666667,,,216051,230.0,2023/24,8,10.304508645587324,121.30450864558732
378,MID,Nott'm Forest,Anthony Elanga,2424,36,119,5,9,2,5,67.33333333333333,,,449434,155.0,2023/24,17,0.18257878691198676,119.18257878691199
379,MID,Man Utd,Christian Eriksen,1134,22,48,1,2,2,4,51.54545454545455,,,80607,126.0,2023/24,8,0.9685666043918075,48.96856660439181
382,MID,Man Utd,Alejandro Garnacho,2564,36,131,7,7,8,7,71.22222222222223,,,493105,160.0,2023/24,8,0.23603701098140156,131.2360370109814
383,MID,Man Utd,Hannibal Mejbri,131,5,11,1,0,1,0,26.2,,,465527,14.0,2023/24,8,0.0005630767889102744,11.00056307678891
385,GKP,Crystal Palace,Dean Henderson,1620,18,48,0,0,4,2,90.0,,,172649,23.0,2023/24,10,0.0,48.0
386,DEF,Man Utd,Victor Lindelöf,1328,19,62,1,1,5,7,69.89473684210526,,,184667,74.0,2023/24,8,0.32781550211673965,62.32781550211674
387,DEF,Man Utd,Harry Maguire,1650,22,73,2,4,4,6,75.0,,,95658,156.0,2023/24,8,9.941163484141626,82.94116348414163
388,MID,Man Utd,Kobbie Mainoo,1927,24,77,3,1,7,8,80.29166666666667,,,516895,204.0,2023/24,8,10.94056321818302,87.94056321818302
390,FWD,Man Utd,Anthony Martial,439,13,25,1,1,1,2,33.76923076923077,,,148225,16.0,2023/24,8,4.752663128212003e-07,25.00000047526631
391,DEF,Man Utd,Lisandro Martínez,643,11,15,0,1,1,0,58.45454545454545,,,221820,48.0,2023/24,8,0.39310327383305604,15.393103273833056
392,MID,Man Utd,Scott McTominay,1891,32,98,7,1,7,5,59.09375,,,195851,220.0,2023/24,8,4.617386118592869,102.61738611859286
393,DEF,Luton,Teden Mengi,2467,30,42,1,0,1,1,82.23333333333333,,,244856,274.0,2023/24,18,32.60557924782274,74.60557924782273
394,MID,Man Utd,Facundo Pellistri Rebollo,164,9,13,0,1,0,0,20.0,,,488404,23.0,2023/24,8,0.0009387780471281531,13.000938778047129
395,DEF,Man Utd,Raphaël Varane,1370,22,44,1,0,3,2,62.27272727272727,,,90152,137.0,2023/24,8,5.584048839919224,49.58404883991923
396,MID,Man Utd,Marcus Rashford,2264,33,108,7,3,7,0,68.60606060606061,,,176297,125.0,2023/24,8,0.057238705406623756,108.05723870540662
397,MID,Man Utd,Jadon Sancho,76,3,3,0,0,0,0,25.333333333333332,,,209243,12.0,2023/24,8,0.008270498280234384,3.0082704982802344
398,DEF,Man Utd,Luke Shaw,960,12,31,0,1,4,0,80.0,,,106760,65.0,2023/24,8,1.5029406181342964,32.502940618134296
400,MID,Man Utd,Donny van de Beek,2,1,1,0,0,0,0,20.0,,,180184,0.0,2023/24,8,0.0,1.0
401,DEF,Man Utd,Aaron Wan-Bissaka,1778,22,47,0,2,3,5,80.81818181818181,,,214590,152.0,2023/24,8,8.916445912092096,55.916445912092094
402,MID,Newcastle,Miguel Almirón Rejala,1930,33,77,3,1,5,4,58.484848484848484,,,179018,157.0,2023/24,7,0.3704163128402525,77.37041631284025
403,MID,Newcastle,Elliot Anderson,1018,21,42,0,2,5,3,48.476190476190474,,,215379,116.0,2023/24,7,0.7168014195630734,42.716801419563076
405,DEF,Newcastle,Sven Botman,1375,17,51,2,2,3,4,80.88235294117646,,,220237,103.0,2023/24,7,3.78129983990591,54.78129983990591
406,MID,Newcastle,Bruno Guimarães Rodriguez Moura,3264,37,153,7,9,10,15,88.21621621621621,,,208706,393.0,2023/24,7,41.867819235803765,194.86781923580378
407,DEF,Newcastle,Dan Burn,2725,33,97,2,2,8,4,82.57575757575758,,,78916,242.0,2023/24,7,17.08013977324964,114.08013977324964
409,GKP,Newcastle,Martin Dubravka,1984,23,75,0,0,4,3,86.26086956521739,,,67089,16.0,2023/24,7,0.0,75.0
412,MID,Newcastle,Anthony Gordon,2896,35,183,11,16,12,14,82.74285714285715,,,232826,191.0,2023/24,7,1.095362023171174,184.09536202317116
415,FWD,Newcastle,Alexander Isak,2253,30,172,21,4,7,23,75.1,,,219168,62.0,2023/24,7,0.0002567373214363103,172.00025673732145
416,MID,Newcastle,Joelinton Cássio Apolinário de Lira,1276,20,45,2,1,3,3,63.8,,,180974,160.0,2023/24,7,6.742699433627792,51.74269943362779
417,DEF,Newcastle,Emil Krafth,909,17,33,0,0,3,1,53.470588235294116,,,111773,51.0,2023/24,7,0.047355465899052436,33.04735546589905
419,DEF,Newcastle,Jamaal Lascelles,1077,16,46,1,0,5,3,67.3125,,,101148,73.0,2023/24,7,0.7513803303746914,46.751380330374694
421,MID,Newcastle,Sean Longstaff,2742,35,110,6,3,10,3,78.34285714285714,,,180135,220.0,2023/24,7,2.8811464340699615,112.88114643406996
423,MID,Newcastle,Jacob Murphy,1184,21,82,3,8,5,4,56.38095238095238,,,114243,105.0,2023/24,7,0.34493931051168497,82.34493931051169
424,GKP,Newcastle,Nick Pope,1345,15,57,0,0,6,1,89.66666666666667,,,98747,17.0,2023/24,7,0.0,57.0
425,MID,Newcastle,Matt Ritchie,120,13,17,1,0,0,0,20.0,,,56983,18.0,2023/24,7,0.0012901752395539736,17.001290175239554
427,DEF,Newcastle,Fabian Schär,3055,36,123,4,3,9,12,84.86111111111111,,,119471,247.0,2023/24,7,14.16281496873489,137.1628149687349
428,DEF,Newcastle,Matt Targett,77,3,2,0,0,0,0,25.666666666666668,,,169359,4.0,2023/24,7,1.1109398396482653e-05,2.0000111093983963
429,MID,Newcastle,Sandro Tonali,437,8,16,1,0,1,0,54.625,,,432422,33.0,2023/24,7,0.028522606444680403,16.02852260644468
430,DEF,Newcastle,Kieran Trippier,2235,28,111,1,10,6,20,79.82142857142857,,,77794,136.0,2023/24,7,1.9057880447008702,112.90578804470087
432,MID,Newcastle,Joe Willock,415,9,18,1,0,1,0,46.111111111111114,,,200089,41.0,2023/24,7,0.07186454493286036,18.07186454493286
433,FWD,Newcastle,Callum Wilson,981,20,69,9,1,6,4,49.05,,,75115,28.0,2023/24,7,2.9385103907531627e-06,69.00000293851039
434,MID,Nott'm Forest,Brandon Aguilera Zamora,4,1,1,0,0,0,0,20.0,,,461682,0.0,2023/24,17,0.0,1.0
436,DEF,Nott'm Forest,Serge Aurier,831,12,27,0,2,1,3,69.25,,,80226,64.0,2023/24,17,1.3821938201171395,28.382193820117138
437,FWD,Nott'm Forest,Taiwo Awoniyi,1036,20,67,6,3,3,5,51.8,,,210156,54.0,2023/24,17,0.00237932088716791,67.00237932088717
439,DEF,Nott'm Forest,Willy Boly,1437,20,58,2,1,3,7,71.85,,,90585,178.0,2023/24,17,20.183923871391514,78.18392387139151
442,MID,Nott'm Forest,Danilo dos Santos de Oliveira,1787,29,65,2,2,1,4,61.62068965517241,,,513046,238.0,2023/24,17,11.131888191523528,76.13188819152353
445,DEF,Nott'm Forest,Felipe Augusto de Almeida Monteiro,372,7,8,0,0,1,0,53.142857142857146,,,116404,28.0,2023/24,17,0.14383204208384817,8.143832042083849
447,MID,Nott'm Forest,Morgan Gibbs-White,3156,37,142,5,12,5,13,85.29729729729729,,,222531,258.0,2023/24,17,5.810831413216442,147.81083141321645
450,MID,Spurs,Brennan Johnson,2317,35,131,5,12,5,9,66.2,,,242898,137.0,2023/24,5,0.08035271709711868,131.08035271709713
451,MID,Nott'm Forest,Cheikhou Kouyaté,206,12,12,0,0,0,0,20.0,,,55037,34.0,2023/24,17,0.005314310581663647,12.005314310581664
453,MID,Nott'm Forest,Orel Mangala,1562,20,40,1,0,3,0,78.1,,,179519,161.0,2023/24,17,6.962184807560005,46.96218480756001
455,DEF,Nott'm Forest,Scott McKenna,416,5,12,0,0,1,1,83.2,,,168281,38.0,2023/24,17,2.9707055716757247,14.970705571675724
457,DEF,Nott'm Forest,Moussa Niakhaté,1456,21,29,1,0,1,1,69.33333333333333,,,199170,117.0,2023/24,17,3.0544842130213614,32.05448421302136
465,DEF,Nott'm Forest,Harry Toffolo,1452,23,52,1,3,2,3,63.130434782608695,,,114241,97.0,2023/24,17,0.6637792627397393,52.66377926273974
467,DEF,Nott'm Forest,Neco Williams,1630,26,39,0,1,1,2,62.69230769230769,,,215136,147.0,2023/24,17,4.082871316749945,43.082871316749944
468,FWD,Nott'm Forest,Chris Wood,1801,31,131,14,1,2,22,58.096774193548384,,,60689,83.0,2023/24,17,0.003403390295015845,131.003403390295
469,DEF,Nott'm Forest,Joe Worrall,438,7,13,0,0,1,3,62.57142857142857,,,208912,45.0,2023/24,17,2.0617512144436487,15.06175121444365
470,MID,Nott'm Forest,Ryan Yates,1979,35,59,1,1,1,1,56.542857142857144,,,204968,251.0,2023/24,17,6.48120120210044,65.48120120210044
471,DEF,Sheffield Utd,Anel Ahmedhodžić,2649,31,31,2,0,1,4,85.45161290322581,,,233821,258.0,2023/24,20,25.387202719701502,56.387202719701506
473,DEF,Sheffield Utd,George Baldock,968,13,21,0,2,0,2,74.46153846153847,,,82691,66.0,2023/24,20,1.1399191788952467,22.139919178895248
474,DEF,Sheffield Utd,Chris Basham,316,8,8,0,0,0,0,39.5,,,40386,33.0,2023/24,20,0.20050936545437897,8.200509365454378
475,MID,Burnley,Sander Berge,3002,37,74,1,2,2,3,81.13513513513513,,,207189,379.0,2023/24,19,36.91226402677159,110.9122640267716
476,DEF,Sheffield Utd,Jayden Bogle,2787,34,63,3,3,3,0,81.97058823529412,,,226182,195.0,2023/24,20,5.7476267937258445,68.74762679372584
477,FWD,Sheffield Utd,Rhian Brewster,338,13,11,0,0,0,0,26.0,,,195473,17.0,2023/24,20,9.168076831342766e-07,11.000000916807684
480,DEF,Sheffield Utd,John Egan,482,6,1,0,0,0,0,80.33333333333333,,,108416,62.0,2023/24,20,8.838563984224285,9.838563984224285
481,MID,Sheffield Utd,John Fleck,89,4,3,0,0,0,0,22.25,,,47247,7.0,2023/24,20,4.160225749120468e-06,3.0000041602257492
482,GKP,Sheffield Utd,Wes Foderingham,2648,30,70,0,0,1,7,88.26666666666667,,,82143,34.0,2023/24,20,0.0,70.0
483,FWD,Sheffield Utd,Daniel Jebbison,20,1,1,0,0,0,0,20.0,,,523700,1.0,2023/24,20,3.73922696316035e-09,1.000000003739227
484,DEF,Sheffield Utd,Max Lowe,498,10,13,0,1,0,0,49.8,,,155197,44.0,2023/24,20,0.37621857765059175,13.376218577650592
485,FWD,Sheffield Utd,Oliver McBurnie,1279,21,66,6,3,1,9,60.904761904761905,,,169432,93.0,2023/24,20,0.19970634314985486,66.19970634314986
487,DEF,Sheffield Utd,Rhys Norrington-Davies,109,5,2,0,0,0,0,21.8,,,443211,4.0,2023/24,20,1.8104804064772406e-07,2.0000001810480406
488,MID,Sheffield Utd,Oliver Norwood,1429,27,42,1,0,0,3,52.925925925925924,,,79934,205.0,2023/24,20,6.894820450072564,48.894820450072565
489,MID,Sheffield Utd,Ben Osborn,1359,24,38,0,2,0,0,56.625,,,167878,138.0,2023/24,20,1.0860708617427774,39.086070861742776
490,FWD,Sheffield Utd,William Osula,778,21,25,0,1,0,0,37.04761904761905,,,538207,26.0,2023/24,20,8.188918326180859e-07,25.000000818891834
492,MID,Spurs,Rodrigo Bentancur,997,23,32,1,1,1,0,43.34782608695652,,,202993,114.0,2023/24,5,0.35360363702885095,32.353603637028854
493,MID,Spurs,Yves Bissouma,2070,28,44,0,0,7,0,73.92857142857143,,,227127,292.0,2023/24,5,29.760737929176514,73.76073792917651
494,MID,Spurs,Bryan Gil Salvatierra,200,11,12,0,0,0,0,20.0,,,436234,24.0,2023/24,5,0.0002546348305133805,12.000254634830513
495,DEF,Spurs,Ben Davies,1085,17,34,1,2,1,0,63.8235294117647,,,115556,84.0,2023/24,5,1.2776291941741793,35.27762919417418
496,DEF,Spurs,Eric Dier,199,4,2,0,0,0,0,49.75,,,93264,19.0,2023/24,5,0.2389282477021905,2.2389282477021903
497,DEF,Spurs,Emerson Leite de Souza Junior,1152,22,27,1,0,0,4,52.36363636363637,,,241157,111.0,2023/24,5,1.862518495775799,28.8625184957758
499,MID,Spurs,Pierre-Emile Højbjerg,1289,36,39,0,0,1,0,35.80555555555556,,,132015,206.0,2023/24,5,1.5752342236582686,40.57523422365827
501,MID,Spurs,Dejan Kulusevski,2759,36,130,8,3,8,14,76.63888888888889,,,445044,215.0,2023/24,5,2.1116610720035762,132.11166107200359
503,MID,Spurs,Giovani Lo Celso,491,22,47,2,2,1,6,22.318181818181817,,,200826,76.0,2023/24,5,0.01705519704202512,47.017055197042026
504,MID,Spurs,James Maddison,2137,28,117,4,11,7,9,76.32142857142857,,,172780,117.0,2023/24,5,0.11108581670029674,117.1110858167003
506,DEF,Spurs,Pedro Porro,3090,35,136,3,8,7,20,88.28571428571429,,,441164,223.0,2023/24,5,9.891938439096956,145.89193843909695
507,DEF,Spurs,Ivan Perišić,98,5,6,0,1,0,0,20.0,,,45034,6.0,2023/24,5,8.53985318039005e-06,6.00000853985318
508,DEF,Brentford,Sergio Reguilón,1524,25,74,0,6,5,14,60.96,,,199249,123.0,2023/24,16,1.8330162126948721,75.83301621269487
509,MID,Spurs,Richarlison de Andrade,1481,28,122,11,4,7,7,52.892857142857146,,,212319,95.0,2023/24,5,0.018486151875167358,122.01848615187517
511,DEF,Spurs,Cristian Romero,2790,33,107,5,0,7,15,84.54545454545455,,,221632,232.0,2023/24,5,14.390547121858882,121.39054712185889
512,DEF,Spurs,Davinson Sánchez,76,1,0,0,0,0,0,76.0,,,173904,5.0,2023/24,5,0.08041876536971328,0.08041876536971328
513,MID,Spurs,Pape Matar Sarr,2063,34,86,3,3,9,4,60.6764705882353,,,482442,242.0,2023/24,5,6.026422133107071,92.02642213310708
515,MID,Spurs,Oliver Skipp,691,21,22,0,0,0,0,32.904761904761905,,,209042,64.0,2023/24,5,0.005224923032824977,22.005224923032824
516,MID,Spurs,Son Heung-min,2934,35,213,17,10,8,25,83.82857142857142,,,85971,114.0,2023/24,5,0.01600309011739678,213.0160030901174
519,DEF,Spurs,Destiny Udogie,2391,28,79,2,3,5,8,85.39285714285714,,,487053,180.0,2023/24,5,8.247004857774595,87.2470048577746
520,GKP,Spurs,Guglielmo Vicario,3420,38,112,0,0,7,9,90.0,,,184254,47.0,2023/24,5,0.0,112.0
522,DEF,West Ham,Nayef Aguerd,1857,21,36,1,0,2,0,88.42857142857143,,,210494,147.0,2023/24,9,8.993871468395788,44.99387146839579
523,FWD,West Ham,Michail Antonio,1692,26,78,6,2,5,8,65.07692307692308,,,57531,81.0,2023/24,9,0.01182533968664552,78.01182533968665
524,GKP,West Ham,Alphonse Areola,2700,31,116,0,0,4,11,87.09677419354838,,,84182,29.0,2023/24,9,0.0,116.0
525,MID,West Ham,Saïd Benrahma,611,13,20,0,1,2,0,47.0,,,172841,61.0,2023/24,9,0.13103441893715964,20.13103441893716
526,MID,West Ham,Jarrod Bowen,3020,34,182,16,6,5,14,88.82352941176471,,,178186,196.0,2023/24,9,1.5660642482399585,183.56606424823997
527,MID,West Ham,Maxwel Cornet,109,7,13,1,0,0,0,20.0,,,149519,14.0,2023/24,9,0.0002691256501295733,13.00026912565013
528,DEF,West Ham,Vladimír Coufal,3135,36,85,0,7,4,9,87.08333333333333,,,164555,205.0,2023/24,9,5.866241201126568,90.86624120112657
530,DEF,West Ham,Aaron Cresswell,431,11,10,0,0,0,0,39.18181818181818,,,55459,16.0,2023/24,9,8.72056187221612e-05,10.000087205618723
532,DEF,West Ham,Emerson Palmieri dos Santos,3138,36,82,1,4,5,8,87.16666666666667,,,109533,252.0,2023/24,9,15.418065374392778,97.41806537439278
533,GKP,West Ham,Lukasz Fabianski,721,10,24,0,0,1,1,72.1,,,37096,11.0,2023/24,9,0.0,24.0
534,MID,West Ham,Pablo Fornals Malla,418,15,19,0,0,1,0,27.866666666666667,,,217593,48.0,2023/24,9,0.005839825071589124,19.00583982507159
535,FWD,West Ham,Danny Ings,389,20,36,1,2,0,4,20.0,,,84939,28.0,2023/24,9,3.851282245846002e-06,36.000003851282244
536,DEF,West Ham,Ben Johnson,538,14,17,0,0,1,0,38.42857142857143,,,222018,30.0,2023/24,9,0.002886384662970766,17.002886384662972
537,DEF,West Ham,Thilo Kehrer,19,4,2,0,0,0,0,20.0,,,201057,3.0,2023/24,9,0.003844631368998803,2.003844631368999
538,FWD,West Ham,Divin Mubama,75,5,5,0,0,0,0,20.0,,,487837,4.0,2023/24,9,2.861494910251448e-08,5.0000000286149495
539,MID,West Ham,Lucas Tolentino Coelho de Lima,2627,31,100,4,6,4,7,84.74193548387096,,,224024,312.0,2023/24,9,29.001638475184613,129.00163847518462
540,MID,Arsenal,Declan Rice,3225,38,165,7,9,17,17,84.86842105263158,,,204480,367.0,2023/24,2,30.33889000006469,195.33889000006468
542,MID,West Ham,Tomáš Souček,2867,37,116,7,2,5,9,77.48648648648648,,,215439,376.0,2023/24,9,35.865799919389126,151.86579991938913
544,DEF,West Ham,Kurt Zouma,2838,33,76,3,0,3,6,86.0,,,103192,238.0,2023/24,9,15.979654129653166,91.97965412965317
545,DEF,Wolves,Rayan Aït-Nouri,2327,33,77,2,3,3,6,70.51515151515152,,,448514,123.0,2023/24,15,0.4247855760523416,77.42478557605234
546,GKP,Wolves,Daniel Bentley,382,5,18,0,0,2,1,76.4,,,79602,3.0,2023/24,15,0.0,18.0
548,DEF,Wolves,Hugo Bueno López,727,22,29,0,0,2,0,33.04545454545455,,,490721,51.0,2023/24,15,0.008517756107041655,29.008517756107043
551,DEF,Wolves,Craig Dawson,2209,25,69,1,1,6,6,88.36,,,60232,204.0,2023/24,15,19.16574322391739,88.16574322391739
552,FWD,Wolves,Fábio Silva,259,8,8,0,0,1,0,32.375,,,449988,24.0,2023/24,15,0.0025678436519825103,8.002567843651983
553,DEF,Luton,Ryan Giles,498,11,11,0,0,0,0,45.27272727272727,,,232351,32.0,2023/24,18,0.02441118145577797,11.024411181455777
557,MID,Wolves,Hwang Hee-chan,2116,29,125,12,3,3,10,72.96551724137932,,,184754,114.0,2023/24,15,0.06903220233429119,125.06903220233428
558,FWD,Fulham,Raúl Jiménez,1390,24,72,7,0,4,13,57.916666666666664,,,102057,81.0,2023/24,14,0.02256185917299008,72.022561859173
559,MID,Wolves,João Victor Gomes da Silva,2646,34,75,2,2,4,3,77.82352941176471,,,448089,366.0,2023/24,15,40.21472426226526,115.21472426226526
560,DEF,Wolves,Jonathan Castro Otto,4,1,1,0,0,0,0,20.0,,,114128,1.0,2023/24,15,0.016083753073942657,1.0160837530739426
562,FWD,Wolves,Sasa Kalajdzic,158,11,24,2,0,1,4,20.0,,,429414,17.0,2023/24,15,0.00010159944662177942,24.000101599446623
563,DEF,Wolves,Max Kilman,3420,38,82,2,0,5,3,90.0,,,214048,302.0,2023/24,15,26.58290443280003,108.58290443280004
565,MID,Wolves,Mario Lemina,2969,35,95,4,1,4,13,84.82857142857142,,,151086,395.0,2023/24,15,47.947806824130225,142.94780682413023
566,MID,Man City,Matheus Luiz Nunes,831,19,32,0,2,2,1,43.73684210526316,,,465351,70.0,2023/24,1,0.025929832647883472,32.02592983264788
567,MID,Wolves,Pedro Lomba Neto,1516,20,86,2,11,3,8,75.8,,,247632,94.0,2023/24,15,0.20418837023755612,86.20418837023756
569,GKP,Wolves,José Malheiro de Sá,3037,35,107,0,1,4,8,86.77142857142857,,,149065,30.0,2023/24,15,0.0,107.0
570,MID,Wolves,Pablo Sarabia,1737,30,99,4,7,6,8,57.9,,,88484,127.0,2023/24,15,0.13248899389198154,99.13248899389198
572,DEF,Wolves,Nélson Cabral Semedo,3084,36,63,0,2,5,0,85.66666666666667,,,200402,201.0,2023/24,15,5.2952046980156755,68.29520469801568
573,DEF,Wolves,Toti António Gomes,2771,35,82,1,4,4,6,79.17142857142858,,,510362,176.0,2023/24,15,2.9073383520242655,84.90733835202427
574,MID,Wolves,Boubacar Traoré,802,24,25,0,0,0,0,33.416666666666664,,,476502,111.0,2023/24,15,0.21598293118973633,25.215982931189735
575,DEF,Luton,Tom Lockyer,1169,14,23,1,1,0,1,83.5,,,108796,127.0,2023/24,18,14.927593555728484,37.927593555728485
576,DEF,Sheffield Utd,Jack Robinson,2883,34,33,1,1,1,1,84.79411764705883,,,83427,236.0,2023/24,20,14.053411332423288,47.05341133242329
577,DEF,West Ham,Angelo Ogbonna,634,11,19,0,0,2,0,57.63636363636363,,,40669,53.0,2023/24,9,0.7143808772763416,19.71438087727634
578,MID,Arsenal,Reiss Nelson,256,15,16,0,0,1,0,20.0,,,200641,38.0,2023/24,2,0.0024969977580050545,16.002496997758005
580,GKP,Newcastle,Loris Karius,90,1,1,0,0,0,0,90.0,,,104542,1.0,2023/24,7,0.0,1.0
581,DEF,Newcastle,Paul Dummett,18,5,5,0,0,0,0,20.0,,,106618,2.0,2023/24,7,0.00024869940594029056,5.00024869940594
582,MID,Luton,Pelly Ruddock Mpanzu,1085,27,35,0,0,1,0,40.18518518518518,,,104047,99.0,2023/24,18,0.03535000965032488,35.03535000965032
583,MID,Spurs,Manor Solomon,196,5,14,0,2,0,2,39.2,,,235674,18.0,2023/24,5,0.005577377480123307,14.005577377480122
584,DEF,Aston Villa,Pau Torres,2462,29,85,2,0,6,4,84.89655172413794,,,244954,129.0,2023/24,4,1.1668946423607685,86.16689464236077
585,DEF,Arsenal,Jurriën Timber,70,2,0,0,0,0,0,35.0,,,445122,3.0,2023/24,2,2.0706005801972944e-05,2.0706005801972944e-05
586,MID,Luton,Tahith Chong,1972,33,78,4,2,0,3,59.75757575757576,,,222677,164.0,2023/24,18,0.517668195565162,78.51766819556516
587,MID,Sheffield Utd,Anis Slimane,409,15,14,0,0,1,0,27.266666666666666,,,504198,59.0,2023/24,20,0.03588355629701222,14.035883556297012
588,DEF,Everton,Ashley Young,2277,31,76,0,1,9,3,73.45161290322581,,,18892,126.0,2023/24,12,0.7065744883237207,76.70657448832372
590,FWD,Wolves,Matheus Santos Carneiro Da Cunha,2438,32,135,12,7,6,15,76.1875,,,430871,184.0,2023/24,15,2.161613463372233,137.16161346337222
591,MID,Fulham,Willian Borges da Silva,2048,31,94,4,3,9,6,66.06451612903226,,,47431,136.0,2023/24,14,0.1830691369834976,94.18306913698349
592,DEF,Sheffield Utd,Yasser Larouci,527,11,10,0,0,0,0,47.90909090909091,,,432990,45.0,2023/24,20,0.26139817945695676,10.261398179456958
593,FWD,Sheffield Utd,Bénie Traoré,383,8,11,0,0,0,0,47.875,,,523957,29.0,2023/24,20,0.014152152099985242,11.014152152099985
594,FWD,Burnley,Zeki Amdouni,1953,34,85,5,1,5,11,57.44117647058823,,,492831,135.0,2023/24,19,0.13148332784382735,85.13148332784382
595,DEF,Bournemouth,Milos Kerkez,1966,28,59,0,2,6,1,70.21428571428571,,,544877,134.0,2023/24,13,1.7478416771995167,60.74784167719952
596,GKP,Burnley,James Trafford,2520,28,70,0,0,2,5,90.0,,,432720,41.0,2023/24,19,0.0,70.0
597,GKP,Man Utd,André Onana,3420,38,133,0,0,9,10,90.0,,,202641,26.0,2023/24,8,0.0,133.0
598,DEF,Wolves,Matt Doherty,1136,30,41,1,0,1,1,37.86666666666667,,,87835,80.0,2023/24,15,0.034571028944941885,41.03457102894494
599,MID,Aston Villa,Moussa Diaby,2168,38,142,6,11,8,10,57.05263157894737,,,243557,89.0,2023/24,4,0.0007608602994798499,142.0007608602995
600,MID,Burnley,Nathan Redmond,132,12,11,0,0,0,0,20.0,,,83283,11.0,2023/24,19,4.1246786484836585e-06,11.000004124678648
601,MID,Everton,Arnaut Danjuma Groeneveld,587,14,26,1,0,2,0,41.92857142857143,,,220307,34.0,2023/24,12,0.00040035275079376833,26.000400352750795
602,DEF,Luton,Issa Kaboré,1727,24,34,0,3,0,3,71.95833333333333,,,476369,125.0,2023/24,18,2.427274918993685,36.42727491899368
603,MID,Newcastle,Harvey Barnes,788,21,64,5,3,2,3,37.523809523809526,,,201666,56.0,2023/24,7,0.001486115904886316,64.00148611590488
604,DEF,Nott'm Forest,Olu Aina,1690,22,45,1,1,2,2,76.81818181818181,,,159506,109.0,2023/24,17,1.6792390634088805,46.67923906340888
605,MID,Burnley,Luca Koleosho,972,15,40,1,2,3,0,64.8,,,487702,55.0,2023/24,19,0.019638894250180488,40.01963889425018
606,DEF,Brighton,Igor Julio dos Santos de Paulo,1631,24,37,0,0,2,1,67.95833333333333,,,223434,93.0,2023/24,11,0.40042146965715875,37.40042146965716
607,GKP,Bournemouth,Ionuț Radu,180,2,2,0,0,0,0,90.0,,,215531,1.0,2023/24,13,0.0,2.0
608,MID,Burnley,Jacob Bruun Larsen,1235,32,82,6,0,3,7,38.59375,,,179458,103.0,2023/24,19,0.013138621051170222,82.01313862105117
609,MID,Chelsea,Ian Maatsen,200,12,11,0,0,0,0,20.0,,,441302,26.0,2023/24,6,0.0005548333569553143,11.000554833356956
610,DEF,Fulham,Calvin Bassey,2299,29,66,1,0,6,4,79.27586206896552,,,232892,168.0,2023/24,14,5.159707636171663,71.15970763617166
611,DEF,Chelsea,Axel Disasi,2579,31,71,2,0,5,6,83.19354838709677,,,220362,167.0,2023/24,6,3.769903833391659,74.76990383339165
613,MID,Chelsea,Lesley Ugochukwu,296,12,13,0,0,1,0,24.666666666666668,,,503714,34.0,2023/24,6,0.001511249471785276,13.001511249471786
614,GKP,Luton,Thomas Kaminski,3405,38,86,0,0,2,3,89.60526315789474,,,54738,24.0,2023/24,18,0.0,86.0
615,MID,Crystal Palace,Matheus França de Oliveira,224,10,16,0,2,0,0,22.4,,,536694,22.0,2023/24,10,0.00010751576309851607,16.000107515763098
616,DEF,Man City,Joško Gvardiol,2327,28,123,4,2,9,12,83.10714285714286,,,477424,120.0,2023/24,1,0.8941932785498842,123.89419327854988
617,FWD,Man Utd,Rasmus Højlund,2156,30,112,10,2,6,14,71.86666666666666,,,497894,92.0,2023/24,8,0.011801894713376018,112.01180189471337
618,MID,Aston Villa,Omari Kellyman,35,2,2,0,0,0,0,20.0,,,549068,3.0,2023/24,4,1.4682618123436033e-06,2.000001468261812
620,MID,Brentford,Michael Olakigbe,51,8,8,0,0,0,0,20.0,,,501284,11.0,2023/24,16,0.013133890134942365,8.013133890134942
621,MID,Brighton,Jack Hinshelwood,866,12,42,3,0,2,5,72.16666666666667,,,532529,79.0,2023/24,11,1.3267827186471692,43.326782718647166
623,FWD,Chelsea,Mason Burstow,8,2,2,0,0,0,0,20.0,,,534392,0.0,2023/24,6,0.0,2.0
624,MID,Everton,Lewis Dobbin,226,12,18,1,0,1,0,20.0,,,461421,31.0,2023/24,12,0.0010482771335529092,18.001048277133552
626,DEF,Liverpool,Jarell Quansah,1188,17,49,2,0,2,5,69.88235294117646,,,441428,89.0,2023/24,3,1.7690425504002782,50.76904255040028
627,MID,Liverpool,Bobby Clark,86,5,5,0,0,0,0,20.0,,,491970,12.0,2023/24,3,0.00046922888237171224,5.0004692288823716
628,MID,Liverpool,Ben Doak,13,1,1,0,0,0,0,20.0,,,496208,1.0,2023/24,3,1.747886698580524e-07,1.0000001747886698
629,MID,Liverpool,James McConnell,3,3,3,0,0,0,0,20.0,,,491501,1.0,2023/24,3,0.017935306859569896,3.01793530685957
630,MID,Luton,Ross Barkley,2616,32,101,5,5,2,4,81.75,,,88894,330.0,2023/24,18,32.70151305694328,133.70151305694327
631,FWD,Luton,Jacob Brown,1013,19,39,2,1,1,3,53.31578947368421,,,242453,101.0,2023/24,18,0.7341343696245783,39.73413436962458
632,MID,Man Utd,Omari Forson,67,4,7,0,1,0,0,20.0,,,487828,4.0,2023/24,8,5.898520891073556e-08,7.000000058985209
633,DEF,Newcastle,Tino Livramento,1302,26,45,1,0,2,4,50.07692307692308,,,441191,92.0,2023/24,7,0.2348489665543065,45.23484896655431
634,DEF,Newcastle,Alex Murphy,11,2,2,0,0,0,0,20.0,,,545477,2.0,2023/24,7,0.005989488165163177,2.005989488165163
635,MID,Newcastle,Lewis Miley,1203,17,44,1,3,1,1,70.76470588235294,,,547719,138.0,2023/24,7,6.175753114373345,50.17575311437334
638,MID,Sheffield Utd,Vini de Souza Costa,2664,36,73,1,1,1,4,74.0,,,424001,402.0,2023/24,20,47.78026339426679,120.7802633942668
639,DEF,Spurs,Micky van de Ven,2341,27,81,3,0,5,10,86.70370370370371,,,491279,153.0,2023/24,5,4.289949797452075,85.28994979745208
640,FWD,Spurs,Dane Scarlett,19,4,4,0,0,0,0,20.0,,,490145,1.0,2023/24,5,6.263961097274664e-09,4.000000006263961
641,FWD,Spurs,Alejo Véliz,45,8,11,1,0,0,0,20.0,,,536908,1.0,2023/24,5,8.334093517850388e-13,11.000000000000833
642,MID,West Ham,Edson Álvarez Velázquez,2375,31,62,1,1,5,3,76.61290322580645,,,213999,376.0,2023/24,9,51.64501419677401,113.64501419677401
643,DEF,Bournemouth,Max Aarons,1233,20,28,0,1,2,0,61.65,,,232980,63.0,2023/24,13,0.07949049299895773,28.079490492998957
644,MID,Bournemouth,Alex Scott,1003,23,41,1,1,3,3,43.608695652173914,,,503139,120.0,2023/24,13,0.5191104034634113,41.51911040346341
645,FWD,Everton,Youssef Ramalho Chermiti,196,18,16,0,0,1,0,20.0,,,491012,16.0,2023/24,12,7.36367910746555e-06,16.000007363679106
649,FWD,Everton,Thomas Cannon,1,1,1,0,0,0,0,20.0,,,461416,0.0,2023/24,12,0.0,1.0
650,MID,Everton,Tyler Onyango,1,1,1,0,0,0,0,20.0,,,461446,0.0,2023/24,12,0.0,1.0
655,MID,Sheffield Utd,Andre Brooks,932,20,26,0,0,1,0,46.6,,,538210,96.0,2023/24,20,0.2404720038275996,26.2404720038276
656,FWD,Sheffield Utd,Antwoine Hackford,11,2,2,0,0,0,0,20.0,,,487836,0.0,2023/24,20,0.0,2.0
657,MID,Crystal Palace,Jesurun Rak-Sakyi,132,6,8,0,0,1,0,22.0,,,450542,14.0,2023/24,10,0.00011576620373345617,8.000115766203734
660,MID,Burnley,Wilson Odobert,2095,29,82,3,4,2,3,72.24137931034483,,,550839,131.0,2023/24,19,0.21652476075269222,82.21652476075269
661,MID,Everton,Jack Harrison,2212,29,92,3,3,11,5,76.27586206896552,,,221399,204.0,2023/24,12,4.797664533890151,96.79766453389016
662,MID,Fulham,Adama Traoré,363,17,36,2,3,0,1,21.352941176470587,,,159533,20.0,2023/24,14,2.546408718408899e-07,36.000000254640874
663,MID,Sheffield Utd,Gustavo Hamer,2908,36,108,4,7,2,5,80.77777777777777,,,196100,271.0,2023/24,20,8.770218151451571,116.77021815145157
664,MID,West Ham,James Ward-Prowse,3000,37,146,7,7,5,19,81.08108108108108,,,101178,281.0,2023/24,9,9.462086407678623,155.4620864076786
666,MID,Sheffield Utd,Tom Davies,214,9,7,0,0,0,0,23.77777777777778,,,173807,40.0,2023/24,20,0.05900925274535039,7.0590092527453505
667,MID,Chelsea,Roméo Lavia,32,1,1,0,0,0,0,32.0,,,514356,2.0,2023/24,6,4.110463252007837e-06,1.000004110463252
668,MID,Liverpool,Wataru Endo,1714,29,47,1,0,6,0,59.10344827586207,,,158983,208.0,2023/24,3,5.374412996088752,52.37441299608875
672,MID,Aston Villa,Nicolò Zaniolo,824,25,34,2,0,2,0,32.96,,,245414,67.0,2023/24,4,0.0018557222746419717,34.00185572227464
673,MID,Bournemouth,Tyler Adams,118,3,5,0,0,0,1,39.333333333333336,,,200785,17.0,2023/24,13,0.12262974610779101,5.122629746107791
674,DEF,Burnley,Hannes Delcroix,584,12,7,0,0,0,0,48.666666666666664,,,247245,45.0,2023/24,19,0.16091325790222008,7.16091325790222
675,MID,Burnley,Aaron Ramsey,522,14,18,0,0,0,0,37.285714285714285,,,447715,54.0,2023/24,19,0.028360100789628733,18.02836010078963
676,DEF,West Ham,Konstantinos Mavropanos,1500,19,40,1,0,3,3,78.94736842105263,,,233963,142.0,2023/24,9,10.589714558367787,50.58971455836779
677,FWD,Chelsea,Deivid Washington de Souza Eugênio,11,2,2,0,0,0,0,20.0,,,617054,1.0,2023/24,6,1.269275789196757e-06,2.0000012692757894
678,MID,Man City,Jérémy Doku,1585,29,98,3,10,1,13,54.6551724137931,,,248875,125.0,2023/24,1,0.1484153420020374,98.14841534200204
679,DEF,Nott'm Forest,Gonzalo Montiel,796,14,28,0,2,1,4,56.857142857142854,,,218430,64.0,2023/24,17,0.6652729178226929,28.665272917822694
682,DEF,Luton,Joseph Johnson,75,2,0,0,0,0,0,37.5,,,611011,0.0,2023/24,18,0.0,0.0
683,MID,Fulham,Luke Harris,74,1,2,0,0,0,0,74.0,,,515024,4.0,2023/24,14,0.002756832760078128,2.002756832760078
685,MID,Man Utd,Daniel Gore,1,1,1,0,0,0,0,20.0,,,504598,2.0,2023/24,8,0.15060887213710017,1.1506088721371002
687,GKP,Chelsea,Đorđe Petrović,1986,23,71,0,0,5,5,86.34782608695652,,,457569,20.0,2023/24,6,0.0,71.0
688,DEF,Fulham,Timothy Castagne,2630,34,105,1,3,9,7,77.3529411764706,,,166477,154.0,2023/24,14,1.5277718858163425,106.52777188581635
689,MID,West Ham,Mohammed Kudus,2485,33,137,8,9,3,13,75.3030303030303,,,460842,296.0,2023/24,9,19.290079674151627,156.29007967415163
690,MID,Brighton,Carlos Baleba,1314,27,34,0,0,2,0,48.666666666666664,,,535301,187.0,2023/24,11,4.0724667297100074,38.07246672971001
691,FWD,Everton,Norberto Bercique Gomes Betuncal,943,30,50,3,0,2,3,31.433333333333334,,,486385,64.0,2023/24,12,0.00035364818747679876,50.00035364818748
693,DEF,Sheffield Utd,Luke Thomas,916,12,7,0,0,0,0,76.33333333333333,,,244619,57.0,2023/24,20,0.7167847431065716,7.7167847431065715
694,MID,Burnley,Han-Noah Massengo,14,3,3,0,0,0,0,20.0,,,437757,2.0,2023/24,19,9.538853684844134e-05,3.0000953885368484
696,DEF,Nott'm Forest,Murillo Santiago Costa dos Santos,2790,32,58,0,2,3,1,87.1875,,,575476,296.0,2023/24,17,36.01954573708816,94.01954573708815
697,DEF,Wolves,Santiago Bueno,819,12,13,0,0,0,0,68.25,,,231480,64.0,2023/24,15,1.3821938201171395,14.38219382011714
698,MID,Wolves,Enso González,1,1,1,0,0,0,0,20.0,,,593001,0.0,2023/24,15,0.0,1.0
699,DEF,Aston Villa,Clément Lenglet,1153,14,24,0,1,2,0,82.35714285714286,,,171101,78.0,2023/24,4,2.0363228086809073,26.036322808680907
700,MID,Brighton,Anssumane Fati Vieira,509,19,33,2,1,1,1,26.789473684210527,,,465607,33.0,2023/24,11,1.8268247494906847e-05,33.000018268247494
701,MID,Brentford,Saman Ghoddos,728,19,26,1,0,0,0,38.31578947368421,,,205836,83.0,2023/24,16,0.10839914012670018,26.1083991401267
703,DEF,Man Utd,Jonny Evans,1389,23,49,0,1,4,3,60.391304347826086,,,37642,137.0,2023/24,8,4.705055546557738,53.70505554655774
704,FWD,Wolves,Nathan Fraser,183,7,7,0,0,1,0,26.142857142857142,,,531363,17.0,2023/24,15,0.00029880919607718913,7.000298809196077
705,MID,Bournemouth,Luis Sinisterra,685,20,43,2,2,1,2,34.25,,,224995,82.0,2023/24,13,0.06779214035729912,43.0677921403573
706,MID,Burnley,Mike Trésor,410,16,20,0,0,0,0,25.625,,,437748,40.0,2023/24,19,0.000607180746124355,20.000607180746126
707,DEF,Fulham,Fodé Ballo-Touré,65,6,5,0,0,0,0,20.0,,,225897,9.0,2023/24,14,0.004987500566732626,5.004987500566733
708,MID,Liverpool,Ryan Gravenberch,1110,26,45,1,0,3,3,42.69230769230769,,,441266,127.0,2023/24,3,0.3575796750789365,45.35757967507894
709,MID,Man Utd,Sofyan Amrabat,929,21,26,0,0,2,0,44.23809523809524,,,172912,121.0,2023/24,8,0.964026406956358,26.964026406956357
710,GKP,Nott'm Forest,Odysseas Vlachodimos,450,5,12,0,0,1,0,90.0,,,111452,5.0,2023/24,17,0.0,12.0
711,DEF,Nott'm Forest,Andrew Omobamidele,782,11,11,0,0,0,0,71.0909090909091,,,466404,73.0,2023/24,17,3.741582664861014,14.741582664861014
712,MID,Nott'm Forest,Nicolás Domínguez,1489,26,67,2,2,6,6,57.26923076923077,,,250199,217.0,2023/24,17,10.848028429595143,77.84802842959515
713,MID,Nott'm Forest,Ibrahim Sangaré,1031,17,25,0,0,4,0,60.64705882352941,,,210462,154.0,2023/24,17,10.3814906757307,35.3814906757307
714,FWD,Nott'm Forest,Divock Origi,594,20,25,0,1,2,0,29.7,,,152760,26.0,2023/24,17,1.323360640896453e-06,25.000001323360642
715,MID,Wolves,Jean-Ricner Bellegarde,948,22,45,2,2,0,1,43.09090909090909,,,231057,81.0,2023/24,15,0.02985509082760163,45.0298550908276
716,DEF,Chelsea,Alfie Gilchrist,200,11,20,1,0,1,0,20.0,,,514280,19.0,2023/24,6,0.0007691963033176508,20.000769196303317
718,MID,Chelsea,Alex Matos,1,1,1,0,0,0,0,20.0,,,519198,0.0,2023/24,6,0.0,1.0
721,MID,Crystal Palace,David Ozoh,148,9,8,0,0,0,0,20.0,,,531989,20.0,2023/24,10,0.0005954196237227748,8.000595419623723
722,FWD,Spurs,Jamie Donley,3,3,2,0,0,0,0,20.0,,,513588,4.0,2023/24,5,0.6741024703605389,2.674102470360539
727,MID,Luton,Andros Townsend,1197,27,61,1,4,3,3,44.333333333333336,,,60252,103.0,2023/24,18,0.04976842313997933,61.04976842313998
730,MID,Sheffield Utd,Ryan Oné,7,1,1,0,0,0,0,20.0,,,585472,1.0,2023/24,20,4.769426842422067e-05,1.0000476942684242
734,MID,Luton,Zack Nelson,4,2,2,0,0,0,0,20.0,,,589114,1.0,2023/24,18,0.003285136290587476,2.0032851362905877
738,MID,Newcastle,Amadou Diallo,1,1,1,0,0,0,0,20.0,,,248859,0.0,2023/24,7,0.0,1.0
739,FWD,Newcastle,Ben Parkinson,24,1,1,0,0,0,0,24.0,,,547716,1.0,2023/24,7,3.73922696316035e-09,1.000000003739227
741,FWD,Brighton,Mark O’Mahony,61,3,2,0,0,0,0,20.333333333333332,,,574402,5.0,2023/24,11,2.7986499146667786e-06,2.0000027986499145
742,MID,Brighton,Benicio Baker-Boaitey,37,5,4,0,0,0,0,20.0,,,475480,3.0,2023/24,11,8.671729091475182e-07,4.0000008671729095
744,MID,Brentford,Myles Peart-Harris,11,3,3,0,0,0,0,20.0,,,450539,1.0,2023/24,16,8.503052456082782e-07,3.0000008503052458
745,FWD,Newcastle,Michael Ndiweni,1,1,1,0,0,0,0,20.0,,,490150,0.0,2023/24,7,0.0,1.0
750,MID,Wolves,Tawanda Chirewa,138,8,8,0,0,0,0,20.0,,,497606,11.0,2023/24,15,2.7026951881008116e-06,8.000002702695188
757,DEF,Liverpool,Conor Bradley,752,11,50,1,3,3,7,68.36363636363636,,,492777,57.0,2023/24,3,1.0814691415990085,51.08146914159901
759,MID,Sheffield Utd,Sydie Peck,9,1,1,0,0,0,0,20.0,,,552425,1.0,2023/24,20,5.349053944776736e-06,1.0000053490539447
766,DEF,Man Utd,Willy Kambwala,325,8,5,0,0,0,0,40.625,,,518466,22.0,2023/24,8,0.0116473480210646,5.011647348021064
772,MID,Arsenal,Ethan Nwaneri,13,1,1,0,0,0,0,20.0,,,499175,0.0,2023/24,2,0.0,1.0
774,DEF,West Ham,Kaelan Casey,1,1,1,0,0,0,0,20.0,,,518438,1.0,2023/24,9,0.1257020491536052,1.1257020491536052
775,MID,Sheffield Utd,Ben Brereton,1105,14,62,6,1,0,5,78.92857142857143,,,204814,65.0,2023/24,20,0.1298682046183695,62.12986820461837
776,FWD,Spurs,Timo Werner,808,13,46,2,4,0,5,62.15384615384615,,,165153,38.0,2023/24,5,0.0032755826292447626,46.00327558262924
777,DEF,Spurs,Radu Dragusin,424,9,14,0,0,1,0,47.111111111111114,,,493125,35.0,2023/24,5,0.15374921334386923,14.15374921334387
782,DEF,Liverpool,Owen Beck,7,1,1,0,0,0,0,20.0,,,430992,2.0,2023/24,3,0.05806308192988219,1.0580630819298822
783,MID,Liverpool,Kaide Gordon,1,1,1,0,0,0,0,20.0,,,496185,0.0,2023/24,3,0.0,1.0
790,GKP,Sheffield Utd,Ivo Grbic,771,9,15,0,0,0,0,85.66666666666667,,,173268,14.0,2023/24,20,0.0,15.0
791,MID,Chelsea,Cesare Casadei,71,11,11,0,0,0,0,20.0,,,505187,10.0,2023/24,6,0.00042319191549951887,11.0004231919155
792,DEF,Crystal Palace,Daniel Muñoz,1440,16,56,0,4,5,3,90.0,,,247348,120.0,2023/24,10,9.039080725051386,65.03908072505139
793,DEF,Aston Villa,Kaine Kesler-Hayden,5,3,3,0,0,0,0,20.0,,,465390,0.0,2023/24,4,0.0,3.0
794,MID,Newcastle,Joe White,12,4,3,0,0,0,0,20.0,,,461484,3.0,2023/24,7,0.009855408871762427,3.0098554088717626
798,DEF,Luton,Daiki Hashioka,592,10,4,0,0,0,0,59.2,,,209293,46.0,2023/24,18,0.493385082919431,4.493385082919431
799,MID,Bournemouth,Romain Faivre,37,5,4,0,0,0,0,20.0,,,441240,2.0,2023/24,13,1.0963886601435304e-08,4.000000010963887
801,MID,Nott'm Forest,Giovanni Reyna,228,9,13,0,1,0,0,25.333333333333332,,,427420,23.0,2023/24,17,0.0004227387408451411,13.000422738740845
803,MID,Aston Villa,Morgan Rogers,636,11,35,3,1,2,0,57.81818181818182,,,244850,50.0,2023/24,4,0.08630024566131385,35.08630024566131
804,FWD,Bournemouth,Enes Ünal,317,16,40,2,4,1,3,20.0,,,168636,25.0,2023/24,13,8.280960341331386e-06,40.000008280960344
805,DEF,Burnley,Lorenz Assignon,1235,15,25,1,2,0,3,82.33333333333333,,,503724,102.0,2023/24,19,5.678010452425178,30.678010452425177
806,DEF,Burnley,Maxime Esteve,1310,16,15,0,0,0,0,81.875,,,477717,119.0,2023/24,19,8.751757855122085,23.751757855122086
807,MID,Crystal Palace,Adam Wharton,1296,16,50,0,3,7,4,81.0,,,496221,171.0,2023/24,10,18.481927376684947,68.48192737668495
808,GKP,Nott'm Forest,Matz Sels,1440,16,34,0,0,1,1,90.0,,,85633,17.0,2023/24,17,0.0,34.0
809,FWD,Nott'm Forest,Rodrigo Duarte Ribeiro,14,4,4,0,0,0,0,20.0,,,551232,2.0,2023/24,17,0.00014238929021544142,4.0001423892902155
811,MID,Bournemouth,Dominic Sadi,1,1,1,0,0,0,0,20.0,,,550596,0.0,2023/24,13,0.0,1.0
816,DEF,Brighton,Valentín Barco,307,6,5,0,0,0,0,51.166666666666664,,,543158,17.0,2023/24,11,0.0109363941247522,5.0109363941247524
823,MID,Sheffield Utd,Oliver Arblaster,942,12,19,0,0,0,0,78.5,,,532372,106.0,2023/24,20,6.547053507556102,25.5470535075561
824,FWD,Liverpool,Jayden Danns,7,2,1,0,0,0,0,20.0,,,500058,1.0,2023/24,3,7.119464510772071e-05,1.0000711946451077
828,DEF,Sheffield Utd,Sam Curtis,27,1,1,0,0,0,0,27.0,,,549344,1.0,2023/24,20,2.8153460038385724e-07,1.0000002815346003
829,MID,West Ham,George Earthy,33,3,8,1,0,0,0,20.0,,,490885,5.0,2023/24,9,0.00038945018009865523,8.000389450180098
830,MID,Chelsea,Jimi Tauriainen,1,1,1,0,0,0,0,20.0,,,514277,0.0,2023/24,6,0.0,1.0
836,FWD,Wolves,Leon Chiwome,173,3,5,0,0,0,0,57.666666666666664,,,589507,10.0,2023/24,15,0.0025227347946974094,5.002522734794697
838,DEF,Chelsea,Josh Acheampong,5,1,1,0,0,0,0,20.0,,,577016,3.0,2023/24,6,0.4785548675397577,1.4785548675397577
841,MID,Everton,Lewis Warrington,1,1,1,0,0,0,0,20.0,,,461453,1.0,2023/24,12,0.14738783602661726,1.1473878360266172
845,DEF,Brighton,Odeluga Offiah,126,4,4,0,0,0,0,31.5,,,445548,2.0,2023/24,11,1.7279039559326492e-09,4.000000001727904
850,FWD,Man Utd,Ethan Wheatley,13,3,3,0,0,0,0,20.0,,,575034,4.0,2023/24,8,0.06951613935062786,3.069516139350628
854,DEF,Aston Villa,Finley Munroe,3,1,1,0,0,0,0,20.0,,,521966,0.0,2023/24,4,0.0,1.0
860,MID,Spurs,Mikey Moore,3,2,2,0,0,0,0,20.0,,,499721,1.0,2023/24,5,0.017935306859569896,2.01793530685957
2,FWD,Arsenal,Gabriel Fernando de Jesus,600,17,42,3,2,2,6,35.294117647058826,,,205651,50.0,2024/25,2,0.004537822831943374,42.00453782283194
3,DEF,Arsenal,Gabriel dos Santos Magalhães,2363,28,117,3,2,10,9,84.39285714285714,,,226597,159.0,2024/25,2,4.497380045479125,121.49738004547912
4,FWD,Arsenal,Kai Havertz,1872,23,97,9,3,7,14,81.3913043478261,,,219847,99.0,2024/25,2,0.17372566808356132,97.17372566808356
6,DEF,Arsenal,Jurriën Timber,2415,30,114,1,3,11,9,80.5,,,445122,125.0,2024/25,2,0.8017658273752438,114.80176582737525
7,MID,Arsenal,Jorge Luiz Frello Filho,701,15,20,0,0,2,0,46.733333333333334,,,85955,76.0,2024/25,2,0.2722236846951541,20.272223684695152
8,DEF,Arsenal,Jakub Kiwior,1117,17,43,1,0,3,2,65.70588235294117,,,440854,93.0,2024/25,2,2.245006355652296,45.24500635565229
9,MID,Arsenal,Gabriel Martinelli Silva,2284,33,125,8,4,10,6,69.21212121212122,,,444145,122.0,2024/25,2,0.04640792195924794,125.04640792195924
10,MID,Fulham,Reiss Nelson,483,12,27,1,1,1,2,40.25,,,200641,45.0,2024/25,11,0.019088400712612533,27.01908840071261
11,FWD,Crystal Palace,Eddie Nketiah,1018,29,53,3,2,2,4,35.10344827586207,,,205533,55.0,2024/25,12,0.00010338553284650391,53.000103385532846
12,MID,Arsenal,Ethan Nwaneri,882,26,66,4,2,4,4,33.92307692307692,,,499175,53.0,2024/25,2,0.00012969052483251768,66.00012969052483
13,MID,Arsenal,Martin Ødegaard,2321,30,116,3,9,11,11,77.36666666666666,,,184029,127.0,2024/25,2,0.13248899389198157,116.13248899389198
14,GKP,Southampton,Aaron Ramsdale,2700,30,97,0,0,3,11,90.0,,,225321,30.0,2024/25,20,0.0,97.0
15,GKP,Arsenal,David Raya Martin,3420,38,142,0,0,13,10,90.0,,,154561,31.0,2024/25,2,0.0,142.0
16,MID,Arsenal,Declan Rice,2823,35,127,4,7,11,17,80.65714285714286,,,204480,297.0,2024/25,2,15.826788730934565,142.82678873093457
17,MID,Arsenal,Bukayo Saka,1724,25,127,6,11,7,18,68.96,,,223340,108.0,2024/25,2,0.13029579870084107,127.13029579870084
18,DEF,Arsenal,William Saliba,3039,35,130,2,0,12,14,86.82857142857142,,,462424,216.0,2024/25,2,8.509947583041122,138.5099475830411
19,MID,Fulham,Emile Smith Rowe,2036,34,114,6,3,7,15,59.88235294117647,,,209289,135.0,2024/25,11,0.08808248319806922,114.08808248319806
20,MID,Arsenal,Thomas Partey,2793,35,108,4,3,9,8,79.8,,,167199,315.0,2024/25,2,20.76808099297537,128.76808099297537
21,DEF,Arsenal,Kieran Tierney,250,13,27,1,0,1,2,20.0,,,192895,19.0,2024/25,2,0.0001451118838323809,27.000145111883832
22,DEF,Arsenal,Tomiyasu Takehiro,6,1,1,0,0,0,0,20.0,,,223723,1.0,2024/25,2,0.0017861297710908496,1.0017861297710908
23,MID,Arsenal,Leandro Trossard,2546,38,152,8,8,11,18,67.0,,,116216,158.0,2024/25,2,0.14470261342775456,152.14470261342777
24,DEF,Arsenal,Benjamin White,1195,17,50,0,2,5,0,70.29411764705883,,,198869,82.0,2024/25,2,1.111218437720702,51.1112184377207
25,DEF,Arsenal,Oleksandr Zinchenko,518,15,40,0,1,4,2,34.53333333333333,,,206325,21.0,2024/25,2,8.521780079139533e-05,40.000085217800795
26,DEF,Nott'm Forest,Álex Moreno Lopera,952,15,34,0,1,3,1,63.46666666666667,,,106468,83.0,2024/25,7,2.104382888908881,36.10438288890888
27,FWD,Southampton,Cameron Archer,1421,35,57,2,0,2,4,40.6,,,433979,60.0,2024/25,20,4.383435666745096e-05,57.00004383435667
28,MID,Aston Villa,Leon Bailey,1132,24,47,1,2,2,2,47.166666666666664,,,215711,77.0,2024/25,6,0.009567630957487975,47.00956763095749
29,MID,Aston Villa,Ross Barkley,567,20,44,3,1,1,5,28.35,,,88894,75.0,2024/25,6,0.031814001187687554,44.03181400118769
31,MID,Aston Villa,Emiliano Buendía Stati,89,12,11,0,0,0,0,20.0,,,195546,16.0,2024/25,6,0.004909838263396606,11.004909838263396
32,DEF,Aston Villa,Matty Cash,2069,27,76,1,1,7,2,76.62962962962963,,,199796,145.0,2024/25,6,3.2287986308795333,79.22879863087954
35,DEF,Aston Villa,Diego Carlos Santos Silva,828,10,21,0,0,2,1,82.8,,,165659,55.0,2024/25,6,1.3587752659884964,22.358775265988495
36,DEF,Aston Villa,Lucas Digne,2348,32,89,0,5,6,7,73.375,,,101188,178.0,2024/25,6,4.615405790814573,93.61540579081458
38,FWD,Aston Villa,Jhon Durán,622,20,53,7,0,2,9,31.1,,,476344,39.0,2024/25,6,9.478889660155342e-05,53.000094788896604
42,MID,Aston Villa,Boubacar Kamara,1720,26,57,1,0,6,3,66.15384615384616,,,226944,210.0,2024/25,6,9.206667094264882,66.20666709426489
44,DEF,Aston Villa,Ezri Konsa Ngoyo,2936,34,103,2,0,8,10,86.3529411764706,,,199798,176.0,2024/25,6,3.3236035890392106,106.32360358903921
45,DEF,Aston Villa,Ian Maatsen,1125,29,57,1,2,3,0,38.793103448275865,,,441302,71.0,2024/25,6,0.017264379989667712,57.01726437998967
47,GKP,Aston Villa,Emiliano Martínez Romero,3195,37,111,0,0,8,6,86.35135135135135,,,98980,23.0,2024/25,6,0.0,111.0
48,MID,Aston Villa,John McGinn,2217,34,78,1,4,8,1,65.20588235294117,,,122806,163.0,2024/25,6,0.4049463364891543,78.40494633648916
49,DEF,Aston Villa,Tyrone Mings,1119,14,47,0,1,4,5,79.92857142857143,,,149484,84.0,2024/25,6,2.968667573182556,49.96866757318256
50,DEF,Aston Villa,Kosta Nedeljković,121,5,5,0,0,0,0,24.2,,,578545,10.0,2024/25,6,0.0005874247600126401,5.000587424760012
51,GKP,Aston Villa,Robin Olsen,225,4,9,0,0,1,0,56.25,,,111782,4.0,2024/25,6,0.0,9.0
52,DEF,Aston Villa,Pau Torres,2019,24,55,0,0,5,3,84.125,,,244954,116.0,2024/25,6,1.5874724182940985,56.5874724182941
53,MID,Aston Villa,Jacob Ramsey,1616,29,66,1,4,5,3,55.724137931034484,,,232653,133.0,2024/25,6,0.24419599058754943,66.24419599058756
54,MID,Aston Villa,Morgan Rogers,3115,37,161,8,11,10,15,84.1891891891892,,,244850,193.0,2024/25,6,0.8337044759672017,161.8337044759672
57,MID,Aston Villa,Youri Tielemans,3025,36,121,3,7,7,15,84.02777777777777,,,166989,314.0,2024/25,6,18.532350291316515,139.5323502913165
58,FWD,Aston Villa,Ollie Watkins,2593,38,186,16,8,10,32,68.23684210526316,,,178301,78.0,2024/25,6,0.0003035238631954649,186.0003035238632
59,DEF,Bournemouth,Max Aarons,84,3,8,0,0,1,0,28.0,,,232980,4.0,2024/25,9,1.1109398396482653e-05,8.000011109398397
60,MID,Bournemouth,Tyler Adams,1959,28,58,0,3,6,1,69.96428571428571,,,200785,276.0,2024/25,9,24.214070810882404,82.2140708108824
62,MID,Bournemouth,David Brooks,941,29,52,2,1,3,2,32.44827586206897,,,111317,80.0,2024/25,9,0.0028359118181738026,52.002835911818174
63,MID,Bournemouth,Ryan Christie,2114,29,76,2,3,8,5,72.89655172413794,,,158499,326.0,2024/25,9,39.26729321658382,115.26729321658382
64,MID,Bournemouth,Lewis Cook,2976,36,82,1,4,5,3,82.66666666666667,,,155408,386.0,2024/25,9,42.03201082437593,124.03201082437593
65,FWD,Bournemouth,Enes Ünal,330,17,32,2,1,2,4,20.0,,,168636,23.0,2024/25,9,2.314093230625794e-06,32.00000231409323
68,DEF,Bournemouth,James Hill,443,10,17,0,1,1,0,44.3,,,463981,55.0,2024/25,9,1.3587752659884935,18.358775265988495
69,FWD,Bournemouth,Daniel Jebbison,105,16,20,1,0,0,1,20.0,,,523700,18.0,2024/25,9,0.0056808385153446685,20.005680838515346
70,DEF,Bournemouth,Milos Kerkez,3336,38,134,2,6,9,10,87.78947368421052,,,544877,208.0,2024/25,9,5.033394137817761,139.03339413781777
71,MID,Bournemouth,Justin Kluivert,2339,34,158,12,6,13,14,68.79411764705883,,,222683,138.0,2024/25,9,0.10593924937169472,158.1059392493717
73,GKP,Bournemouth,Norberto Murara Neto,180,2,7,0,0,0,0,90.0,,,69752,3.0,2024/25,9,0.0,7.0
74,MID,Bournemouth,Dango Ouattara,1998,32,111,7,4,7,7,62.4375,,,533463,196.0,2024/25,9,2.2225136282793523,113.22251362827936
76,MID,Bournemouth,Philip Billing,176,10,10,0,0,0,0,20.0,,,168991,35.0,2024/25,9,0.023123539418657902,10.023123539418657
77,MID,Bournemouth,Alex Scott,745,20,26,0,0,3,0,37.25,,,503139,104.0,2024/25,9,0.44041022713212097,26.44041022713212
78,MID,Bournemouth,Antoine Semenyo,3202,37,165,11,7,11,14,86.54054054054055,,,437730,267.0,2024/25,9,7.102401285951412,172.1024012859514
79,DEF,Bournemouth,Marcos Senesi,1103,17,31,0,0,2,3,64.88235294117646,,,221466,118.0,2024/25,9,7.026705666211639,38.02670566621164
80,MID,Bournemouth,Luis Sinisterra,229,12,23,1,1,0,2,20.0,,,224995,32.0,2024/25,9,0.0012667858940298823,23.00126678589403
81,DEF,Bournemouth,Adam Smith,1586,25,57,0,0,6,0,63.44,,,54469,82.0,2024/25,9,0.1327643769515481,57.13276437695155
82,FWD,Spurs,Dominic Solanke-Mitchell,2199,27,108,9,5,4,7,81.44444444444444,,,154566,89.0,2024/25,17,0.02053060703574183,108.02053060703574
83,MID,Bournemouth,Marcus Tavernier,1932,29,87,3,7,4,4,66.62068965517241,,,201658,180.0,2024/25,9,2.1984801183127214,89.19848011831272
84,GKP,Bournemouth,Mark Travers,450,5,19,0,0,1,1,90.0,,,229600,9.0,2024/25,9,0.0,19.0
85,DEF,Bournemouth,Illia Zabarnyi,3109,36,94,0,1,8,8,86.36111111111111,,,477580,292.0,2024/25,9,27.038203866523023,121.03820386652302
86,DEF,Brentford,Kristoffer Ajer,1433,24,39,0,0,3,0,59.708333333333336,,,191866,89.0,2024/25,10,0.2985039514373572,39.298503951437354
88,DEF,Brentford,Nathan Collins,3420,38,127,2,7,8,11,90.0,,,432830,351.0,2024/25,10,42.60729704056116,169.60729704056115
89,MID,Brentford,Mikkel Damsgaard,2911,38,131,2,10,11,10,76.60526315789474,,,440089,321.0,2024/25,10,16.81267327819916,147.81267327819916
91,GKP,Brentford,Mark Flekken,3275,37,138,0,2,7,12,88.51351351351352,,,118342,50.0,2024/25,10,0.0,138.0
92,DEF,Brentford,Rico Henry,94,5,4,0,0,0,0,20.0,,,194010,6.0,2024/25,10,1.1856965133725082e-05,4.000011856965133
94,MID,Brentford,Vitaly Janelt,2251,32,73,1,3,6,2,70.34375,,,204580,229.0,2024/25,10,5.853310372426294,78.8533103724263
95,MID,Brentford,Mathias Jensen,846,24,38,0,2,2,1,35.25,,,207283,87.0,2024/25,10,0.028442161907647315,38.02844216190765
96,DEF,Brentford,Kim Ji-soo,28,3,3,0,0,0,0,20.0,,,570241,2.0,2024/25,10,9.487644334331444e-06,3.000009487644334
97,MID,Brentford,Yunus Emre Konak,53,10,10,0,0,0,0,20.0,,,628204,6.0,2024/25,10,3.7944841341358786e-05,10.000037944841342
98,MID,Brentford,Keane Lewis-Potter,3092,38,94,1,5,8,0,81.36842105263158,,,249231,292.0,2024/25,10,10.357254924760927,104.35725492476092
99,MID,Brentford,Bryan Mbeumo,3415,38,236,20,9,9,29,89.86842105263158,,,446008,273.0,2024/25,10,7.10963422583728,243.10963422583728
100,DEF,Brentford,Ben Mee,180,7,9,0,0,1,0,25.714285714285715,,,51927,16.0,2024/25,10,0.002422722179477424,9.002422722179478
101,MID,Brentford,Christian Nørgaard,2820,34,107,5,5,6,7,82.94117647058823,,,128295,405.0,2024/25,10,54.102796908206265,161.10279690820627
102,MID,Brentford,Frank Onyeka,23,2,2,0,0,0,0,20.0,,,428580,2.0,2024/25,10,1.1209732656959282e-06,2.0000011209732658
104,DEF,Brentford,Ethan Pinnock,1912,22,47,2,0,2,0,86.9090909090909,,,231065,216.0,2024/25,10,28.85646582421168,75.85646582421168
105,DEF,Brentford,Mads Roerslev Rasmussen,1100,19,36,0,2,2,0,57.89473684210526,,,226956,58.0,2024/25,10,0.06011863970701495,36.060118639707014
106,MID,Brentford,Kevin Schade,2281,38,149,11,4,10,12,60.026315789473685,,,513418,161.0,2024/25,10,0.16896457637179121,149.1689645763718
107,FWD,Brentford,Igor Thiago Nascimento Rodrigues,167,8,9,0,0,0,0,20.875,,,502500,22.0,2024/25,10,0.0011335707513820718,9.001133570751382
109,GKP,Brentford,Hákon Valdimarsson,144,2,2,0,0,0,0,72.0,,,507433,3.0,2024/25,10,0.0,2.0
110,FWD,Brentford,Yoane Wissa,2921,35,185,18,6,9,32,83.45714285714286,,,216646,138.0,2024/25,10,0.12756860949056606,185.12756860949057
111,MID,Brentford,Yehor Yarmoliuk,1435,31,43,0,0,3,0,46.29032258064516,,,508395,215.0,2024/25,10,4.714524096667079,47.71452409666708
113,MID,Brighton,Simon Adingra,1081,29,60,2,3,2,0,37.275862068965516,,,535818,84.0,2024/25,8,0.00449454788331754,60.00449454788332
115,MID,Brighton,Carlos Baleba,2660,34,87,3,1,8,7,78.23529411764706,,,535301,376.0,2024/25,8,43.80812851220872,130.80812851220873
117,MID,Leicester,Facundo Buonanotte,1508,31,75,5,2,2,6,48.645161290322584,,,536916,162.0,2024/25,18,0.7080318921526086,75.7080318921526
120,DEF,Brighton,Lewis Dunk,2081,25,44,0,1,4,0,83.24,,,83299,126.0,2024/25,8,2.103572900827269,46.10357290082727
121,MID,Ipswich,Julio Enciso,1155,25,59,2,3,2,5,46.2,,,474120,79.0,2024/25,19,0.008677415247339997,59.00867741524734
122,DEF,Brighton,Pervis Estupiñán,2399,30,63,1,1,3,7,79.96666666666667,,,204214,164.0,2024/25,8,3.9466655321570374,66.94666553215704
123,FWD,West Ham,Evan Ferguson,368,20,27,1,0,1,2,20.0,,,487117,33.0,2024/25,14,3.6856234299916885e-05,27.0000368562343
124,MID,Brighton,Billy Gilmour,97,2,3,0,0,0,0,48.5,,,243568,9.0,2024/25,8,0.014484258370954715,3.014484258370955
126,MID,Brighton,Jack Hinshelwood,1839,26,89,5,3,6,8,70.73076923076923,,,532529,146.0,2024/25,8,0.9970612895531832,89.99706128955319
128,DEF,Brighton,Igor Julio dos Santos de Paulo,959,13,18,0,0,1,0,73.76923076923077,,,223434,61.0,2024/25,8,0.7223250814607701,18.72232508146077
129,FWD,Brighton,João Pedro Junqueira de Jesus,1946,27,126,10,6,6,26,72.07407407407408,,,475168,96.0,2024/25,8,0.040313189588091054,126.04031318958809
131,DEF,Brighton,Tariq Lamptey,856,15,42,2,2,2,1,57.06666666666667,,,232792,52.0,2024/25,8,0.11756472071529706,42.1175647207153
132,MID,Brighton,Solly March,161,8,7,0,0,0,0,20.125,,,109345,16.0,2024/25,8,3.2883706016062694e-05,7.000032883706016
134,MID,Brighton,James Milner,170,4,6,0,0,1,0,42.5,,,15157,13.0,2024/25,8,0.0017928985243324523,6.001792898524332
135,MID,Brighton,Yankuba Minteh,1831,32,102,6,5,4,8,57.21875,,,592031,172.0,2024/25,8,0.8977480215288579,102.89774802152886
136,MID,Brighton,Mitoma Kaoru,2597,36,145,10,5,6,12,72.13888888888889,,,451340,168.0,2024/25,8,0.34762809087839386,145.3476280908784
137,MID,Brighton,Jakub Moder,9,4,4,0,0,0,0,20.0,,,243505,6.0,2024/25,8,0.9214163059903514,4.921416305990351
141,MID,Brighton,Jeremy Sarmiento Morante,8,1,1,0,0,0,0,20.0,,,441192,1.0,2024/25,8,1.5179518653108876e-05,1.0000151795186532
142,GKP,Brighton,Jason Steele,180,2,9,0,0,1,1,90.0,,,49262,3.0,2024/25,8,0.0,9.0
144,DEF,Brighton,Jan Paul van Hecke,2960,34,87,1,1,7,7,87.05882352941177,,,469142,230.0,2024/25,8,12.582517542531685,99.58251754253169
145,DEF,Brighton,Joël Veltman,1694,21,59,0,0,6,7,80.66666666666667,,,111478,131.0,2024/25,8,5.374343530387839,64.37434353038783
146,GKP,Brighton,Bart Verbruggen,3240,36,103,0,1,7,6,90.0,,,489639,46.0,2024/25,8,0.0,103.0
147,DEF,Brighton,Adam Webster,885,14,39,0,1,4,2,63.214285714285715,,,110735,79.0,2024/25,8,2.1763830915827462,41.17638309158275
148,FWD,Brighton,Danny Welbeck,2109,30,125,10,5,7,21,70.3,,,50175,95.0,2024/25,8,0.01584599571811687,125.01584599571812
149,MID,Brighton,Mats Wieffer,1003,25,52,1,5,2,4,40.12,,,467779,170.0,2024/25,8,3.375528268727417,55.375528268727415
152,GKP,Bournemouth,Kepa Arrizabalaga,2790,31,106,0,0,8,7,90.0,,,109745,37.0,2024/25,9,0.0,106.0
153,DEF,Chelsea,Benoît Badiashile,332,5,7,0,0,0,0,66.4,,,242880,29.0,2024/25,4,0.8949937040544036,7.894993704054404
156,FWD,Everton,Armando Broja,327,10,12,0,0,2,0,32.7,,,440323,17.0,2024/25,13,1.1476323998128755e-05,12.000011476323998
157,MID,Chelsea,Moisés Caicedo Corozo,3351,38,98,1,4,12,4,88.1842105263158,,,486672,455.0,2024/25,4,61.28217830672301,159.282178306723
159,DEF,Chelsea,Trevoh Chalobah,1969,25,93,3,1,6,11,78.76,,,180736,176.0,2024/25,4,10.96466230053499,103.964662300535
160,DEF,Crystal Palace,Ben Chilwell,254,8,13,1,0,0,0,31.75,,,172850,26.0,2024/25,12,0.03979300903708719,13.039793009037087
162,DEF,Chelsea,Levi Colwill,3150,35,109,2,1,10,6,90.0,,,460028,221.0,2024/25,4,9.484832068536981,118.48483206853697
163,DEF,Chelsea,Marc Cucurella Saseta,2988,36,133,5,2,9,14,83.0,,,179268,191.0,2024/25,4,4.0303355696976055,137.0303355696976
166,MID,Chelsea,Kiernan Dewsbury-Hall,257,13,18,0,1,0,1,20.0,,,215413,26.0,2024/25,4,5.9433834476599655e-05,18.000059433834476
167,DEF,Aston Villa,Axel Disasi,851,13,33,1,0,3,0,65.46153846153847,,,220362,52.0,2024/25,6,0.26711664958428943,33.26711664958429
168,MID,Chelsea,Enzo Fernández,2943,36,135,6,8,10,11,81.75,,,448047,261.0,2024/25,4,7.09838158068058,142.09838158068058
171,DEF,Chelsea,Malo Gusto,1853,32,60,0,1,4,2,57.90625,,,482609,117.0,2024/25,4,0.36164998936326853,60.36164998936327
172,DEF,Chelsea,Reece James,1057,19,54,1,2,3,5,55.63157894736842,,,225796,50.0,2024/25,4,0.01978532803018098,54.01978532803018
174,MID,Chelsea,Roméo Lavia,792,16,26,0,1,3,0,49.5,,,514356,88.0,2024/25,4,0.5295717223716222,26.52957172237162
177,MID,Chelsea,Noni Madueke,2028,32,120,7,5,6,12,63.375,,,248857,129.0,2024/25,4,0.09417646487440363,120.09417646487441
178,FWD,Chelsea,Marc Guiu Paz,71,3,3,0,0,0,0,23.666666666666668,,,499309,3.0,2024/25,4,1.1217680889481051e-08,3.000000011217681
179,MID,Chelsea,Mykhailo Mudryk,145,7,7,0,0,0,0,20.714285714285715,,,465920,13.0,2024/25,4,1.3469851981123056e-05,7.000013469851981
180,FWD,Chelsea,Nicolas Jackson,2220,30,121,10,6,11,17,74.0,,,517052,90.0,2024/25,4,0.009629413694934414,121.00962941369494
181,MID,Chelsea,Christopher Nkunku,904,27,60,3,2,2,5,33.48148148148148,,,213198,59.0,2024/25,4,0.0002713191085338371,60.000271319108535
182,MID,Chelsea,Cole Palmer,3193,37,214,15,10,10,35,86.29729729729729,,,244851,171.0,2024/25,4,0.33106277315948157,214.3310627731595
184,MID,Chelsea,Renato Palma Veiga,176,7,7,0,0,1,0,25.142857142857142,,,551230,22.0,2024/25,4,0.002311680262491751,7.002311680262491
185,GKP,Chelsea,Robert Sánchez,2880,32,126,0,0,10,11,90.0,,,215059,38.0,2024/25,4,0.0,126.0
186,MID,Arsenal,Raheem Sterling,490,17,26,0,2,1,0,28.823529411764707,,,103955,29.0,2024/25,2,1.354997993599811e-05,26.000013549979936
187,DEF,Chelsea,Tosin Adarabioyo,1403,22,71,1,1,7,7,63.77272727272727,,,109646,114.0,2024/25,4,2.1629382831980233,73.16293828319802
188,MID,Southampton,Lesley Ugochukwu,1652,26,47,1,1,1,3,63.53846153846154,,,503714,164.0,2024/25,20,2.189293209038401,49.189293209038404
189,DEF,Chelsea,Wesley Fofana,1172,14,26,0,0,2,2,83.71428571428571,,,444463,88.0,2024/25,4,3.713976414691492,29.71397641469149
191,DEF,Fulham,Joachim Andersen,2673,30,51,0,0,4,3,89.1,,,174874,283.0,2024/25,11,35.587480486319215,86.58748048631921
192,MID,Leicester,Jordan Ayew,1649,31,75,5,0,4,3,53.193548387096776,,,80146,154.0,2024/25,18,0.4848454509507185,75.48484545095071
193,MID,Crystal Palace,Cheick Doucouré,443,13,19,0,1,1,0,34.07692307692308,,,438464,68.0,2024/25,12,0.2989998017765885,19.29899980177659
194,DEF,Crystal Palace,Chris Richards,1921,24,68,1,1,7,2,80.04166666666667,,,427623,193.0,2024/25,12,17.498183581469654,85.49818358146965
195,DEF,Crystal Palace,Chadi Riad Dnanou,90,1,1,0,0,0,0,90.0,,,515621,7.0,2024/25,12,0.42827959373313274,1.4282795937331327
196,DEF,Crystal Palace,Nathaniel Clyne,477,13,18,0,0,1,0,36.69230769230769,,,57328,30.0,2024/25,12,0.004855197122941117,18.00485519712294
198,FWD,Leicester,Odsonne Edouard,141,6,7,0,0,0,0,23.5,,,199670,10.0,2024/25,18,5.597299829333557e-06,7.000005597299829
199,MID,Crystal Palace,Eberechi Eze,2588,34,148,8,8,10,15,76.11764705882354,,,232413,204.0,2024/25,12,2.057699143227537,150.05769914322752
200,DEF,Crystal Palace,Marc Guéhi,3059,34,116,3,2,11,11,89.97058823529412,,,209036,268.0,2024/25,12,23.099405864104536,139.09940586410454
201,GKP,Crystal Palace,Dean Henderson,3420,38,135,0,0,11,8,90.0,,,172649,42.0,2024/25,12,0.0,135.0
203,MID,Crystal Palace,Will Hughes,2100,33,67,0,4,10,3,63.63636363636363,,,108413,249.0,2024/25,12,8.143952099194001,75.143952099194
204,GKP,Wolves,Sam Johnstone,630,7,12,0,0,0,0,90.0,,,101982,9.0,2024/25,16,0.0,12.0
205,MID,Crystal Palace,Daichi Kamada,1545,34,45,0,0,3,0,45.44117647058823,,,209400,173.0,2024/25,12,0.6369942770432585,45.63699427704326
206,MID,Crystal Palace,Jefferson Lerma Solís,2270,33,58,0,1,6,2,68.78787878787878,,,152551,327.0,2024/25,12,29.1180458406142,87.1180458406142
207,FWD,Crystal Palace,Jean-Philippe Mateta,2642,37,150,14,2,9,27,71.4054054054054,,,231747,114.0,2024/25,12,0.015198809917389223,150.0151988099174
208,MID,Crystal Palace,Matheus França de Oliveira,52,4,9,1,0,0,0,20.0,,,536694,8.0,2024/25,12,0.0007066350968575315,9.000706635096858
210,DEF,Crystal Palace,Tyrick Mitchell,3090,37,123,0,6,12,4,83.51351351351352,,,244723,217.0,2024/25,12,7.005471533727804,130.0054715337278
211,DEF,Crystal Palace,Daniel Muñoz,3229,37,142,4,6,11,9,87.27027027027027,,,247348,267.0,2024/25,12,17.957682038679724,159.95768203867974
214,MID,Crystal Palace,Jeffrey Schlupp,95,12,12,0,0,0,0,20.0,,,86417,9.0,2024/25,12,1.1233209009060397e-05,12.000011233209008
215,DEF,Crystal Palace,Joel Ward,71,2,1,0,0,0,0,35.5,,,55494,5.0,2024/25,12,0.0014015503872909308,1.0014015503872908
216,MID,Crystal Palace,Adam Wharton,1314,20,42,0,2,4,0,65.7,,,496221,185.0,2024/25,12,13.367911567269191,55.36791156726919
217,MID,Everton,Abdoulaye Doucouré,2563,33,94,3,2,11,5,77.66666666666667,,,121599,233.0,2024/25,13,5.579907858740089,99.57990785874009
218,FWD,Everton,Norberto Bercique Gomes Betuncal,1521,30,87,8,0,4,11,50.7,,,486385,84.0,2024/25,13,0.005043128259978169,87.00504312825998
219,DEF,Everton,Jarrad Branthwaite,2509,30,88,0,1,9,3,83.63333333333334,,,480455,274.0,2024/25,13,32.60557924782275,120.60557924782276
220,FWD,Everton,Dominic Calvert-Lewin,1602,26,63,3,2,8,3,61.61538461538461,,,177815,76.0,2024/25,13,0.006551165258489525,63.006551165258486
221,DEF,Everton,Séamus Coleman,214,5,5,0,0,0,0,42.8,,,59949,14.0,2024/25,13,0.008339086968176031,5.008339086968176
222,MID,Everton,Idrissa Gueye,3063,37,89,0,3,12,5,82.78378378378379,,,80801,418.0,2024/25,13,50.8412067052757,139.8412067052757
223,MID,Everton,James Garner,1590,21,42,0,1,5,0,75.71428571428571,,,232928,181.0,2024/25,13,10.226482750997924,52.226482750997924
224,MID,Everton,Jack Harrison,2068,34,81,1,3,7,4,60.8235294117647,,,221399,148.0,2024/25,13,0.1884787510585721,81.18847875105857
225,DEF,Everton,Mason Holgate,5,1,1,0,0,0,0,20.0,,,194164,0.0,2024/25,13,0.0,1.0
226,MID,Everton,Tim Iroegbunam,562,18,22,0,1,0,0,31.22222222222222,,,490094,111.0,2024/25,13,1.307454550629308,23.30745455062931
228,DEF,Everton,Michael Keane,1046,14,48,3,0,3,4,74.71428571428571,,,106611,103.0,2024/25,13,7.339384823474485,55.33938482347448
230,MID,Everton,Dwight McNeil,1366,21,93,4,8,5,9,65.04761904761905,,,433154,97.0,2024/25,13,0.1870775395648022,93.1870775395648
231,DEF,Everton,Vitalii Mykolenko,3082,35,121,1,3,11,9,88.05714285714286,,,224967,252.0,2024/25,13,16.833269107552272,137.83326910755227
232,FWD,Everton,Iliman Ndiaye,2426,33,114,9,0,15,21,73.51515151515152,,,440993,265.0,2024/25,13,16.933730664051616,130.9337306640516
233,MID,Aston Villa,Amadou Onana,1613,26,65,3,0,6,5,62.03846153846154,,,449871,200.0,2024/25,6,7.126923266780253,72.12692326678025
234,DEF,Everton,Nathan Patterson,342,10,14,0,1,0,0,34.2,,,243571,18.0,2024/25,13,0.0004898727872432572,14.000489872787243
235,GKP,Everton,Jordan Pickford,3420,38,158,0,1,12,15,90.0,,,111234,54.0,2024/25,13,0.0,158.0
236,DEF,Everton,James Tarkowski,2922,33,105,1,1,10,8,88.54545454545455,,,17761,356.0,2024/25,13,53.032302543674895,158.0323025436749
237,FWD,Everton,Youssef Ramalho Chermiti,42,4,3,0,0,0,0,20.0,,,491012,0.0,2024/25,13,0.0,3.0
238,DEF,Everton,Ashley Young,1864,32,98,1,4,9,9,58.25,,,18892,143.0,2024/25,13,1.3243823991127686,99.32438239911276
239,MID,Fulham,Adama Traoré,1756,36,95,2,8,3,8,48.77777777777778,,,159533,112.0,2024/25,11,0.010831428625209139,95.01083142862521
240,MID,Fulham,Andreas Hoelgebaum Pereira,2004,33,81,2,6,5,2,60.72727272727273,,,156689,150.0,2024/25,11,0.25890073698394156,81.25890073698395
241,DEF,Fulham,Calvin Bassey,3074,35,75,1,0,5,0,87.82857142857142,,,232892,204.0,2024/25,11,6.422767868868737,81.42276786886873
243,MID,Fulham,Tom Cairney,610,25,33,2,0,1,0,24.4,,,76357,73.0,2024/25,11,0.004178547045677722,33.004178547045676
244,DEF,Fulham,Timothy Castagne,1642,24,46,0,1,3,0,68.41666666666667,,,166477,149.0,2024/25,11,6.004042767581582,52.00404276758158
245,DEF,Fulham,Issa Diop,1334,21,31,0,0,1,0,63.523809523809526,,,219924,112.0,2024/25,11,2.418839185204994,33.418839185204995
247,MID,Fulham,Alex Iwobi,2981,38,156,9,6,6,16,78.44736842105263,,,153133,227.0,2024/25,11,2.2326612081940334,158.23266120819403
248,GKP,Fulham,Bernd Leno,3420,38,115,0,2,5,5,90.0,,,80201,34.0,2024/25,11,0.0,115.0
249,MID,Fulham,Saša Lukić,2348,30,56,0,2,4,1,78.26666666666667,,,212314,244.0,2024/25,11,11.005504124357294,67.00550412435729
251,FWD,Fulham,Rodrigo Muniz Carvalho,943,31,86,8,1,2,14,30.419354838709676,,,244042,45.0,2024/25,11,6.708376794356265e-06,86.00000670837679
252,FWD,Fulham,Raúl Jiménez,2486,38,147,12,3,7,26,65.42105263157895,,,102057,153.0,2024/25,11,0.16523288651112364,147.16523288651112
254,MID,Fulham,Harrison Reed,100,12,10,0,0,0,0,20.0,,,153366,19.0,2024/25,11,0.008913830282786615,10.008913830282786
255,DEF,Fulham,Antonee Robinson,3166,36,106,0,10,5,8,87.94444444444444,,,169528,289.0,2024/25,11,26.08985675898983,132.08985675898984
256,FWD,Fulham,Jay Stansfield,1,1,1,0,0,0,0,20.0,,,490146,0.0,2024/25,11,0.0,1.0
257,DEF,Fulham,Kenny Tete,1773,22,49,0,2,3,0,80.5909090909091,,,167074,162.0,2024/25,11,11.573425691592021,60.57342569159202
258,FWD,Fulham,Carlos Vinícius Alves Morais,13,3,3,0,0,0,0,20.0,,,245824,0.0,2024/25,11,0.0,3.0
259,MID,Fulham,Harry Wilson,1148,25,78,6,2,2,6,45.92,,,153682,92.0,2024/25,11,0.033780958226224976,78.03378095822623
260,FWD,Ipswich,Ali Al-Hamadi,125,11,8,0,0,0,0,20.0,,,462387,7.0,2024/25,19,8.155854301499754e-08,8.000000081558543
262,MID,Ipswich,Nathan Broadhead,690,18,37,2,0,2,1,38.333333333333336,,,173818,51.0,2024/25,19,0.002266874207677914,37.00226687420768
263,DEF,Ipswich,Cameron Burgess,1540,18,26,0,2,0,0,85.55555555555556,,,122411,171.0,2024/25,19,21.747318410477227,47.74731841047723
264,MID,Ipswich,Wes Burns,922,18,30,0,1,1,0,51.22222222222222,,,149929,87.0,2024/25,19,0.22828960484606034,30.22828960484606
265,MID,Ipswich,Conor Chaplin,845,22,41,1,2,1,0,38.40909090909091,,,196411,50.0,2024/25,19,0.00032707228760829295,41.00032707228761
266,DEF,Ipswich,Harry Clarke,377,7,1,0,0,0,0,53.857142857142854,,,232228,25.0,2024/25,19,0.06739339797441458,1.0673933979744146
267,DEF,Ipswich,Leif Davis,2742,33,52,1,2,2,5,83.0909090909091,,,455084,150.0,2024/25,19,1.514995510629252,53.514995510629255
268,FWD,Ipswich,Liam Delap,2587,37,132,12,2,3,22,69.91891891891892,,,463034,109.0,2024/25,19,0.010026964192401833,132.0100269641924
269,DEF,Ipswich,George Edmundson,1,1,1,0,0,0,0,20.0,,,214964,0.0,2024/25,19,0.0,1.0
270,DEF,Ipswich,Jacob Greaves,2205,25,37,1,0,2,0,88.2,,,449429,231.0,2024/25,19,28.05731677974845,65.05731677974845
271,MID,Ipswich,Marcus Myers-Harness,43,2,2,0,0,0,0,21.5,,,167191,5.0,2024/25,19,7.589759326554438e-05,2.0000758975932658
272,FWD,Ipswich,George Hirst,645,26,46,3,1,0,3,24.807692307692307,,,222625,28.0,2024/25,19,2.2045536064735502e-07,46.00000022045536
274,MID,Ipswich,Omari Giraud-Hutchinson,2585,31,88,3,3,3,6,83.38709677419355,,,503301,162.0,2024/25,19,0.7080318921526086,88.7080318921526
275,DEF,Ipswich,Ben Johnson,1346,23,30,1,2,0,2,58.52173913043478,,,222018,109.0,2024/25,19,1.3553892070437148,31.355389207043714
277,MID,Ipswich,Massimo Luongo,195,11,13,0,0,0,0,20.0,,,106606,25.0,2024/25,19,0.00047300381502129275,13.00047300381502
278,MID,Ipswich,Sam Morsy,2749,33,67,1,1,2,5,83.3030303030303,,,74944,311.0,2024/25,19,23.85436644634984,90.85436644634984
281,MID,Ipswich,Jack Taylor,837,32,38,1,0,0,1,26.15625,,,231899,106.0,2024/25,19,0.01703768363096595,38.01703768363097
282,DEF,Ipswich,Axel Tuanzebe,1710,22,27,0,1,1,0,77.72727272727273,,,180804,118.0,2024/25,19,2.6130816681614175,29.613081668161417
283,GKP,Ipswich,Christian Walton,630,7,16,0,0,1,2,90.0,,,108813,4.0,2024/25,19,0.0,16.0
284,DEF,Ipswich,Luke Woolfenden,1187,15,18,0,0,1,0,79.13333333333334,,,220583,118.0,2024/25,19,10.11837889532021,28.118378895320213
285,MID,Leicester,Boubakary Soumaré,2165,31,48,0,0,1,0,69.83870967741936,,,225902,247.0,2024/25,18,10.235050766417158,58.23505076641716
287,MID,Leicester,Hamza Choudhury,129,4,4,0,0,0,0,32.25,,,197469,12.0,2024/25,18,0.0008601168263693158,4.000860116826369
288,DEF,Leicester,Conor Coady,1712,22,39,1,0,2,3,77.81818181818181,,,94147,121.0,2024/25,18,2.989305585174686,41.989305585174684
289,FWD,Leicester,Patson Daka,717,23,34,1,0,1,2,31.17391304347826,,,245419,50.0,2024/25,18,0.0003275895095853753,34.00032758950959
290,MID,Leicester,Bobby De Cordova-Reid,734,23,48,1,4,1,2,31.91304347826087,,,96994,49.0,2024/25,18,0.0001791668846365916,48.000179166884635
291,DEF,Leicester,Wout Faes,2812,34,55,1,0,3,2,82.70588235294117,,,218218,287.0,2024/25,18,29.15674246383781,84.15674246383782
292,MID,Leicester,Michael Golding,1,1,1,0,0,0,0,20.0,,,549640,0.0,2024/25,18,0.0,1.0
293,GKP,Leicester,Mads Hermansen,2385,27,63,0,0,1,1,88.33333333333333,,,467189,34.0,2024/25,18,0.0,63.0
295,DEF,Leicester,James Justin,2912,36,70,2,2,3,6,80.88888888888889,,,220627,236.0,2024/25,18,11.59137828760158,81.59137828760159
296,DEF,Leicester,Victor Kristiansen,2481,30,34,0,1,1,0,82.7,,,481510,210.0,2024/25,18,12.848387811993982,46.84838781199398
298,MID,Leicester,Stephy Mavididi,1606,30,72,4,1,1,5,53.53333333333333,,,154048,143.0,2024/25,18,0.3417666529732605,72.34176665297326
299,MID,Leicester,Kasey McAteer,846,18,35,1,1,3,0,47.0,,,461587,88.0,2024/25,18,0.24921748419547265,35.24921748419547
300,MID,Leicester,Wilfred Ndidi,2325,28,64,0,5,3,1,83.03571428571429,,,203341,336.0,2024/25,18,45.40940507962163,109.40940507962162
301,DEF,Leicester,Caleb Okoli,1122,19,27,1,0,1,1,59.05263157894737,,,473341,130.0,2024/25,18,7.386319366585141,34.38631936658514
302,DEF,Leicester,Ricardo Barbosa Pereira,382,10,10,0,0,0,0,38.2,,,111931,31.0,2024/25,18,0.0353966174357283,10.035396617435728
304,GKP,Leicester,Jakub Stolarczyk,900,10,25,0,0,2,0,90.0,,,436680,18.0,2024/25,18,0.0,25.0
305,DEF,Leicester,Luke Thomas,1109,14,27,0,0,3,0,79.21428571428571,,,244619,103.0,2024/25,18,7.339384823474489,34.33938482347449
306,FWD,Leicester,Jamie Vardy,2825,35,128,9,5,4,18,80.71428571428571,,,101668,91.0,2024/25,18,0.002898756566901158,128.0028987565669
307,DEF,Leicester,Jannik Vestergaard,1390,18,11,0,0,0,0,77.22222222222223,,,93100,126.0,2024/25,18,7.709032687196389,18.70903268719639
308,GKP,Leicester,Danny Ward,135,2,2,0,0,0,0,67.5,,,95463,1.0,2024/25,18,0.0,2.0
309,MID,Leicester,Harry Winks,1536,22,40,0,2,0,0,69.81818181818181,,,157668,164.0,2024/25,18,5.07674917271608,45.07674917271608
310,GKP,Liverpool,Alisson Ramses Becker,2508,28,112,0,0,10,9,89.57142857142857,,,116535,32.0,2024/25,1,0.0,112.0
311,DEF,Liverpool,Trent Alexander-Arnold,2362,33,148,3,7,12,13,71.57575757575758,,,169187,160.0,2024/25,1,2.2229275705871863,150.2229275705872
313,DEF,Liverpool,Conor Bradley,744,19,41,0,2,3,3,39.1578947368421,,,492777,45.0,2024/25,1,0.008716576237036172,41.008716576237035
314,MID,Brentford,Fábio Freitas Gouveia Carvalho,443,19,35,2,1,0,1,23.31578947368421,,,244858,49.0,2024/25,10,0.000974642810655713,35.000974642810654
316,FWD,Liverpool,Darwin Núñez Ribeiro,1113,30,66,5,3,2,6,37.1,,,447203,77.0,2024/25,1,0.0021936144579781935,66.00219361445798
317,MID,Liverpool,Diogo Teixeira da Silva,1182,26,87,6,4,7,4,45.46153846153846,,,194634,69.0,2024/25,1,0.001756881532188525,87.00175688153219
319,MID,Liverpool,Harvey Elliott,359,18,33,1,2,0,3,20.0,,,444884,26.0,2024/25,1,2.542645476092248e-06,33.000002542645476
320,MID,Liverpool,Endo Wataru,259,20,21,0,0,0,0,20.0,,,158983,41.0,2024/25,1,0.0045738330604710095,21.004573833060473
321,FWD,Liverpool,Cody Gakpo,1921,35,127,10,5,5,22,54.885714285714286,,,243298,136.0,2024/25,1,0.11270541242265802,127.11270541242266
322,DEF,Liverpool,Joe Gomez,517,9,14,0,0,1,0,57.44444444444444,,,171287,45.0,2024/25,1,0.7237688883274196,14.72376888832742
323,MID,Liverpool,Ryan Gravenberch,3160,37,92,0,4,14,1,85.4054054054054,,,441266,389.0,2024/25,1,40.44203614813724,132.44203614813725
324,MID,Liverpool,Curtis Jones,1702,33,87,3,5,6,4,51.57575757575758,,,206915,160.0,2024/25,1,0.42872895918297743,87.42872895918298
325,GKP,Liverpool,Caoimhin Kelleher,900,10,45,0,0,4,1,90.0,,,200720,3.0,2024/25,1,0.0,45.0
326,DEF,Liverpool,Ibrahima Konaté,2561,31,106,1,2,11,4,82.61290322580645,,,204716,197.0,2024/25,1,8.655857907835482,114.65585790783548
327,MID,Liverpool,Luis Díaz,2393,36,183,13,7,15,21,66.47222222222223,,,244731,158.0,2024/25,1,0.21329890236179583,183.2132989023618
328,MID,Liverpool,Mohamed Salah,3374,38,344,29,18,15,55,88.78947368421052,,,118748,136.0,2024/25,1,0.04026339594198944,344.04026339594196
329,MID,Liverpool,Alexis Mac Allister,2597,35,122,5,6,14,8,74.2,,,243016,300.0,2024/25,1,16.604046131726456,138.60404613172645
333,DEF,Liverpool,Jarell Quansah,488,13,9,0,0,0,0,37.53846153846154,,,441428,53.0,2024/25,1,0.302187697883333,9.302187697883333
335,DEF,Liverpool,Andrew Robertson,2479,33,91,0,1,10,4,75.12121212121212,,,122798,106.0,2024/25,1,0.1509444951460913,91.15094449514609
336,MID,Liverpool,Dominik Szoboszlai,2485,36,143,6,10,12,14,69.02777777777777,,,424876,199.0,2024/25,1,1.2350996206830578,144.23509962068306
337,DEF,Liverpool,Konstantinos Tsimikas,829,18,43,0,1,4,3,46.05555555555556,,,214285,61.0,2024/25,1,0.12039689976270475,43.1203968997627
338,DEF,Brentford,Sepp van den Berg,2584,31,62,0,1,5,1,83.35483870967742,,,444765,229.0,2024/25,10,16.51286642745198,78.51286642745198
339,DEF,Liverpool,Virgil van Dijk,3330,37,143,3,1,14,8,90.0,,,97032,300.0,2024/25,1,27.75398070131489,170.7539807013149
340,DEF,Man City,Manuel Akanji,2012,26,61,0,0,6,1,77.38461538461539,,,211975,98.0,2024/25,3,0.3608149143790841,61.360814914379084
341,DEF,Man City,Nathan Aké,677,10,25,0,0,3,0,67.7,,,126184,36.0,2024/25,3,0.10167965318769404,25.101679653187695
342,MID,Man City,Bernardo Veiga de Carvalho e Silva,2667,33,110,4,4,10,13,80.81818181818181,,,165809,223.0,2024/25,3,4.288765142281757,114.28876514228176
343,MID,Man City,Oscar Bobb,14,3,3,0,0,0,0,20.0,,,477555,2.0,2024/25,3,9.538853684844134e-05,3.0000953885368484
345,MID,Man City,Kevin De Bruyne,1694,28,114,4,9,10,12,60.5,,,61366,96.0,2024/25,3,0.02029691505519272,114.0202969150552
346,MID,Man City,Jérémy Doku,1506,29,88,3,6,8,3,51.93103448275862,,,248875,101.0,2024/25,3,0.024164451346162446,88.02416445134617
347,GKP,Man City,Ederson Santana de Moraes,2320,26,111,0,4,10,9,89.23076923076923,,,121160,17.0,2024/25,3,0.0,111.0
348,MID,Man City,Phil Foden,1771,28,105,7,3,6,10,63.25,,,209244,91.0,2024/25,3,0.012550289670327166,105.01255028967033
349,MID,Man City,Jack Grealish,710,20,38,1,1,2,4,35.5,,,114283,44.0,2024/25,3,0.00021503152619703215,38.000215031526196
350,DEF,Man City,Joško Gvardiol,3278,37,153,5,0,13,15,88.5945945945946,,,477424,233.0,2024/25,3,9.900864791994328,162.90086479199434
351,FWD,Man City,Erling Haaland,2736,31,181,22,3,10,26,88.25806451612904,,,223094,73.0,2024/25,3,0.0009774447335527407,181.00097744473356
354,MID,Man City,Mateo Kovačić,2194,31,109,6,3,10,13,70.7741935483871,,,91651,228.0,2024/25,3,6.632913143715882,115.63291314371588
355,DEF,Man City,Rico Lewis,1888,28,66,1,2,5,1,67.42857142857143,,,477064,90.0,2024/25,3,0.1286939405365214,66.12869394053652
356,MID,Man City,Matheus Luiz Nunes,1670,26,81,1,7,9,6,64.23076923076923,,,465351,154.0,2024/25,3,1.4421100010693835,82.44211000106938
357,MID,Man City,James McAtee,340,15,31,3,0,0,0,22.666666666666668,,,432714,16.0,2024/25,3,7.667818619649165e-08,31.000000076678187
358,GKP,Man City,Stefan Ortega Moreno,1099,13,35,0,0,3,0,84.53846153846153,,,88248,14.0,2024/25,3,0.0,35.0
359,MID,Ipswich,Kalvin Phillips,1231,19,27,0,0,1,0,64.78947368421052,,,155405,163.0,2024/25,19,9.051135302339372,36.051135302339375
360,MID,Man City,Rodrigo 'Rodri' Hernandez,72,3,3,0,0,0,0,24.0,,,220566,11.0,2024/25,3,0.003927778850036098,3.003927778850036
361,DEF,Man City,Rúben Gato Alves Dias,2269,27,90,0,0,11,7,84.03703703703704,,,171314,127.0,2024/25,3,1.521980992254925,91.52198099225492
362,DEF,Man City,John Stones,544,11,29,2,0,1,2,49.45454545454545,,,97299,31.0,2024/25,3,0.019260011821128638,29.019260011821128
363,DEF,Man City,Kyle Walker,966,15,13,0,0,0,0,64.4,,,58621,35.0,2024/25,3,0.00611543651424773,13.006115436514248
364,MID,Man Utd,Amad Diallo,1898,26,129,8,8,7,17,73.0,,,493250,176.0,2024/25,15,3.4148137022698872,132.4148137022699
365,MID,Man Utd,Antony Matheus dos Santos,135,8,8,0,0,0,0,20.0,,,467169,19.0,2024/25,15,0.0007990466655178556,8.000799046665518
366,MID,Man Utd,Bruno Borges Fernandes,3017,36,174,8,12,10,28,83.80555555555556,,,141746,359.0,2024/25,15,32.53899388037453,206.53899388037453
367,GKP,Man Utd,Altay Bayindir,360,4,8,0,0,1,0,90.0,,,451302,14.0,2024/25,15,0.0,8.0
368,MID,Man Utd,Carlos Henrique Casimiro,1489,24,48,1,0,6,3,62.041666666666664,,,61256,258.0,2024/25,15,28.260295172441914,76.26029517244191
369,DEF,Man Utd,Diogo Dalot Teixeira,2812,33,95,0,4,8,9,85.21212121212122,,,216051,178.0,2024/25,15,4.0406735246834975,99.0406735246835
370,MID,Man Utd,Christian Eriksen,1052,23,45,1,2,4,0,45.73913043478261,,,80607,101.0,2024/25,15,0.13688113658032117,45.13688113658032
371,DEF,Man Utd,Jonny Evans,312,7,15,0,0,1,3,44.57142857142857,,,37642,30.0,2024/25,15,0.22354831963747104,15.223548319637471
372,MID,Man Utd,Alejandro Garnacho,2188,36,106,6,4,5,7,60.77777777777778,,,493105,161.0,2024/25,15,0.24812671097332428,106.24812671097332
375,FWD,Man Utd,Rasmus Højlund,1998,32,78,4,1,6,8,62.4375,,,497894,46.0,2024/25,15,6.238770184161318e-06,78.00000623877018
376,DEF,Man Utd,Victor Lindelöf,695,16,27,0,0,2,0,43.4375,,,184667,55.0,2024/25,15,0.11823549347120821,27.118235493471207
377,DEF,Man Utd,Harry Maguire,1751,27,48,1,0,3,3,64.85185185185185,,,95658,159.0,2024/25,15,5.2179818682583905,53.21798186825839
378,MID,Man Utd,Kobbie Mainoo,1646,25,42,0,0,5,0,65.84,,,516895,167.0,2024/25,15,3.0263870193042828,45.02638701930428
379,DEF,Man Utd,Tyrell Malacia,99,3,2,0,0,0,0,33.0,,,222690,4.0,2024/25,15,1.1109398396482653e-05,2.0000111093983963
380,DEF,Man Utd,Lisandro Martínez,1751,20,68,2,1,6,5,87.55,,,221820,134.0,2024/25,15,7.096389696752967,75.09638969675296
381,MID,Man Utd,Scott McTominay,17,2,2,0,0,0,0,20.0,,,195851,2.0,2024/25,15,1.781215813914039e-05,2.000017812158139
382,MID,Man Utd,Mason Mount,613,17,25,1,0,3,0,36.05882352941177,,,184341,42.0,2024/25,15,0.0005748778337481334,25.00057487783375
383,GKP,Man Utd,André Onana,3060,34,120,0,0,9,8,90.0,,,202641,26.0,2024/25,15,0.0,120.0
385,MID,Aston Villa,Marcus Rashford,1414,25,95,6,4,7,9,56.56,,,176297,69.0,2024/25,6,0.0024563869295042536,95.00245638692951
386,MID,Chelsea,Jadon Sancho,1754,31,86,3,5,7,3,56.58064516129032,,,209243,121.0,2024/25,4,0.0694802113450851,86.06948021134508
387,DEF,Man Utd,Luke Shaw,346,7,5,0,0,0,0,49.42857142857143,,,106760,14.0,2024/25,15,0.0008223946640176961,5.000822394664017
388,DEF,West Ham,Aaron Wan-Bissaka,3154,36,118,2,6,6,15,87.61111111111111,,,214590,258.0,2024/25,14,16.991210066922907,134.99121006692292
389,FWD,Man Utd,Joshua Zirkzee,1385,32,64,3,2,3,6,43.28125,,,458249,89.0,2024/25,15,0.005047697073028337,64.00504769707302
391,MID,Newcastle,Miguel Almirón Rejala,150,9,10,0,0,0,0,20.0,,,179018,7.0,2024/25,5,8.727282260272982e-09,10.000000008727282
392,MID,Newcastle,Harvey Barnes,1746,33,130,9,5,6,13,52.90909090909091,,,201666,90.0,2024/25,5,0.0028946210308591013,130.00289462103086
393,DEF,Newcastle,Sven Botman,412,8,18,0,0,2,0,51.5,,,220237,46.0,2024/25,5,1.370221947405865,19.370221947405867
394,MID,Newcastle,Bruno Guimarães Rodriguez Moura,3273,38,135,5,6,13,10,86.13157894736842,,,208706,350.0,2024/25,5,24.939287974323726,159.93928797432372
395,DEF,Newcastle,Dan Burn,3330,37,115,1,1,13,9,90.0,,,78916,286.0,2024/25,5,23.414486291925094,138.4144862919251
396,GKP,Newcastle,Martin Dúbravka,900,10,44,0,0,5,2,90.0,,,67089,5.0,2024/25,5,0.0,44.0
397,MID,Southampton,Ryan Fraser,303,8,7,0,0,0,0,37.875,,,90105,26.0,2024/25,20,0.0035857970486649045,7.003585797048665
398,MID,Newcastle,Anthony Gordon,2428,34,124,6,6,10,9,71.41176470588235,,,232826,143.0,2024/25,5,0.14233379215020975,124.14233379215021
399,DEF,Newcastle,Lewis Hall,2188,27,102,0,7,8,11,81.03703703703704,,,487838,145.0,2024/25,5,3.2287986308795253,105.22879863087952
401,FWD,Newcastle,Alexander Isak,2758,34,211,23,6,12,36,81.11764705882354,,,219168,89.0,2024/25,5,0.0030055184376329845,211.00300551843765
402,MID,Newcastle,Jacob Murphy,2356,35,159,8,13,11,11,67.31428571428572,,,114243,168.0,2024/25,5,0.4208260066982993,159.4208260066983
403,MID,Newcastle,Joelinton Cássio Apolinário de Lira,2394,29,99,4,4,10,11,82.55172413793103,,,180974,282.0,2024/25,5,23.788056752581518,122.78805675258153
404,DEF,Newcastle,Lloyd Kelly,299,10,12,0,1,0,0,29.9,,,235530,25.0,2024/25,5,0.007007751936454654,12.007007751936454
405,DEF,Newcastle,Emil Krafth,334,12,17,0,0,1,0,27.833333333333332,,,111773,26.0,2024/25,5,0.0027050334880421084,17.00270503348804
409,DEF,Newcastle,Tino Livramento,2835,37,105,0,1,10,6,76.62162162162163,,,441191,182.0,2024/25,5,2.709431525883587,107.70943152588359
410,MID,Newcastle,Sean Longstaff,783,25,34,0,1,2,0,31.32,,,180135,78.0,2024/25,5,0.0077215087572420965,34.00772150875724
411,MID,Newcastle,Lewis Miley,304,14,21,1,0,0,1,21.714285714285715,,,547719,38.0,2024/25,5,0.0011733958714232203,21.001173395871422
413,GKP,Newcastle,Nick Pope,2520,28,102,0,0,8,2,90.0,,,98747,54.0,2024/25,5,0.0,102.0
415,DEF,Newcastle,Fabian Schär,2935,34,118,4,2,11,4,86.32352941176471,,,119471,239.0,2024/25,5,14.818794327285621,132.81879432728562
416,DEF,Newcastle,Matt Targett,20,2,2,0,0,0,0,20.0,,,169359,1.0,2024/25,5,2.8153460038385724e-07,2.0000002815346005
417,MID,Newcastle,Sandro Tonali,2625,36,106,4,2,11,10,72.91666666666667,,,432422,303.0,2024/25,5,15.64953154564404,121.64953154564404
418,DEF,Newcastle,Kieran Trippier,1299,25,72,0,3,6,8,51.96,,,77794,95.0,2024/25,5,0.3663204102576685,72.36632041025767
420,MID,Newcastle,Joe Willock,1065,32,46,0,2,4,0,33.28125,,,200089,87.0,2024/25,5,0.0027244119175781844,46.002724411917576
421,FWD,Newcastle,Callum Wilson,355,18,19,0,0,0,0,20.0,,,75115,15.0,2024/25,5,1.0150144411875514e-08,19.000000010150146
422,DEF,Nott'm Forest,Ola Aina,2996,35,128,2,1,12,15,85.6,,,159506,206.0,2024/25,7,6.745813053646409,134.7458130536464
423,MID,Nott'm Forest,Elliot Anderson,2726,37,107,2,6,13,8,73.67567567567568,,,215379,407.0,2024/25,7,46.890960000085606,153.8909600000856
424,FWD,Nott'm Forest,Taiwo Awoniyi,398,26,32,1,0,1,0,20.0,,,210156,31.0,2024/25,7,9.116367463041561e-06,32.000009116367465
425,DEF,Nott'm Forest,Willy Boly,146,6,6,0,0,0,0,24.333333333333332,,,90585,23.0,2024/25,7,0.09318239956321578,6.093182399563216
428,MID,Nott'm Forest,Eric da Silva Moreira,28,2,2,0,0,0,0,20.0,,,569014,5.0,2024/25,7,0.0014562483828058225,2.001456248382806
429,MID,Nott'm Forest,Danilo dos Santos de Oliveira,270,8,11,0,0,1,0,33.75,,,513046,34.0,2024/25,7,0.03648768985194576,11.036487689851946
431,MID,Nott'm Forest,Nicolás Domínguez,1954,34,54,0,1,7,0,57.470588235294116,,,250199,293.0,2024/25,7,16.544507355579242,70.54450735557924
432,MID,Nott'm Forest,Anthony Elanga,2496,38,153,6,11,12,15,65.6842105263158,,,449434,135.0,2024/25,7,0.037734805568435156,153.03773480556845
433,MID,Nott'm Forest,Morgan Gibbs-White,2806,34,154,7,11,13,18,82.52941176470588,,,222531,227.0,2024/25,7,4.102462891932128,158.10246289193213
434,MID,Nott'm Forest,Callum Hudson-Odoi,2190,31,103,5,3,11,7,70.64516129032258,,,209046,139.0,2024/25,7,0.21815784282086642,103.21815784282087
436,DEF,Nott'm Forest,Murillo Santiago Costa dos Santos,3188,36,130,2,0,12,18,88.55555555555556,,,575476,376.0,2024/25,7,54.23951590402387,184.23951590402388
437,DEF,Nott'm Forest,Neco Williams,2588,35,109,1,3,10,8,73.94285714285714,,,215136,251.0,2024/25,7,16.56393209010627,125.56393209010628
442,MID,Nott'm Forest,Ibrahim Sangaré,584,13,20,0,1,2,0,44.92307692307692,,,210462,93.0,2024/25,7,2.3732737753847397,22.37327377538474
443,GKP,Nott'm Forest,Matz Sels,3420,38,150,0,1,13,11,90.0,,,85633,55.0,2024/25,7,0.0,150.0
444,DEF,Nott'm Forest,Harry Toffolo,135,4,4,0,0,0,0,33.75,,,114241,19.0,2024/25,7,0.2389282477021905,4.238928247702191
447,FWD,Nott'm Forest,Chris Wood,2958,36,200,20,3,15,41,82.16666666666667,,,60689,96.0,2024/25,7,0.0038029185692110812,200.00380291856922
449,MID,Nott'm Forest,Ryan Yates,1901,35,67,2,2,6,3,54.31428571428572,,,204968,242.0,2024/25,7,5.226202252388901,72.2262022523889
450,MID,Everton,Carlos Alcaraz Durán,766,16,44,2,3,1,5,47.875,,,502697,68.0,2024/25,13,0.07297537970389152,44.07297537970389
451,MID,Southampton,Samuel Amo-Ameyaw,26,2,1,0,0,0,0,20.0,,,499724,2.0,2024/25,20,3.495773397161048e-07,1.0000003495773397
452,MID,Southampton,Joe Aribo,2007,32,72,3,0,1,7,62.71875,,,193204,218.0,2024/25,20,4.369188868125056,76.36918886812505
453,FWD,Southampton,Adam Armstrong,1246,20,45,2,3,2,2,62.3,,,155511,47.0,2024/25,20,0.0006179478678621994,45.00061794786786
455,DEF,Southampton,Jan Bednarek,2531,30,60,2,0,3,3,84.36666666666666,,,171771,317.0,2024/25,20,46.289293151983685,106.28929315198368
456,DEF,Southampton,Armel Bella-Kotchap,329,4,2,0,0,0,0,82.25,,,477386,35.0,2024/25,20,3.837409075933371,5.837409075933371
457,DEF,Southampton,James Bree,1070,17,23,0,1,1,0,62.94117647058823,,,184386,58.0,2024/25,20,0.11919816408205035,23.11919816408205
459,MID,Southampton,Samuel Edozie,64,2,1,0,0,0,0,32.0,,,490503,4.0,2024/25,20,8.220926504015673e-06,1.000008220926504
460,DEF,Southampton,Ronnie Edwards,12,1,1,0,0,0,0,20.0,,,500926,1.0,2024/25,20,1.5341400606187184e-05,1.000015341400606
461,DEF,Southampton,Taylor Harwood-Bellis,2824,34,55,1,0,3,2,83.05882352941177,,,245719,241.0,2024/25,20,15.339737646463812,70.33973764646382
462,MID,Southampton,Kamaldeen Sulemana,1394,26,53,1,2,3,2,53.61538461538461,,,504783,102.0,2024/25,20,0.06083723253339919,53.0608372325334
463,MID,Southampton,Adam Lallana,352,14,17,0,2,0,1,25.142857142857142,,,39155,38.0,2024/25,20,0.0011733958714232203,17.001173395871422
466,GKP,Southampton,Joe Lumley,270,3,8,0,0,0,0,90.0,,,167888,5.0,2024/25,20,0.0,8.0
467,DEF,Southampton,Ryan Manning,1458,24,34,0,2,1,0,60.75,,,204863,96.0,2024/25,20,0.49313843000176516,34.493138430001764
469,GKP,Southampton,Alex McCarthy,450,5,12,0,0,0,0,90.0,,,58376,3.0,2024/25,20,0.0,12.0
470,FWD,Southampton,Paul Onuachu,1038,25,51,4,1,1,4,41.52,,,147611,45.0,2024/25,20,5.199528787458234e-05,51.000051995287876
471,MID,Southampton,Will Smallbone,679,18,26,1,0,0,0,37.72222222222222,,,214466,59.0,2024/25,20,0.008714231486862015,26.008714231486863
472,DEF,Southampton,Jack Stephens,1389,19,31,1,0,2,2,73.10526315789474,,,88900,109.0,2024/25,20,3.21635224383292,34.21635224383292
473,FWD,Southampton,Ross Stewart,382,12,20,1,0,1,3,31.833333333333332,,,230348,19.0,2024/25,20,6.5278661054670345e-06,20.000006527866105
474,DEF,Southampton,Sugawara Yukinari,1548,30,43,1,1,2,0,51.6,,,219279,98.0,2024/25,20,0.15476556035126163,43.15476556035126
475,DEF,Southampton,Charlie Taylor,353,8,6,0,0,0,0,44.125,,,103914,47.0,2024/25,20,1.52788283307486,7.52788283307486
476,DEF,Southampton,Kyle Walker-Peters,2918,33,54,0,3,2,3,88.42424242424242,,,158534,153.0,2024/25,20,1.7069778635904207,55.706977863590424
477,DEF,Southampton,Nathan Wood-Gordon,771,11,14,0,0,1,2,70.0909090909091,,,244845,63.0,2024/25,20,1.8462331369877552,15.846233136987756
479,GKP,Spurs,Brandon Austin,90,1,1,0,0,0,0,90.0,,,214572,1.0,2024/25,17,0.0,1.0
480,MID,Spurs,Rodrigo Bentancur,1640,26,49,2,0,3,1,63.07692307692308,,,202993,246.0,2024/25,17,19.103035885232895,68.1030358852329
481,MID,Spurs,Lucas Bergvall,1200,27,44,0,2,3,0,44.44444444444444,,,570526,165.0,2024/25,17,1.8472259380179532,45.84722593801796
482,MID,Spurs,Yves Bissouma,1396,28,50,2,0,3,4,49.857142857142854,,,227127,193.0,2024/25,17,4.103781550094767,54.103781550094766
484,DEF,Spurs,Ben Davies,1329,17,28,0,0,3,0,78.17647058823529,,,115556,127.0,2024/25,17,9.459874725077952,37.45987472507795
486,DEF,Spurs,Radu Drăgușin,1250,16,24,0,0,2,0,78.125,,,493125,87.0,2024/25,17,2.045589534065472,26.04558953406547
488,GKP,Spurs,Fraser Forster,630,7,19,0,0,1,0,90.0,,,40383,7.0,2024/25,17,0.0,19.0
489,MID,Spurs,Archie Gray,1750,28,45,0,0,2,0,62.5,,,547701,162.0,2024/25,17,1.3225384931451676,46.32253849314517
491,MID,Spurs,Brennan Johnson,2171,33,137,11,6,2,13,65.78787878787878,,,242898,119.0,2024/25,17,0.037356861539868676,137.03735686153988
492,MID,Spurs,Dejan Kulusevski,2386,32,117,7,4,6,9,74.5625,,,445044,193.0,2024/25,17,2.005407144306517,119.00540714430652
494,MID,Spurs,James Maddison,1799,31,133,9,8,6,15,58.03225806451613,,,172780,140.0,2024/25,17,0.23100379795324766,133.23100379795324
495,DEF,Spurs,Pedro Porro,2606,33,98,2,6,6,6,78.96969696969697,,,441164,192.0,2024/25,17,6.001376083803036,104.00137608380304
496,DEF,Spurs,Sergio Reguilón,194,4,2,0,0,0,0,48.5,,,199249,14.0,2024/25,17,0.033502984171035845,2.0335029841710357
497,FWD,Spurs,Richarlison de Andrade,497,15,35,4,1,1,0,33.13333333333333,,,212319,25.0,2024/25,17,1.3993249573333894e-05,35.000013993249574
498,DEF,Spurs,Cristian Romero,1416,18,49,1,1,3,3,78.66666666666667,,,221632,111.0,2024/25,17,4.360377926832635,53.36037792683263
499,MID,Spurs,Pape Matar Sarr,1901,36,71,3,2,2,4,52.80555555555556,,,482442,228.0,2024/25,17,3.111918406474422,74.11191840647442
500,FWD,Spurs,Dane Scarlett,31,3,6,0,1,0,0,20.0,,,490145,5.0,2024/25,17,0.000969074737321737,6.000969074737322
501,MID,Leicester,Oliver Skipp,1118,24,27,0,0,3,0,46.583333333333336,,,209042,95.0,2024/25,18,0.060574342453895064,27.060574342453894
503,MID,Spurs,Son Heung-min,2106,30,129,7,10,4,12,70.2,,,85971,123.0,2024/25,17,0.10168821053594868,129.10168821053594
504,DEF,Spurs,Djed Spence,1790,25,51,1,2,3,6,71.6,,,232859,133.0,2024/25,17,2.8406281912379376,53.84062819123794
505,DEF,Spurs,Destiny Udogie,1923,25,43,0,1,2,0,76.92,,,487053,131.0,2024/25,17,2.614442686685222,45.61444268668522
506,DEF,Spurs,Micky van de Ven,1014,13,32,0,2,2,2,78.0,,,491279,66.0,2024/25,17,1.139919178895247,33.13991917889525
508,GKP,Spurs,Guglielmo Vicario,2160,24,66,0,0,4,2,90.0,,,184254,34.0,2024/25,17,0.0,66.0
509,MID,Spurs,Timo Werner,504,18,34,0,3,1,2,28.0,,,165153,32.0,2024/25,17,2.204887165501732e-05,34.00002204887166
511,MID,West Ham,Edson Álvarez Velázquez,1769,28,40,0,1,3,0,63.17857142857143,,,213999,205.0,2024/25,14,5.838510225286771,45.83851022528677
512,FWD,West Ham,Michail Antonio,834,14,42,1,4,4,3,59.57142857142857,,,57531,26.0,2024/25,14,4.02136928873652e-05,42.000040213692884
513,GKP,West Ham,Alphonse Areola,2259,26,69,0,0,4,1,86.88461538461539,,,84182,27.0,2024/25,14,0.0,69.0
514,MID,West Ham,Jarrod Bowen,2974,34,193,13,11,8,21,87.47058823529412,,,178186,211.0,2024/25,14,2.5747668484758224,195.57476684847583
515,MID,Southampton,Maxwel Cornet,71,2,1,0,0,0,0,35.5,,,149519,9.0,2024/25,20,0.014484258370954715,1.0144842583709548
516,DEF,West Ham,Vladimír Coufal,1056,22,27,0,0,2,1,48.0,,,164555,77.0,2024/25,14,0.18426641294069715,27.184266412940698
517,DEF,West Ham,Aaron Cresswell,818,18,36,0,0,3,3,45.44444444444444,,,55459,59.0,2024/25,14,0.09513074997117678,36.095130749971176
518,MID,Southampton,Flynn Downes,2149,27,48,1,0,4,0,79.5925925925926,,,220585,223.0,2024/25,20,10.698145598507761,58.698145598507764
520,DEF,West Ham,Emerson Palmieri dos Santos,2108,31,76,2,1,5,4,68.0,,,109533,145.0,2024/25,14,1.6902081223424779,77.69020812234248
521,GKP,West Ham,Łukasz Fabiański,1160,14,39,0,0,2,2,82.85714285714286,,,37096,14.0,2024/25,14,0.0,39.0
523,FWD,West Ham,Danny Ings,270,15,32,1,3,0,4,20.0,,,84939,18.0,2024/25,14,1.1739997736848395e-06,32.00000117399977
524,DEF,West Ham,Max Kilman,3348,38,82,0,1,6,5,88.10526315789474,,,214048,327.0,2024/25,14,34.63541089134009,116.63541089134009
525,MID,West Ham,Mohammed Kudus,2589,32,106,5,4,7,5,80.90625,,,460842,189.0,2024/25,14,1.7409102897534512,107.74091028975346
526,MID,West Ham,Luis Guilherme Lira dos Santos,139,12,12,0,0,0,0,20.0,,,577114,12.0,2024/25,14,6.283716927836638e-06,12.000006283716928
527,MID,West Ham,Lucas Tolentino Coelho de Lima,2374,33,80,4,1,4,5,71.93939393939394,,,224024,271.0,2024/25,14,12.707726629167034,92.70772662916704
528,DEF,West Ham,Konstantinos Mavropanos,2035,33,45,0,0,2,4,61.666666666666664,,,233963,216.0,2024/25,14,10.55176059589897,55.55176059589897
530,MID,West Ham,Tomáš Souček,2563,35,126,9,2,7,15,73.22857142857143,,,215439,234.0,2024/25,14,4.259381210920095,130.25938121092008
531,MID,West Ham,James Ward-Prowse,1433,24,51,1,2,5,2,59.708333333333336,,,101178,132.0,2024/25,14,0.7943575835574332,51.794357583557435
533,DEF,Wolves,Rayan Aït-Nouri,3112,37,125,4,7,7,13,84.10810810810811,,,448514,187.0,2024/25,16,3.162743233714008,128.162743233714
534,MID,Wolves,Boubacar Traoré,1,1,1,0,0,0,0,20.0,,,476502,2.0,2024/25,16,0.15060887213710017,1.1506088721371002
535,MID,Wolves,Jean-Ricner Bellegarde,1666,35,90,2,7,6,5,47.6,,,231057,131.0,2024/25,16,0.0547658316886906,90.05476583168868
536,GKP,Wolves,Daniel Bentley,180,2,9,0,0,1,1,90.0,,,79602,3.0,2024/25,16,0.0,9.0
537,MID,Wolves,Francisco Jorge Tomás Oliveira,6,1,1,0,0,0,0,20.0,,,510363,1.0,2024/25,16,0.0001690014611061968,1.0001690014611062
541,FWD,Wolves,Matheus Santos Carneiro Da Cunha,2596,33,178,15,7,7,41,78.66666666666667,,,430871,200.0,2024/25,16,3.1890086194846483,181.18900861948464
542,DEF,Wolves,Craig Dawson,969,15,17,0,1,1,1,64.6,,,60232,86.0,2024/25,16,2.531278985041383,19.531278985041382
543,DEF,Wolves,Matt Doherty,2105,30,75,2,1,6,4,70.16666666666667,,,87835,170.0,2024/25,16,4.766610886057862,79.76661088605786
544,MID,Wolves,Tommy Doyle,474,24,28,0,1,0,0,20.0,,,220394,75.0,2024/25,16,0.008335281341105285,28.008335281341104
548,MID,Wolves,Gonçalo Manuel Ganchinho Guedes,979,29,62,2,4,3,2,33.758620689655174,,,181284,60.0,2024/25,16,0.00016813907922970806,62.00016813907923
550,MID,Wolves,Hwang Hee-chan,646,21,37,2,1,0,0,30.761904761904763,,,184754,46.0,2024/25,16,0.00021619581704045905,37.00021619581704
553,MID,Wolves,João Victor Gomes da Silva,2975,36,87,3,1,6,7,82.63888888888889,,,448089,377.0,2024/25,16,38.82089807842149,125.8208980784215
554,GKP,Wolves,José Malheiro de Sá,2610,29,93,0,0,7,4,90.0,,,149065,27.0,2024/25,16,0.0,93.0
556,GKP,Wolves,Tom King,1,1,1,0,0,0,0,20.0,,,138001,0.0,2024/25,16,0.0,1.0
557,MID,Wolves,Mario Lemina,1363,17,47,1,3,1,5,80.17647058823529,,,151086,207.0,2024/25,16,28.59552112391002,75.59552112391002
558,DEF,Wolves,Yerson Mosquera,441,5,3,0,0,0,0,88.2,,,501837,45.0,2024/25,16,5.2124010072834706,8.212401007283471
559,DEF,Wolves,Nélson Cabral Semedo,2889,34,84,0,4,8,0,84.97058823529412,,,200402,179.0,2024/25,16,3.6487920321549194,87.64879203215492
560,MID,Chelsea,Pedro Lomba Neto,2262,35,104,4,6,8,9,64.62857142857143,,,247632,119.0,2024/25,4,0.02354608502382907,104.02354608502382
561,DEF,Wolves,Pedro Cardoso de Lima,69,3,2,0,0,0,0,23.0,,,641221,7.0,2024/25,16,0.001223087302849546,2.0012230873028494
562,MID,Wolves,Daniel Castelo Podence,46,2,2,0,0,0,0,23.0,,,200600,1.0,2024/25,16,1.936954242536716e-12,2.000000000001937
563,MID,Wolves,Rodrigo Martins Gomes,794,25,42,2,0,1,0,31.76,,,483081,75.0,2024/25,16,0.005375730164808224,42.00537573016481
564,DEF,Wolves,Santiago Bueno,1678,29,52,0,0,5,2,57.86206896551724,,,231480,147.0,2024/25,16,2.5205016047811957,54.520501604781195
565,MID,Wolves,Pablo Sarabia,800,23,51,3,2,1,3,34.78260869565217,,,88484,61.0,2024/25,16,0.0015447954561786602,51.00154479545618
566,FWD,Wolves,Jørgen Strand Larsen,2587,35,145,14,4,7,17,73.91428571428571,,,247412,91.0,2024/25,16,0.002898756566901158,145.0028987565669
567,DEF,Wolves,Toti António Gomes,2613,31,79,0,1,8,8,84.29032258064517,,,510362,250.0,2024/25,16,22.82531722005307,101.82531722005307
568,GKP,Ipswich,Arijanet Muric,1620,18,49,0,0,1,5,90.0,,,232917,20.0,2024/25,19,0.0,49.0
569,MID,Ipswich,Jaden Philogene,796,21,37,2,0,2,3,37.904761904761905,,,481624,91.0,2024/25,19,0.11222517123334268,37.11222517123334
570,MID,Leicester,Abdul Fatawu,576,11,26,0,2,0,3,52.36363636363637,,,531442,75.0,2024/25,18,1.5095312788462547,27.509531278846254
571,MID,Man City,Sávio 'Savinho' Moreira de Oliveira,1760,29,106,1,11,8,15,60.689655172413794,,,510281,119.0,2024/25,3,0.09898884348407452,106.09898884348408
572,DEF,Man Utd,Leny Yoro,1160,21,22,0,0,1,0,55.23809523809524,,,550864,93.0,2024/25,15,0.8222392052588805,22.82223920525888
573,DEF,Nott'm Forest,Nikola Milenković,3330,37,145,5,2,13,2,90.0,,,227444,310.0,2024/25,7,30.971404827811725,175.97140482781174
576,MID,West Ham,Andy Irving,161,10,9,0,0,0,0,20.0,,,229384,24.0,2024/25,14,0.0016336003977106505,9.00163360039771
577,MID,Everton,Jesper Lindstrøm,1229,25,44,0,1,6,0,49.16,,,463903,144.0,2024/25,13,1.1450263087793189,45.14502630877932
578,DEF,Arsenal,Riccardo Calafiori,978,19,39,2,1,1,1,51.473684210526315,,,466075,66.0,2024/25,2,0.15102301589135622,39.151023015891354
579,DEF,Fulham,Ryan Sessegnon,574,16,57,4,2,1,5,35.875,,,184349,44.0,2024/25,11,0.0232946960421292,57.02329469604213
580,DEF,Bournemouth,Dean Huijsen,2422,32,104,3,2,7,14,75.6875,,,554605,310.0,2024/25,9,40.621910833874125,144.62191083387413
581,GKP,Chelsea,Filip Jørgensen,540,6,18,0,0,1,0,90.0,,,508479,0.0,2024/25,4,0.0,18.0
582,DEF,Everton,Jake O'Brien,1568,20,65,2,0,5,5,78.4,,,512462,123.0,2024/25,13,4.782303690939854,69.78230369093986
583,DEF,Ipswich,Conor Townsend,334,6,11,0,1,0,0,55.666666666666664,,,108053,35.0,2024/25,19,1.1055960232387385,12.10559602323874
584,MID,Southampton,Ben Brereton Díaz,446,10,13,0,0,0,0,44.6,,,204814,24.0,2024/25,20,0.0002546348305133805,13.000254634830513
585,MID,Crystal Palace,Ismaïla Sarr,2708,38,149,8,7,10,14,71.26315789473684,,,232185,190.0,2024/25,12,0.6241758952116204,149.6241758952116
586,DEF,Fulham,Jorge Cuenca Barreno,349,8,9,0,0,0,0,43.625,,,246301,38.0,2024/25,11,0.47785649540438324,9.477856495404383
587,MID,West Ham,Crysencio Summerville,776,19,33,1,1,2,2,40.8421052631579,,,450070,61.0,2024/25,14,0.007621622472229789,33.00762162247223
588,MID,West Ham,Guido Rodríguez,1147,23,36,0,1,4,0,49.869565217391305,,,197024,141.0,2024/25,14,1.606843784957307,37.606843784957306
589,FWD,West Ham,Niclas Füllkrug,783,18,42,3,2,2,3,43.5,,,91889,39.0,2024/25,14,0.0002479359394881686,42.00024793593949
590,FWD,Newcastle,William Osula,124,14,19,1,0,0,1,20.0,,,538207,9.0,2024/25,5,1.3416753588712532e-06,19.000001341675357
591,DEF,West Ham,Jean-Clair Todibo,1824,27,54,0,0,5,1,67.55555555555556,,,462116,168.0,2024/25,14,6.826775090643539,60.82677509064354
592,DEF,Bournemouth,Julián Araujo Zúñiga,492,12,12,0,0,0,0,41.0,,,436893,32.0,2024/25,9,0.013828411577976756,12.013828411577977
593,DEF,Man Utd,Matthijs de Ligt,2119,29,68,2,0,4,3,73.06896551724138,,,209365,175.0,2024/25,15,6.32481383423503,74.32481383423503
594,DEF,Man Utd,Noussair Mazraoui,2836,37,88,0,1,7,5,76.64864864864865,,,230001,241.0,2024/25,15,11.571627794836964,99.57162779483696
595,MID,Brighton,Brajan Gruda,676,21,45,1,4,1,1,32.19047619047619,,,513433,49.0,2024/25,8,0.0004051817130670966,45.00040518171307
596,MID,Nott'm Forest,João Pedro Ferreira Silva,835,31,52,3,2,1,0,26.93548387096774,,,510500,99.0,2024/25,7,0.01184905992614887,52.01184905992615
597,MID,Arsenal,Myles Lewis-Skelly,1362,23,37,1,0,5,0,59.21739130434783,,,499169,107.0,2024/25,2,0.2167414709831604,37.21674147098316
598,DEF,Aston Villa,Lamare Bogarde,473,8,6,0,0,0,0,59.125,,,515597,30.0,2024/25,6,0.10727550526814672,6.107275505268147
600,MID,Brighton,Yasin Ayari,1958,34,74,2,1,7,3,57.588235294117645,,,509416,228.0,2024/25,8,4.215264115471139,78.21526411547114
602,MID,Brentford,Ryan Trevitt,3,1,1,0,0,0,0,20.0,,,591357,3.0,2024/25,10,0.4421635080798517,1.4421635080798518
603,MID,Everton,Harrison Armstrong,47,3,2,0,0,0,0,20.0,,,609873,3.0,2024/25,13,8.557882955680047e-08,2.0000000855788294
604,MID,Fulham,Josh King,126,8,10,0,0,1,0,20.0,,,577725,14.0,2024/25,11,7.488675522687431e-05,10.000074886755227
605,MID,Fulham,Martial Godo,21,2,2,0,0,0,0,20.0,,,573062,2.0,2024/25,11,2.6213743776128094e-06,2.0000026213743776
606,MID,Leicester,Will Alves,1,1,1,0,0,0,0,20.0,,,532534,0.0,2024/25,18,0.0,1.0
607,MID,Man City,Nico O'Reilly,525,9,31,2,0,3,4,58.333333333333336,,,472769,55.0,2024/25,3,0.6157419793393177,31.61574197933932
608,MID,Southampton,Tyler Dibling,1863,33,68,2,2,3,4,56.45454545454545,,,496661,143.0,2024/25,20,0.17635384050953848,68.17635384050953
609,FWD,Spurs,Will Lankshear,10,3,3,0,0,0,0,20.0,,,552427,0.0,2024/25,17,0.0,3.0
610,MID,Spurs,Mikey Moore,359,10,19,0,2,0,0,35.9,,,499721,18.0,2024/25,17,1.3932942360666539e-05,19.00001393294236
611,MID,Ipswich,Sam Szmodics,988,20,54,4,0,2,2,49.4,,,172453,78.0,2024/25,19,0.04451215889900581,54.044512158899
612,MID,Spurs,Wilson Odobert,843,16,34,1,0,1,3,52.6875,,,550839,57.0,2024/25,17,0.016280758022764436,34.016280758022766
613,MID,Man Utd,Toby Collyer,174,6,6,0,0,0,0,29.0,,,490881,35.0,2024/25,15,0.29985156233307575,6.2998515623330755
617,FWD,Bournemouth,Francisco Evanilson de Lima Barbosa,2317,31,128,10,5,11,20,74.74193548387096,,,444102,107.0,2024/25,9,0.035604027421371365,128.03560402742139
618,MID,Brighton,Georginio Rutter,1651,28,95,5,6,6,1,58.964285714285715,,,463067,130.0,2024/25,8,0.259736409236739,95.25973640923674
619,MID,Ipswich,Jens Cajuste,1960,30,63,1,1,1,2,65.33333333333333,,,454667,222.0,2024/25,19,6.644159701177641,69.64415970117764
620,MID,Nott'm Forest,Ramón Sosa,280,19,25,1,0,1,0,20.0,,,502222,38.0,2024/25,7,0.0011733958714232203,25.001173395871422
621,MID,Chelsea,João Félix Sequeira,362,12,24,1,2,1,0,30.166666666666668,,,428399,35.0,2024/25,4,0.001984379306159859,24.00198437930616
622,MID,Fulham,Sander Berge,2221,31,53,0,0,4,2,71.64516129032258,,,207189,242.0,2024/25,11,9.194049610153376,62.19404961015338
623,MID,Southampton,Mateus Gonçalo Espanha Fernandes,2911,36,95,2,4,5,8,80.86111111111111,,,551226,334.0,2024/25,20,24.37069769148873,119.37069769148873
625,MID,Man City,Ilkay Gündogan,2218,33,97,1,7,10,5,67.21212121212122,,,59859,176.0,2024/25,3,0.8749426722710595,97.87494267227106
627,DEF,Everton,Roman Dixon,90,1,0,0,0,0,0,90.0,,,496178,8.0,2024/25,13,0.7159949169897477,0.7159949169897477
628,DEF,Brighton,Ferdi Kadioglu,385,6,19,1,0,2,0,64.16666666666667,,,231416,37.0,2024/25,8,1.4534593089442118,20.45345930894421
629,MID,Brighton,Matt O'Riley,929,21,50,2,3,2,2,44.23809523809524,,,219249,70.0,2024/25,8,0.011830102277433778,50.011830102277436
630,DEF,Ipswich,Dara O'Shea,3122,35,49,0,2,2,1,89.2,,,216616,350.0,2024/25,19,47.937007088551184,96.93700708855118
631,MID,Ipswich,Jack Clarke,1161,32,53,0,4,1,0,36.28125,,,443261,137.0,2024/25,19,0.15496709827313992,53.15496709827314
632,MID,Ipswich,Chiedozie Ogbene,237,5,7,0,0,0,0,47.4,,,229164,17.0,2024/25,19,0.003363726431975581,7.003363726431975
633,MID,Arsenal,Mikel Merino,1575,28,92,7,2,4,8,56.25,,,195384,175.0,2024/25,2,2.220981630722593,94.22098163072259
634,MID,Brentford,Gustavo Nunes Fernandes Gomes,11,3,3,0,0,0,0,20.0,,,626464,5.0,2024/25,10,0.34111347663101477,3.3411134766310147
635,MID,Leicester,Bilal El Khannouss,2179,32,83,2,4,3,6,68.09375,,,513527,161.0,2024/25,18,0.5509182619318536,83.55091826193186
636,MID,Liverpool,Federico Chiesa,103,6,7,0,0,0,0,20.0,,,223541,8.0,2024/25,1,1.5340104058439472e-06,7.000001534010406
642,MID,Wolves,André Trindade da Costa Neto,2472,33,61,0,0,7,1,74.9090909090909,,,509291,359.0,2024/25,16,40.383637243901134,101.38363724390113
643,DEF,West Ham,Kaelan Casey,1,1,1,0,0,0,0,20.0,,,518438,1.0,2024/25,14,0.1257020491536052,1.1257020491536052
645,MID,Crystal Palace,Justin Devenny,494,23,34,1,1,0,1,21.47826086956522,,,489706,56.0,2024/25,12,0.0006743770094996661,34.0006743770095
646,MID,Crystal Palace,Asher Agbinone,4,2,2,0,0,0,0,20.0,,,579075,2.0,2024/25,12,0.1826728215556017,2.1826728215556015
649,DEF,Brentford,Jayden Meghoma,4,1,1,0,0,0,0,20.0,,,499717,0.0,2024/25,10,0.0,1.0
650,DEF,Crystal Palace,Maxence Lacroix,3116,35,114,1,2,11,9,89.02857142857142,,,437499,347.0,2024/25,12,46.98470421209382,160.98470421209382
651,MID,Everton,Orel Mangala,1257,19,39,1,0,5,0,66.15789473684211,,,179519,110.0,2024/25,13,0.9014691588096144,39.90146915880961
652,MID,Man Utd,Manuel Ugarte,1777,29,49,1,2,4,1,61.275862068965516,,,232112,245.0,2024/25,15,12.83738153618357,61.83738153618357
653,DEF,Nott'm Forest,Felipe Rodrigues da Silva,891,26,36,0,0,3,2,34.26923076923077,,,485047,112.0,2024/25,7,0.8573579389088303,36.857357938908834
654,MID,West Ham,Carlos Soler,1394,31,47,1,1,2,2,44.96774193548387,,,224860,113.0,2024/25,14,0.03855995886658306,47.038559958866585
655,MID,Wolves,Carlos Roberto Forbs Borges,236,10,9,0,0,0,0,23.6,,,463212,22.0,2024/25,16,0.00010751576309851607,9.000107515763098
658,DEF,Man Utd,Ayden Heaven,169,4,10,0,0,1,2,42.25,,,606745,18.0,2024/25,15,0.17275028297681694,10.172750282976818
660,GKP,Liverpool,Vítezslav Jaros,11,1,1,0,0,0,0,20.0,,,432987,1.0,2024/25,1,0.0,1.0
664,DEF,Wolves,Alfie Pond,1,1,1,0,0,0,0,20.0,,,517179,0.0,2024/25,16,0.0,1.0
665,FWD,Arsenal,Nathan Butler-Oyedeji,6,1,1,0,0,0,0,20.0,,,461025,0.0,2024/25,2,0.0,1.0
666,DEF,Crystal Palace,Caleb Kporha,11,2,2,0,0,0,0,20.0,,,590012,3.0,2024/25,12,0.0715037108319698,2.0715037108319696
670,DEF,Man Utd,Harry Amass,345,5,4,0,0,0,0,69.0,,,577974,18.0,2024/25,15,0.05083982659384702,4.0508398265938474
672,DEF,Man City,Jahmai Simpson-Pusey,95,2,1,0,0,0,0,47.5,,,554194,4.0,2024/25,3,0.00023496990400505605,1.000234969904005
674,MID,Brentford,Paris Maghoma,112,8,8,0,0,0,0,20.0,,,220695,13.0,2024/25,10,0.0001027220107907789,8.00010272201079
677,DEF,West Ham,Ollie Scarles,659,15,29,0,0,2,2,43.93333333333333,,,536109,54.0,2024/25,14,0.15251947978154107,29.152519479781542
687,MID,Bournemouth,Ben Winterburn,22,4,4,0,0,0,0,20.0,,,606775,4.0,2024/25,9,0.001339717409375688,4.001339717409376
696,MID,Chelsea,Tyrique George,177,8,17,1,1,1,0,22.125,,,550615,9.0,2024/25,4,7.343803362253949e-08,17.000000073438034
697,DEF,Chelsea,Josh Acheampong,168,4,4,0,0,0,0,42.0,,,577016,4.0,2024/25,4,1.126138401535429e-06,4.000001126138401
698,FWD,Man City,Divin Mubama,27,1,1,0,0,0,0,27.0,,,487837,1.0,2024/25,3,3.73922696316035e-09,1.000000003739227
699,DEF,Spurs,Alfie Dorrington,13,1,1,0,0,0,0,20.0,,,519321,0.0,2024/25,17,0.0,1.0
701,MID,West Ham,Lewis Orford,47,2,2,0,0,0,0,23.5,,,518442,8.0,2024/25,14,0.005513665520156256,2.0055136655201564
707,FWD,Bournemouth,Remy Rees-Dottin,1,1,1,0,0,0,0,20.0,,,606774,0.0,2024/25,9,0.0,1.0
709,FWD,Liverpool,Jayden Danns,10,1,1,0,0,0,0,20.0,,,500058,0.0,2024/25,1,0.0,1.0
713,DEF,Bournemouth,Julio Soler,9,3,3,0,0,0,0,20.0,,,575901,1.0,2024/25,9,0.00012434970297014528,3.00012434970297
714,MID,Brighton,Diego Gómez,507,16,30,1,1,0,2,31.6875,,,514254,71.0,2024/25,8,0.10359599753394266,30.103595997533944
715,DEF,Ipswich,Ben Godfrey,158,3,-1,0,0,0,0,52.666666666666664,,,198826,7.0,2024/25,19,0.001223087302849546,-0.9987769126971504
716,GKP,Spurs,Antonín Kinsky,540,6,17,0,0,1,0,90.0,,,485055,18.0,2024/25,17,0.0,17.0
718,DEF,Southampton,Welington Damascena Santos,478,10,14,0,0,1,0,47.8,,,500016,62.0,2024/25,20,2.485713979302519,16.48571397930252
719,DEF,Southampton,Joachim Kayi-Sanda,12,2,2,0,0,0,0,20.0,,,620408,2.0,2024/25,20,0.003572259542181699,2.0035722595421817
720,DEF,Wolves,Emmanuel Agbadou,1410,16,45,1,0,4,1,88.125,,,516939,144.0,2024/25,16,16.679683223307112,61.67968322330711
725,MID,Aston Villa,Donyell Malen,296,14,34,3,0,0,3,21.142857142857142,,,204646,17.0,2024/25,6,2.9609565984253254e-07,34.000000296095656
726,DEF,Leicester,Woyo Coulibaly,107,4,1,0,0,0,0,26.75,,,488439,13.0,2024/25,18,0.019896504518543596,1.0198965045185435
728,MID,Bournemouth,Zain Silcott-Duberry,1,1,1,0,0,0,0,20.0,,,530121,1.0,2024/25,9,0.14738783602661726,1.1473878360266172
730,MID,Crystal Palace,Romain Esse,138,7,22,1,2,0,3,20.0,,,606921,20.0,2024/25,12,0.0010763321029013857,22.0010763321029
731,DEF,Aston Villa,Andrés García,316,7,8,0,0,0,0,45.142857142857146,,,606798,19.0,2024/25,6,0.009230273365463997,8.009230273365464
732,DEF,Man City,Abdukodir Khusanov,503,6,14,0,0,2,0,83.83333333333333,,,578153,40.0,2024/25,3,2.082549170992333,16.082549170992333
733,DEF,Man City,Vitor de Oliveira Nunes dos Reis,1,1,1,0,0,0,0,20.0,,,616222,1.0,2024/25,3,0.1257020491536052,1.1257020491536052
734,MID,Southampton,Albert Grønbæk,141,4,6,0,0,0,0,35.25,,,494779,12.0,2024/25,20,0.0008601168263693158,6.000860116826369
755,FWD,Man City,Omar Marmoush,1174,16,73,7,1,8,12,73.375,,,438234,60.0,2024/25,3,0.03799176041645772,73.03799176041646
757,DEF,Brentford,Michael Kayode,523,12,27,0,1,2,0,43.583333333333336,,,607464,41.0,2024/25,10,0.08498941242846045,27.08498941242846
762,MID,Aston Villa,Marco Asensio,740,13,44,3,2,3,6,56.92307692307692,,,174292,41.0,2024/25,6,0.004432513759262507,44.00443251375926
763,DEF,Brighton,Eiran Cashin,19,2,1,0,0,0,0,20.0,,,439135,2.0,2024/25,8,0.00016968740986177884,1.0001696874098618
764,GKP,Ipswich,Alex Palmer,1170,13,22,0,0,0,0,90.0,,,112520,21.0,2024/25,19,0.0,22.0
765,MID,Man City,Nico González,760,11,31,1,1,6,0,69.0909090909091,,,465694,76.0,2024/25,3,1.635134791775048,32.635134791775045
766,DEF,Man Utd,Patrick Dorgu,840,12,18,0,0,2,1,70.0,,,596777,54.0,2024/25,15,0.5182508489304508,18.51825084893045
767,DEF,Spurs,Kevin Danso,842,10,16,0,0,1,0,84.2,,,135720,97.0,2024/25,17,12.734914631047607,28.73491463104761
768,MID,Spurs,Mathys Tel,908,13,42,2,2,2,2,69.84615384615384,,,511499,65.0,2024/25,17,0.21353385888818596,42.213533858888184
769,DEF,Wolves,Nasser Djiga,65,5,4,0,0,0,0,20.0,,,531170,6.0,2024/25,16,0.000196780366695177,4.000196780366696
770,MID,Wolves,Marshall Munetsi,1077,14,50,2,2,5,4,76.92857142857143,,,433312,83.0,2024/25,16,0.781423809092931,50.78142380909293
771,MID,Chelsea,Mathis Amougou,7,1,1,0,0,0,0,20.0,,,609640,2.0,2024/25,4,0.015167574858003106,1.0151675748580031
772,MID,Fulham,Willian Borges da Silva,251,10,13,0,0,1,0,25.1,,,47431,20.0,2024/25,11,4.1104632520078365e-05,13.00004110463252
776,FWD,Man Utd,Chido Obi-Martin,160,7,7,0,0,0,0,22.857142857142858,,,596047,12.0,2024/25,15,8.766871333490191e-06,7.000008766871334
777,DEF,Man Utd,Tyler Fredricson,166,2,2,0,0,0,0,83.0,,,547676,17.0,2024/25,15,1.7536370316953012,3.753637031695301
781,FWD,Chelsea,Shumaira Mheuka,1,1,1,0,0,0,0,20.0,,,567119,0.0,2024/25,4,0.0,1.0
784,FWD,Wolves,Mateus Mané,1,1,1,0,0,0,0,20.0,,,647671,0.0,2024/25,16,0.0,1.0
785,MID,Man City,Claudio Echeverri,5,1,1,0,0,0,0,20.0,,,575204,2.0,2024/25,3,0.0842837429203474,1.0842837429203473
792,MID,Leicester,Jeremy Monga,105,7,7,0,0,0,0,20.0,,,649208,15.0,2024/25,18,0.0007154140263633101,7.000715414026363
795,MID,Brighton,Harry Howell,6,1,1,0,0,0,0,20.0,,,597320,1.0,2024/25,8,0.0001690014611061968,1.0001690014611062
796,DEF,Leicester,Olabade Aluko,1,1,1,0,0,0,0,20.0,,,619146,1.0,2024/25,18,0.1257020491536052,1.1257020491536052
797,MID,Leicester,Jake Evans,21,4,4,0,0,0,0,20.0,,,630664,1.0,2024/25,18,1.5300300532290064e-09,4.00000000153003
798,FWD,Southampton,Jay Robinson,134,4,5,0,0,0,0,33.5,,,495024,17.0,2024/25,20,0.027233126910598038,5.027233126910598
1,GKP,Arsenal,David Raya Martín,3330,37,162,0,0,19,11,90.0,0.0,0.0,154561,39.0,2025/26,1,0.0,162.0
2,GKP,Arsenal,Kepa Arrizabalaga Revuelta,90,1,2,0,0,0,0,90.0,0.0,0.0,109745,3.0,2025/26,1,0.0,2.0
5,DEF,Arsenal,Gabriel dos Santos Magalhães,2750,32,209,3,5,18,30,85.9375,277.0,22.0,226597,277.0,2025/26,1,29.705597049507382,209.0
6,DEF,Arsenal,William Saliba,2614,31,137,1,0,15,12,84.3225806451613,193.0,8.0,462424,192.0,2025/26,1,7.667511836213976,137.0
7,DEF,Arsenal,Riccardo Calafiori,1697,26,109,1,2,13,6,65.26923076923077,102.0,0.0,466075,102.0,2025/26,1,0.47052051146980584,109.0
8,DEF,Arsenal,Jurriën Timber,2452,30,149,3,6,13,9,81.73333333333333,148.0,6.0,445122,149.0,2025/26,1,2.3221490438058665,149.0
10,DEF,Arsenal,Myles Lewis-Skelly,697,20,29,0,0,2,0,34.85,25.0,0.0,499169,25.0,2025/26,1,4.186616860763987e-05,29.0
11,DEF,Arsenal,Benjamin White,699,12,45,0,1,5,3,58.25,53.0,2.0,198869,53.0,2025/26,1,0.4621226649620229,45.0
12,DEF,Nott'm Forest,Oleksandr Zinchenko,352,5,7,0,0,0,0,70.4,24.0,0.0,206325,24.0,2025/26,16,0.31761628072408815,7.0
16,MID,Arsenal,Bukayo Saka,2218,31,157,7,10,12,18,71.54838709677419,184.0,10.0,223340,186.0,2025/26,1,1.8761374541192248,157.0
17,MID,Arsenal,Martin Ødegaard,1363,24,74,1,7,6,5,56.791666666666664,102.0,2.0,184029,102.0,2025/26,1,0.10946306955583728,74.0
18,MID,Arsenal,Noni Madueke,1205,26,72,3,1,8,9,46.34615384615385,70.0,0.0,248857,70.0,2025/26,1,0.0020163991426596166,72.0
19,MID,Arsenal,Gabriel Martinelli Silva,1065,30,57,1,5,2,3,35.5,77.0,0.0,444145,76.0,2025/26,1,0.0012947882335220524,57.0
20,MID,Arsenal,Leandro Trossard,1997,31,119,6,6,11,11,64.41935483870968,133.0,0.0,116216,133.0,2025/26,1,0.15274173031327143,119.0
21,MID,Arsenal,Declan Rice,3093,36,184,4,9,18,23,85.91666666666667,376.0,28.0,204480,377.0,2025/26,1,38.82089807842149,184.0
22,MID,Arsenal,Mikel Merino Zazón,1024,22,67,4,3,4,5,46.54545454545455,113.0,0.0,195384,114.0,2025/26,1,0.4720608768362069,67.0
24,MID,Arsenal,Christian Nørgaard,101,7,7,0,0,0,0,20.0,16.0,0.0,128295,16.0,2025/26,1,0.0017954609096625105,7.0
25,MID,Arsenal,Ethan Nwaneri,165,6,8,0,0,1,0,27.5,13.0,0.0,499175,12.0,2025/26,1,2.466277951204702e-05,8.0
26,MID,Arsenal,Martín Zubimendi Ibáñez,2991,38,133,5,1,16,9,78.71052631578948,307.0,14.0,481655,306.0,2025/26,1,13.25031361180173,133.0
27,MID,Brentford,Reiss Nelson,118,10,13,0,1,0,0,20.0,23.0,0.0,200641,23.0,2025/26,9,0.013082667737888484,13.0
30,FWD,Arsenal,Kai Havertz,577,12,36,2,3,4,3,48.083333333333336,32.0,0.0,219847,32.0,2025/26,1,0.0012676395230703606,36.0
31,FWD,Arsenal,Gabriel Fernando de Jesus,418,14,24,3,0,1,0,29.857142857142858,30.0,0.0,205651,31.0,2025/26,1,0.0002396984146050077,24.0
32,GKP,Aston Villa,Emiliano Martínez Romero,2835,32,120,0,1,7,11,88.59375,0.0,0.0,98980,27.0,2025/26,4,0.0,120.0
33,GKP,Aston Villa,Marco Bizot,585,7,16,0,0,1,0,83.57142857142857,0.0,0.0,72147,10.0,2025/26,4,0.0,16.0
36,DEF,Aston Villa,Matty Cash,3016,35,117,3,3,8,7,86.17142857142858,186.0,2.0,199796,186.0,2025/26,4,3.9536674184053755,117.0
37,DEF,Aston Villa,Lucas Digne,1842,31,97,0,7,7,5,59.41935483870968,113.0,2.0,101188,116.0,2025/26,4,0.4097229313237242,97.0
38,DEF,Aston Villa,Ezri Konsa Ngoyo,3035,34,100,0,1,9,3,89.26470588235294,196.0,6.0,199798,196.0,2025/26,4,5.899892572520951,100.0
39,DEF,Aston Villa,Ian Maatsen,1590,30,54,0,1,2,1,53.0,128.0,4.0,441302,127.0,2025/26,4,0.8867005018689683,54.0
40,DEF,Aston Villa,Tyrone Mings,1322,17,50,0,1,3,4,77.76470588235294,107.0,8.0,149484,108.0,2025/26,4,4.740164184503602,50.0
41,DEF,Aston Villa,Pau Torres,1673,21,64,0,2,5,2,79.66666666666667,112.0,4.0,244954,112.0,2025/26,4,2.418839185204994,64.0
42,DEF,Aston Villa,Andrés García,83,6,5,0,0,0,0,20.0,10.0,0.0,606798,10.0,2025/26,4,0.002180930176494928,5.0
44,DEF,Aston Villa,Lamare Bogarde,1042,28,40,0,0,2,4,37.214285714285715,60.0,0.0,515597,60.0,2025/26,4,0.005772769325941532,40.0
47,MID,Aston Villa,Morgan Rogers,3280,37,169,10,8,9,17,88.64864864864865,230.0,2.0,244850,229.0,2025/26,4,2.7528251072753807,169.0
48,MID,Aston Villa,Youri Tielemans,1857,25,68,0,4,4,3,74.28,203.0,4.0,166989,203.0,2025/26,4,9.095347823510089,68.0
49,MID,Aston Villa,Leon Bailey,450,13,21,0,2,0,0,34.61538461538461,48.0,0.0,215711,48.0,2025/26,4,0.01808285384944567,21.0
50,MID,Aston Villa,Emiliano Buendía Stati,1753,36,102,6,2,3,10,48.69444444444444,197.0,8.0,195546,197.0,2025/26,4,1.1491665503619268,102.0
52,MID,Newcastle,Jacob Ramsey,1441,28,62,2,3,1,3,51.464285714285715,149.0,4.0,232653,149.0,2025/26,12,0.7303915218550725,62.0
53,MID,Aston Villa,Donyell Malen,640,21,55,4,2,1,3,30.476190476190474,16.0,0.0,204646,16.0,2025/26,4,2.5049052099216327e-09,55.0
54,MID,Aston Villa,John McGinn,2136,30,103,5,4,8,6,71.2,150.0,2.0,122806,150.0,2025/26,4,0.4927704435881214,103.0
55,MID,Aston Villa,Ross Barkley,844,21,56,3,2,1,5,40.19047619047619,74.0,2.0,88894,74.0,2025/26,4,0.01940891376848181,56.0
58,MID,Aston Villa,Boubacar Kamara,1410,18,61,1,3,5,7,78.33333333333333,149.0,6.0,226944,148.0,2025/26,4,6.974207694290491,61.0
59,MID,Aston Villa,Amadou Onana,1755,25,76,2,0,6,4,70.2,219.0,14.0,449871,221.0,2025/26,4,13.686579511161916,76.0
62,MID,Aston Villa,Jamaldeen Jimoh-Aloba,8,1,1,0,0,0,0,20.0,1.0,0.0,559962,1.0,2025/26,4,1.5179518653108876e-05,1.0
64,FWD,Aston Villa,Ollie Watkins,2833,37,167,16,4,9,26,76.56756756756756,94.0,0.0,178301,94.0,2025/26,4,0.00245032321918338,167.0
67,GKP,Bournemouth,Đorđe Petrović,3420,38,124,0,0,11,5,90.0,0.0,0.0,457569,62.0,2025/26,6,0.0,124.0
72,DEF,Bournemouth,Marcos Senesi Barón,3288,37,175,0,6,11,14,88.86486486486487,419.0,52.0,221466,418.0,2025/26,6,64.58644543562052,175.0
73,DEF,Bournemouth,Adam Smith,1073,22,58,0,2,6,4,48.77272727272727,70.0,0.0,54469,70.0,2025/26,6,0.09400820780989258,58.0
74,DEF,Bournemouth,Adrien Truffert,3378,38,165,1,6,11,19,88.89473684210526,301.0,24.0,494521,304.0,2025/26,6,27.207806845610413,165.0
77,DEF,Bournemouth,James Hill,2102,29,110,0,3,8,4,72.48275862068965,260.0,28.0,463981,261.0,2025/26,6,30.23192584224413,110.0
80,DEF,Bournemouth,Julio Soler Barreto,34,3,3,0,0,0,0,20.0,1.0,0.0,575901,1.0,2025/26,6,3.4437485328488043e-09,3.0
81,MID,Bournemouth,Justin Kluivert,945,20,41,2,0,4,3,47.25,65.0,0.0,222683,64.0,2025/26,6,0.007786433428785499,41.0
82,MID,Man City,Antoine Semenyo,3200,37,202,17,6,12,18,86.48648648648648,236.0,6.0,437730,237.0,2025/26,2,3.4396824093795018,202.0
83,MID,Brentford,Dango Ouattara,2271,32,136,7,8,6,16,70.96875,185.0,4.0,533463,185.0,2025/26,9,1.5034377463477542,136.0
84,MID,Bournemouth,Marcus Tavernier,2732,34,137,7,4,11,14,80.3529411764706,251.0,6.0,201658,252.0,2025/26,6,7.597468786451527,137.0
85,MID,Bournemouth,Tyler Adams,1769,25,77,2,2,7,3,70.76,232.0,14.0,200785,233.0,2025/26,6,17.251804674580036,77.0
86,MID,Bournemouth,David Brooks,1188,31,59,1,3,5,4,38.32258064516129,94.0,0.0,111317,94.0,2025/26,6,0.007360761564920592,59.0
87,MID,Bournemouth,Ryan Christie,978,26,47,2,1,3,2,37.61538461538461,123.0,2.0,158499,123.0,2025/26,6,0.2793015753866199,47.0
88,MID,Bournemouth,Lewis Cook,872,18,40,0,1,1,0,48.44444444444444,143.0,14.0,155408,143.0,2025/26,6,5.853248210575273,40.0
90,MID,Bournemouth,Alex Scott,2848,37,136,3,2,11,9,76.97297297297297,386.0,30.0,503139,387.0,2025/26,6,39.73171213756414,136.0
93,MID,Bournemouth,Hamed Traorè,16,1,4,0,1,0,0,20.0,4.0,0.0,424044,4.0,2025/26,6,0.013140545162349904,4.0
96,MID,Bournemouth,Ben Winterburn,6,1,1,0,0,0,0,20.0,0.0,0.0,606775,0.0,2025/26,6,0.0,1.0
97,FWD,Bournemouth,Francisco Evanilson de Lima Barbosa,2741,36,115,6,7,11,6,76.13888888888889,135.0,0.0,444102,136.0,2025/26,6,0.09109343073961002,115.0
98,FWD,Bournemouth,Enes Ünal,214,23,27,1,0,0,1,20.0,23.0,0.0,168636,23.0,2025/26,6,0.00013609762867511135,27.0
100,FWD,Bournemouth,Junior Kroupi,1663,33,113,13,0,10,13,50.39393939393939,112.0,0.0,560262,112.0,2025/26,6,0.03261532634397642,113.0
101,GKP,Brentford,Caoimhín Kelleher,3330,37,143,0,0,10,11,90.0,0.0,0.0,200720,49.0,2025/26,9,0.0,143.0
105,GKP,Brentford,Hákon Rafn Valdimarsson,90,1,1,0,0,0,0,90.0,0.0,0.0,507433,0.0,2025/26,9,0.0,1.0
106,DEF,Brentford,Nathan Collins,2971,35,129,1,2,9,7,84.88571428571429,319.0,32.0,432830,318.0,2025/26,9,37.485378017795,129.0
107,DEF,Brentford,Keane Lewis-Potter,1960,36,115,3,4,9,5,54.44444444444444,74.0,0.0,249231,74.0,2025/26,9,0.0052933134874517665,115.0
108,DEF,Brentford,Kristoffer Ajer,1805,27,76,0,2,5,1,66.85185185185185,192.0,18.0,191866,190.0,2025/26,9,11.821114043070125,76.0
109,DEF,Brentford,Rico Henry,1322,25,52,0,2,4,0,52.88,68.0,0.0,194010,69.0,2025/26,9,0.03741034483224507,52.0
110,DEF,Brentford,Michael Kayode,3258,37,113,1,2,10,9,88.05405405405405,219.0,6.0,607464,219.0,2025/26,9,7.334544364920506,113.0
111,DEF,Brentford,Ethan Pinnock,318,4,14,0,0,1,2,79.5,42.0,4.0,231065,42.0,2025/26,9,6.0929703092377645,14.0
113,DEF,Brentford,Sepp van den Berg,2761,32,113,0,3,8,3,86.28125,272.0,24.0,444765,270.0,2025/26,9,27.40318231153544,113.0
116,DEF,Brentford,Aaron Hickey,679,21,37,0,0,2,0,32.333333333333336,51.0,2.0,472713,52.0,2025/26,9,0.013659348250319404,37.0
119,MID,Man Utd,Bryan Mbeumo,2611,33,148,11,3,8,16,79.12121212121212,139.0,0.0,446008,139.0,2025/26,3,0.1398432834761786,148.0
120,MID,Brentford,Kevin Schade,2744,35,125,8,5,11,5,78.4,190.0,0.0,513418,187.0,2025/26,9,0.940090795564877,125.0
121,MID,Brentford,Mikkel Damsgaard,2046,33,113,4,4,5,9,62.0,241.0,12.0,440089,241.0,2025/26,9,6.783399425169418,113.0
122,MID,Brentford,Antoni Milambo,45,1,1,0,0,0,0,45.0,4.0,0.0,543295,5.0,2025/26,9,0.01642568145293738,1.0
123,MID,Brentford,Fábio Freitas Gouveia Carvalho,100,6,13,1,0,0,1,20.0,8.0,0.0,244858,8.0,2025/26,9,2.034852974728693e-06,13.0
124,MID,Brentford,Jordan Henderson,1911,32,76,1,3,6,5,59.71875,183.0,6.0,56979,183.0,2025/26,9,1.3943079652665922,76.0
125,MID,Brentford,Vitaly Janelt,1434,25,74,1,4,5,6,57.36,183.0,14.0,204580,184.0,2025/26,9,5.37036167659095,74.0
126,MID,Brentford,Mathias Jensen,2239,36,98,3,2,9,1,62.19444444444444,220.0,8.0,207283,220.0,2025/26,9,2.462967917357271,98.0
128,MID,Brentford,Frank Onyeka,88,6,12,0,2,0,0,20.0,10.0,0.0,428580,10.0,2025/26,9,6.54144575216586e-05,12.0
129,MID,Brentford,Yehor Yarmoliuk,2652,37,104,1,3,8,1,71.67567567567568,338.0,22.0,508395,340.0,2025/26,9,24.042440267829015,104.0
130,MID,Brentford,Romelle Donovan,38,4,4,0,0,0,0,20.0,5.0,0.0,606689,5.0,2025/26,9,0.00011840926655023274,4.0
133,MID,Brentford,Myles Peart-Harris,1,1,1,0,0,0,0,20.0,0.0,0.0,450539,0.0,2025/26,9,0.0,1.0
135,FWD,Newcastle,Yoane Wissa,517,19,27,1,1,1,0,27.210526315789473,22.0,0.0,216646,22.0,2025/26,12,3.569979604727287e-07,27.0
136,FWD,Brentford,Igor Thiago Nascimento Rodrigues,3282,38,181,22,1,10,22,86.36842105263158,214.0,2.0,502500,215.0,2025/26,9,2.293645829990354,181.0
139,GKP,Brighton,Bart Verbruggen,3420,38,130,0,0,10,6,90.0,0.0,0.0,489639,33.0,2025/26,8,0.0,130.0
143,DEF,Brighton,Olivier Boscagli,799,12,39,0,1,3,4,66.58333333333333,78.0,4.0,204120,78.0,2025/26,8,3.717709796440763,39.0
144,DEF,Brighton,Diego Coppola,193,5,10,0,0,1,0,38.6,18.0,2.0,550090,18.0,2025/26,8,0.05083982659384702,10.0
145,DEF,Brighton,Maxim De Cuyper,1404,30,84,2,3,5,9,46.8,64.0,0.0,465730,65.0,2025/26,8,0.006762583720105272,84.0
146,DEF,Brighton,Lewis Dunk,2837,33,100,1,1,7,5,85.96969696969697,231.0,16.0,83299,234.0,2025/26,8,14.911745226212439,100.0
148,DEF,Brighton,Ferdi Kadıoğlu,3130,37,118,1,2,10,7,84.5945945945946,170.0,4.0,231416,171.0,2025/26,8,1.8776952277975263,118.0
149,DEF,West Ham,Igor Julio dos Santos de Paulo,103,4,6,0,0,0,0,25.75,13.0,2.0,223434,13.0,2025/26,18,0.019896504518543596,6.0
151,DEF,Brighton,Jan Paul van Hecke,3210,36,148,3,3,10,8,89.16666666666667,317.0,26.0,469142,317.0,2025/26,8,35.20062121719759,148.0
152,DEF,Brighton,Joël Veltman,1047,24,46,1,0,2,1,43.625,99.0,6.0,111478,99.0,2025/26,8,0.601528096363137,46.0
157,MID,Brighton,Mitoma Kaoru,1714,25,62,3,1,5,2,68.56,107.0,0.0,451340,107.0,2025/26,8,0.12077957454108532,62.0
158,MID,Brighton,Georginio Rutter,1776,32,87,3,5,7,2,55.5,131.0,2.0,463067,130.0,2025/26,8,0.10046496922168147,87.0
159,MID,Brighton,Solly March,38,4,4,0,0,0,0,20.0,5.0,0.0,109345,5.0,2025/26,8,0.00011840926655023274,4.0
160,MID,Brighton,Yankuba Minteh,2389,34,117,3,8,11,9,70.26470588235294,185.0,2.0,592031,184.0,2025/26,8,1.002030880155648,117.0
162,MID,Brighton,Brajan Gruda,708,18,35,1,1,2,2,39.333333333333336,58.0,0.0,513433,58.0,2025/26,8,0.007463269468277724,35.0
163,MID,Brighton,Jack Hinshelwood,1736,27,91,4,5,7,2,64.29629629629629,114.0,2.0,532529,115.0,2025/26,8,0.12536101081775614,91.0
164,MID,Brighton,Matt O'Riley,202,6,16,1,0,1,2,33.666666666666664,10.0,0.0,219249,10.0,2025/26,8,3.7497078622578714e-06,16.0
166,MID,Brighton,Yasin Ayari,1921,29,98,3,4,6,7,66.24137931034483,225.0,10.0,509416,225.0,2025/26,8,8.32403081003464,98.0
167,MID,Brighton,Carlos Baleba,1646,31,56,0,0,7,0,53.096774193548384,209.0,8.0,535301,209.0,2025/26,8,3.9720700323148996,56.0
168,MID,Leeds,Facundo Buonanotte,81,4,3,0,0,0,0,20.25,6.0,0.0,536916,6.0,2025/26,14,8.22230273876502e-07,3.0
169,MID,Brighton,Diego Gómez Amarilla,2117,32,97,5,1,8,9,66.15625,238.0,6.0,514254,239.0,2025/26,8,7.463054690388301,97.0
170,MID,Brighton,James Milner,772,20,35,1,1,2,0,38.6,80.0,0.0,15157,81.0,2025/26,8,0.061193123195741425,35.0
172,MID,Brighton,Tom Watson,57,6,5,0,0,0,0,20.0,5.0,0.0,549074,5.0,2025/26,8,3.0423374649788787e-06,5.0
173,MID,Brighton,Mats Wieffer,1901,26,94,2,4,6,6,73.11538461538461,269.0,22.0,467779,272.0,2025/26,8,27.938754611674558,94.0
175,MID,Brighton,Joe Knight,1,1,1,0,0,0,0,20.0,0.0,0.0,567121,0.0,2025/26,8,0.0,1.0
178,FWD,Brighton,Danny Welbeck,2249,37,126,13,1,10,18,60.78378378378378,112.0,0.0,50175,114.0,2025/26,8,0.015198809917389223,126.0
180,FWD,Brighton,Stefanos Tzimas,132,9,16,1,1,0,0,20.0,15.0,0.0,608181,15.0,2025/26,8,0.00014646914321271465,16.0
181,FWD,Brighton,Charalampos Kostoulas,351,21,35,2,1,1,3,20.0,41.0,0.0,647850,41.0,2025/26,8,0.0005115909962748477,35.0
182,GKP,Man City,James Trafford,360,4,13,0,0,1,0,90.0,0.0,0.0,432720,8.0,2025/26,2,0.0,13.0
183,GKP,Burnley,Max Weiß,270,3,7,0,0,0,0,90.0,0.0,0.0,518030,4.0,2025/26,19,0.0,7.0
187,DEF,Burnley,Kyle Walker,3095,36,70,0,2,4,3,85.97222222222223,212.0,8.0,58621,213.0,2025/26,19,7.122790319142932,70.0
190,DEF,Burnley,Hjalmar Ekdal,1539,19,52,0,0,2,2,81.0,174.0,18.0,478969,174.0,2025/26,19,20.805373120220832,52.0
191,DEF,Burnley,Maxime Estève,2933,34,85,0,0,3,0,86.26470588235294,334.0,38.0,477717,335.0,2025/26,19,44.97566721218532,85.0
192,DEF,Burnley,Quilindschy Hartman,1825,21,63,0,6,3,0,86.9047619047619,153.0,6.0,494960,153.0,2025/26,19,10.591659125327938,63.0
193,DEF,Burnley,Bashir Humphreys,1574,20,47,0,2,2,1,78.7,141.0,12.0,461188,141.0,2025/26,19,8.823626379478535,47.0
195,DEF,Burnley,Lucas Pires Silva,1405,20,25,0,0,1,0,70.25,93.0,2.0,549329,94.0,2025/26,19,1.1221345751088467,25.0
197,DEF,Burnley,Oliver Sonne,164,7,13,1,0,0,0,23.428571428571427,7.0,0.0,519895,7.0,2025/26,19,1.970742202687001e-06,13.0
198,DEF,Burnley,Axel Tuanzebe,1201,14,34,1,0,1,0,85.78571428571429,120.0,10.0,180804,119.0,2025/26,19,12.275459221867122,34.0
199,DEF,Burnley,Joe Worrall,496,11,20,0,0,0,0,45.09090909090909,76.0,8.0,208912,76.0,2025/26,19,4.458222956046051,20.0
200,MID,Burnley,Jaidon Anthony,2717,37,127,8,4,4,6,73.43243243243244,232.0,2.0,444180,232.0,2025/26,19,2.99745310620974,127.0
202,MID,Burnley,Jacob Bruun Larsen,1014,28,41,0,1,3,0,36.214285714285715,63.0,0.0,179458,63.0,2025/26,19,0.00037668921040932764,41.0
205,MID,Burnley,Josh Cullen,1513,18,70,2,2,3,8,84.05555555555556,173.0,12.0,172567,172.0,2025/26,19,13.769599734135992,70.0
206,MID,Burnley,Marcus Edwards,1058,23,51,1,3,1,2,46.0,67.0,0.0,174592,67.0,2025/26,19,0.00375939634327835,51.0
207,MID,Burnley,Hannibal Mejbri,1219,27,59,1,5,2,4,45.148148148148145,111.0,4.0,465527,112.0,2025/26,19,0.10083660410579798,59.0
209,MID,Burnley,Josh Laurent,1752,33,56,1,0,2,1,53.09090909090909,186.0,8.0,167887,186.0,2025/26,19,1.2991390520482233,56.0
210,MID,Burnley,Loum Tchaouna,1259,29,59,2,2,2,0,43.41379310344828,69.0,2.0,469272,69.0,2025/26,19,0.0006782078970722513,59.0
213,MID,Burnley,Jaydon Banel,9,1,1,0,0,0,0,20.0,0.0,0.0,551206,0.0,2025/26,19,0.0,1.0
214,MID,Burnley,Mike Trésor Ndayishimiye,37,6,6,0,0,0,0,20.0,5.0,0.0,437748,5.0,2025/26,19,0.0001488549059306937,6.0
215,FWD,Burnley,Zian Flemming,1764,29,99,11,0,3,11,60.827586206896555,99.0,0.0,431639,99.0,2025/26,19,0.030194421516197265,99.0
216,FWD,Burnley,Zeki Amdouni,69,4,4,0,0,0,0,20.0,1.0,0.0,492831,1.0,2025/26,19,8.61114783964775e-15,4.0
217,FWD,Burnley,Lyle Foster,1361,26,58,3,2,4,4,52.34615384615385,85.0,0.0,435973,85.0,2025/26,19,0.018350813289968945,58.0
218,FWD,Burnley,Ashley Barnes,40,7,6,0,0,0,0,20.0,2.0,0.0,44699,2.0,2025/26,19,7.4784539263207e-09,6.0
220,GKP,Chelsea,Robert Lynch Sánchez,3040,35,113,0,1,9,7,86.85714285714286,0.0,0.0,215059,29.0,2025/26,10,0.0,113.0
221,GKP,Chelsea,Filip Jörgensen,378,5,9,0,0,0,0,75.6,0.0,0.0,508479,3.0,2025/26,10,0.0,9.0
224,DEF,Chelsea,Marc Cucurella Saseta,2706,34,104,1,4,9,5,79.58823529411765,182.0,4.0,179268,182.0,2025/26,10,3.994986757190961,104.0
225,DEF,Chelsea,Reece James,1957,29,115,2,6,8,11,67.48275862068965,128.0,4.0,225796,128.0,2025/26,10,1.1123226771168895,115.0
226,DEF,Chelsea,Trevoh Chalobah,2780,34,136,3,1,9,7,81.76470588235294,265.0,28.0,180736,265.0,2025/26,10,22.17948539983885,136.0
227,DEF,Chelsea,Levi Samuels Colwill,225,3,8,0,0,0,0,75.0,25.0,4.0,460028,25.0,2025/26,10,2.4672848918784966,8.0
228,DEF,Chelsea,Malo Gusto,2255,34,96,2,3,7,7,66.32352941176471,126.0,0.0,482609,128.0,2025/26,10,0.46805198229805267,96.0
229,DEF,Chelsea,Benoît Badiashile Mukinayi,470,8,7,0,0,0,0,58.75,48.0,2.0,242880,48.0,2025/26,10,1.696381470390032,7.0
230,DEF,Chelsea,Wesley Fofana,1718,25,65,0,2,4,3,68.72,206.0,14.0,444463,207.0,2025/26,10,20.12917029951048,65.0
231,DEF,Chelsea,Mamadou Sarr,100,3,3,0,0,0,0,33.333333333333336,8.0,0.0,574458,8.0,2025/26,10,0.003457102894494189,3.0
232,DEF,Chelsea,Tosin Adarabioyo,788,16,34,0,0,2,2,49.25,97.0,8.0,109646,97.0,2025/26,10,3.56941197071832,34.0
233,DEF,Chelsea,Josh Acheampong,657,17,39,1,0,2,5,38.64705882352941,44.0,0.0,577016,44.0,2025/26,10,0.015581983929259616,39.0
235,MID,Chelsea,Cole Palmer,1954,26,114,10,2,3,11,75.15384615384616,135.0,4.0,244851,135.0,2025/26,10,0.5663017346450211,114.0
236,MID,Chelsea,Pedro Lomba Neto,2629,34,125,5,7,11,9,77.32352941176471,122.0,0.0,247632,122.0,2025/26,10,0.036853652620073174,125.0
237,MID,Chelsea,Enzo Fernández,3114,36,157,10,5,8,19,86.5,244.0,4.0,448047,244.0,2025/26,10,4.764770952907686,157.0
238,MID,Chelsea,Estêvão Almeida de Oliveira Gonçalves,839,22,58,2,5,4,4,38.13636363636363,56.0,0.0,624773,56.0,2025/26,10,0.0009944794839184137,58.0
239,MID,Chelsea,Jamie Bynoe-Gittens,486,16,25,0,2,1,0,30.375,29.0,0.0,463936,29.0,2025/26,10,2.3948213263291248e-05,25.0
241,MID,Chelsea,Moisés Caicedo Corozo,2796,33,110,3,1,6,10,84.72727272727273,366.0,26.0,486672,366.0,2025/26,10,42.900296281925115,110.0
242,MID,Everton,Kiernan Dewsbury-Hall,2629,31,151,8,7,8,18,84.80645161290323,230.0,10.0,215413,230.0,2025/26,13,6.966949699343456,151.0
243,MID,Everton,Tyrique George,351,15,16,0,0,1,0,23.4,23.0,0.0,550615,23.0,2025/26,13,3.893384061697984e-06,16.0
244,MID,Chelsea,Roméo Lavia,374,12,13,0,0,0,0,31.166666666666668,37.0,0.0,514356,37.0,2025/26,10,0.003324540756001784,13.0
246,MID,Chelsea,Andrey Nascimento dos Santos,1247,27,47,1,0,1,3,46.18518518518518,129.0,4.0,532605,129.0,2025/26,10,0.31319048132487187,47.0
247,MID,Chelsea,Dário Luís Essugo,26,3,1,0,0,0,0,20.0,8.0,0.0,491007,8.0,2025/26,10,0.09313962882988856,1.0
249,FWD,Chelsea,João Pedro Junqueira de Jesus,2658,35,177,15,9,10,30,75.94285714285714,138.0,0.0,475168,138.0,2025/26,10,0.12756860949056606,177.0
250,FWD,Chelsea,Liam Delap,1092,28,45,1,2,2,1,39.0,42.0,0.0,463034,42.0,2025/26,10,8.591572139727743e-06,45.0
252,FWD,Chelsea,Marc Guiu Paz,265,10,13,0,1,0,0,26.5,8.0,0.0,499309,8.0,2025/26,10,3.087603185444573e-09,13.0
253,GKP,Crystal Palace,Dean Henderson,3330,37,131,0,0,11,7,90.0,0.0,0.0,172649,57.0,2025/26,15,0.0,131.0
254,GKP,Crystal Palace,Walter Benítez,90,1,7,0,0,1,0,90.0,0.0,0.0,121709,1.0,2025/26,15,0.0,7.0
256,DEF,Crystal Palace,Daniel Muñoz Mejía,2400,29,136,4,4,10,9,82.75862068965517,196.0,14.0,247348,198.0,2025/26,15,11.17120966140823,136.0
257,DEF,Crystal Palace,Maxence Lacroix,3085,35,154,1,2,11,11,88.14285714285714,370.0,40.0,437499,375.0,2025/26,15,55.50912575757873,154.0
258,DEF,Crystal Palace,Tyrick Mitchell,3253,38,135,1,3,12,8,85.60526315789474,245.0,12.0,244723,247.0,2025/26,15,11.77274768872908,135.0
259,DEF,Crystal Palace,Borna Sosa,99,7,6,0,0,0,0,20.0,9.0,0.0,218364,9.0,2025/26,15,0.0002637963759543241,6.0
260,DEF,Man City,Marc Guéhi,3150,35,179,3,5,14,14,90.0,278.0,22.0,209036,283.0,2025/26,2,26.005217735765534,179.0
261,DEF,Crystal Palace,Chris Richards,2825,33,128,1,0,11,5,85.60606060606061,311.0,26.0,427623,313.0,2025/26,15,39.705782593392,128.0
262,DEF,Crystal Palace,Chadi Riad Dnanou,550,9,20,0,1,1,0,61.111111111111114,45.0,2.0,515621,45.0,2025/26,15,0.7237688883274196,20.0
263,DEF,Crystal Palace,Nathaniel Clyne,592,10,17,0,1,0,2,59.2,50.0,0.0,57328,49.0,2025/26,15,0.7161784680421427,17.0
266,MID,Arsenal,Eberechi Eze,1885,33,113,7,3,11,8,57.121212121212125,120.0,0.0,232413,120.0,2025/26,1,0.04019152228127063,113.0
267,MID,Crystal Palace,Ismaïla Sarr,2173,28,117,9,2,9,9,77.60714285714286,137.0,0.0,232185,138.0,2025/26,15,0.4123513232900624,117.0
269,MID,Crystal Palace,Romain Esse,40,4,4,0,0,0,0,20.0,5.0,0.0,606921,4.0,2025/26,15,8.220926504015673e-06,4.0
270,MID,Crystal Palace,Will Hughes,1560,31,45,0,1,5,0,50.32258064516129,148.0,0.0,108413,144.0,2025/26,15,0.2886887587598195,45.0
271,MID,Crystal Palace,Daichi Kamada,1899,28,67,0,2,6,0,67.82142857142857,208.0,10.0,209400,209.0,2025/26,15,6.508482503702926,67.0
272,MID,Crystal Palace,Jefferson Lerma Solís,1722,31,69,0,5,7,3,55.54838709677419,220.0,8.0,152551,221.0,2025/26,15,5.546121312617028,69.0
273,MID,Crystal Palace,Adam Wharton,2552,34,112,1,6,8,8,75.05882352941177,303.0,18.0,496221,307.0,2025/26,15,20.467900292575237,112.0
276,MID,Crystal Palace,Justin Devenny,785,21,36,1,0,1,0,37.38095238095238,72.0,2.0,489706,72.0,2025/26,15,0.015222686291394541,36.0
281,MID,Crystal Palace,Kaden Rodney,3,1,1,0,0,0,0,20.0,0.0,0.0,530318,0.0,2025/26,15,0.0,1.0
283,FWD,Crystal Palace,Jean-Philippe Mateta,2210,32,114,12,0,8,13,69.0625,125.0,0.0,231747,125.0,2025/26,15,0.10776741210491789,114.0
284,FWD,Crystal Palace,Eddie Nketiah,414,12,23,2,0,0,3,34.5,38.0,0.0,205533,38.0,2025/26,15,0.006338398287246748,23.0
285,FWD,Crystal Palace,Odsonne Édouard,2,1,1,0,0,0,0,20.0,1.0,0.0,199670,1.0,2025/26,15,0.13634056178197437,1.0
287,GKP,Everton,Jordan Pickford,3420,38,135,0,0,11,11,90.0,0.0,0.0,111234,54.0,2025/26,13,0.0,135.0
290,DEF,Everton,Jarrad Branthwaite,678,10,32,1,1,1,0,67.8,67.0,6.0,480455,67.0,2025/26,13,3.5481948483764834,32.0
291,DEF,Everton,James Tarkowski,3330,37,170,2,3,11,12,90.0,376.0,44.0,17761,377.0,2025/26,13,52.86708059484719,170.0
292,DEF,Everton,Vitalii Mykolenko,2959,33,95,0,1,9,2,89.66666666666667,231.0,14.0,224967,235.0,2025/26,13,15.175572512967804,95.0
293,DEF,Everton,Jake O'Brien,3118,37,116,1,3,10,2,84.27027027027027,231.0,12.0,512462,232.0,2025/26,13,9.702364033894552,116.0
294,DEF,Everton,Séamus Coleman,19,5,5,0,0,0,0,20.0,2.0,0.0,59949,2.0,2025/26,13,0.00016968740986177884,5.0
295,DEF,Everton,Michael Keane,2588,33,131,3,1,7,8,78.42424242424242,302.0,30.0,106611,303.0,2025/26,13,36.39804910023767,131.0
296,DEF,Everton,Nathan Patterson,238,7,22,0,0,2,0,34.0,31.0,4.0,243571,31.0,2025/26,13,0.2740797350862935,22.0
299,MID,Everton,Iliman Ndiaye,2781,32,128,6,3,8,7,86.90625,283.0,12.0,440993,285.0,2025/26,13,18.120476815332676,128.0
300,MID,Everton,Dwight McNeil,1161,22,53,0,3,6,1,52.77272727272727,111.0,4.0,433154,111.0,2025/26,13,0.38687756937709156,53.0
301,MID,Everton,Carlos Alcaraz Durán,679,20,29,0,1,3,0,33.95,70.0,0.0,502697,70.0,2025/26,13,0.01740991797929346,29.0
302,MID,Everton,Idrissa Gana Gueye,2094,25,83,2,3,5,4,83.76,218.0,10.0,80801,216.0,2025/26,13,12.314020500643263,83.0
303,MID,Everton,James Garner,3413,38,159,2,7,11,13,89.8157894736842,458.0,40.0,232928,458.0,2025/26,13,62.31450979511152,159.0
304,MID,Everton,Tim Iroegbunam,1477,29,68,0,3,8,1,50.93103448275862,189.0,14.0,490094,189.0,2025/26,13,3.00942256738577,68.0
305,MID,Everton,Harrison Armstrong,524,13,21,0,0,1,0,40.30769230769231,50.0,2.0,609873,51.0,2025/26,13,0.030418616266699595,21.0
310,FWD,Everton,Thierno Barry,1898,38,95,8,0,7,9,49.94736842105263,74.0,0.0,586309,75.0,2025/26,13,0.0002037266482106975,95.0
311,FWD,Everton,Norberto Bercique Gomes Betuncal,1551,37,104,9,1,5,15,41.91891891891892,89.0,0.0,486385,90.0,2025/26,13,0.0016041778852200557,104.0
314,GKP,Fulham,Bernd Leno,3420,38,122,0,0,9,8,90.0,0.0,0.0,80201,50.0,2025/26,11,0.0,122.0
316,DEF,Fulham,Antonee Robinson,1487,22,65,1,0,4,7,67.5909090909091,136.0,8.0,169528,135.0,2025/26,11,5.204623251204446,65.0
317,DEF,Fulham,Joachim Andersen,2882,33,123,0,1,8,8,87.33333333333333,329.0,40.0,174874,329.0,2025/26,11,44.88116360996206,123.0
318,DEF,Fulham,Calvin Bassey,2532,30,103,1,1,7,9,84.4,205.0,16.0,232892,204.0,2025/26,11,11.356020904850363,103.0
319,DEF,Fulham,Timothy Castagne,1838,30,61,0,2,3,3,61.266666666666666,146.0,4.0,166477,146.0,2025/26,11,2.065275952318364,61.0
320,DEF,Fulham,Issa Diop,812,13,31,1,0,1,3,62.46153846153846,61.0,2.0,219924,61.0,2025/26,11,0.7223250814607665,31.0
321,DEF,Fulham,Jorge Cuenca Barreno,935,15,39,0,0,2,1,62.333333333333336,117.0,14.0,246301,117.0,2025/26,11,9.811956677589116,39.0
322,DEF,Fulham,Kenny Tete,1791,22,81,1,0,6,5,81.4090909090909,165.0,14.0,167074,166.0,2025/26,11,12.719190855288968,81.0
324,MID,Fulham,Alex Iwobi,2420,29,103,4,3,5,13,83.44827586206897,188.0,2.0,153133,189.0,2025/26,11,3.00942256738577,103.0
325,MID,Fulham,Emile Smith Rowe,1909,37,80,3,1,6,1,51.5945945945946,148.0,0.0,209289,147.0,2025/26,11,0.09634119105925694,80.0
326,MID,West Ham,Adama Traoré Diarra,376,24,25,0,0,0,0,20.0,18.0,0.0,159533,18.0,2025/26,18,2.9060049992248437e-08,25.0
328,MID,Fulham,Ryan Sessegnon,1816,27,95,3,3,6,8,67.25925925925925,218.0,10.0,184349,219.0,2025/26,11,9.768538439935472,95.0
329,MID,Fulham,Harry Wilson,2674,36,168,10,9,9,21,74.27777777777777,177.0,2.0,153682,177.0,2025/26,11,0.5204822489506806,168.0
330,MID,Fulham,Sander Berge,2904,35,91,0,3,8,3,82.97142857142858,280.0,10.0,207189,281.0,2025/26,11,12.01833769753815,91.0
331,MID,Fulham,Tom Cairney,756,24,41,2,0,2,1,31.5,61.0,0.0,76357,62.0,2025/26,11,0.001251496173907802,41.0
332,MID,Fulham,Saša Lukić,1730,26,67,1,4,6,4,66.53846153846153,183.0,6.0,212314,183.0,2025/26,11,4.315724246010333,67.0
335,MID,Fulham,Josh King,1290,32,63,1,3,5,3,40.3125,107.0,0.0,577725,108.0,2025/26,11,0.020152664870003632,63.0
336,MID,Fulham,Harrison Reed,89,7,15,1,0,0,2,20.0,6.0,0.0,153366,6.0,2025/26,11,2.924052507174508e-07,15.0
337,FWD,Fulham,Raúl Jiménez Rodríguez,2183,36,112,9,5,9,7,60.638888888888886,132.0,0.0,102057,131.0,2025/26,11,0.06584683131934586,112.0
338,FWD,Fulham,Rodrigo Muniz Carvalho,987,21,36,1,1,3,3,47.0,52.0,0.0,244042,52.0,2025/26,11,0.0010837289934527122,36.0
341,GKP,Leeds,Karl Darlow,1980,22,71,0,0,5,3,90.0,0.0,0.0,59735,30.0,2025/26,14,0.0,71.0
342,DEF,Leeds,Jayden Bogle,2795,34,96,1,5,6,1,82.20588235294117,178.0,4.0,226182,178.0,2025/26,14,3.5380851008005565,96.0
343,DEF,Leeds,Pascal Struijk,2935,34,108,0,1,7,4,86.32352941176471,297.0,26.0,222694,296.0,2025/26,14,32.120720067985786,108.0
344,DEF,Leeds,Jaka Bijol,1888,25,99,1,3,5,6,75.52,219.0,22.0,434752,224.0,2025/26,14,25.72911286010415,99.0
345,DEF,Leeds,Sebastiaan Bornauw,429,12,25,0,0,2,0,35.75,49.0,2.0,437738,49.0,2025/26,14,0.28177994341375145,25.0
346,DEF,Leeds,Sam Byram,8,2,2,0,0,0,0,20.0,3.0,0.0,113564,3.0,2025/26,14,0.22597701812628468,2.0
347,DEF,Leeds,Gabriel Gudmundsson,2637,32,68,0,0,5,8,82.40625,184.0,4.0,243526,182.0,2025/26,14,5.181725750187084,68.0
348,DEF,Leeds,Joe Rodon,2952,35,109,2,0,6,5,84.34285714285714,274.0,20.0,214225,273.0,2025/26,14,22.894565581041288,109.0
350,MID,Leeds,Brenden Aaronson,2449,37,126,4,8,9,5,66.1891891891892,216.0,6.0,427637,216.0,2025/26,14,1.8589052798318673,126.0
351,MID,Leeds,Wilfried Gnonto,521,23,32,0,3,1,0,22.652173913043477,59.0,0.0,492859,59.0,2025/26,14,0.001120504657780831,32.0
352,MID,Leeds,Jack Harrison,262,11,12,0,0,0,0,23.818181818181817,24.0,0.0,221399,24.0,2025/26,14,0.00010884397355950932,12.0
353,MID,Leeds,Daniel James,547,19,23,0,0,1,0,28.789473684210527,35.0,0.0,200617,35.0,2025/26,14,3.362080289014856e-05,23.0
354,MID,Leeds,Ethan Ampadu,3119,35,134,1,4,8,11,89.11428571428571,416.0,38.0,199598,414.0,2025/26,14,54.68072986137743,134.0
356,MID,Leeds,Ilia Gruev,1318,23,56,0,4,5,3,57.30434782608695,114.0,2.0,486520,115.0,2025/26,14,0.37779067341755973,56.0
358,MID,Leeds,Tanaka Ao,1307,28,67,2,1,3,4,46.67857142857143,147.0,8.0,248056,146.0,2025/26,14,0.6291911097015436,67.0
362,FWD,Leeds,Joël Piroe,244,16,17,0,0,1,0,20.0,14.0,0.0,235826,13.0,2025/26,14,9.204803626477352e-08,17.0
365,FWD,Leeds,Lukas Nmecha,1065,31,73,6,1,3,8,34.354838709677416,57.0,0.0,174594,58.0,2025/26,14,9.611264765092667e-05,73.0
366,GKP,Liverpool,Alisson Becker,2340,26,91,0,0,8,8,90.0,0.0,0.0,116535,37.0,2025/26,5,0.0,91.0
367,GKP,Liverpool,Giorgi Mamardashvili,867,10,34,0,0,2,2,86.7,0.0,0.0,449027,11.0,2025/26,5,0.0,34.0
369,GKP,Liverpool,Freddie Woodman,212,3,6,0,0,0,0,70.66666666666667,0.0,0.0,155503,4.0,2025/26,5,0.0,6.0
370,DEF,Liverpool,Jeremie Frimpong,1032,21,63,0,5,5,1,49.142857142857146,30.0,0.0,216094,30.0,2025/26,5,0.00014231466501497166,63.0
371,DEF,Liverpool,Milos Kerkez,2251,34,85,2,1,6,4,66.20588235294117,134.0,2.0,544877,134.0,2025/26,5,0.634170918996966,85.0
372,DEF,Liverpool,Andrew Robertson,1165,24,55,1,0,4,4,48.541666666666664,55.0,0.0,122798,55.0,2025/26,5,0.00848025953831735,55.0
373,DEF,Liverpool,Virgil van Dijk,3420,38,175,6,1,10,10,90.0,352.0,32.0,97032,351.0,2025/26,5,42.60729704056116,175.0
374,DEF,Liverpool,Ibrahima Konaté,3090,36,129,1,0,10,8,85.83333333333333,293.0,26.0,204716,296.0,2025/26,5,28.316058954354208,129.0
375,DEF,Liverpool,Conor Bradley,928,15,42,0,2,4,2,61.86666666666667,65.0,2.0,492777,65.0,2025/26,5,0.5133046362726535,42.0
376,DEF,Liverpool,Joe Gomez,594,21,33,0,2,2,2,28.285714285714285,46.0,0.0,171287,46.0,2025/26,5,0.0051695612558650145,33.0
381,MID,Liverpool,Mohamed Salah,2144,27,123,7,7,7,11,79.4074074074074,109.0,0.0,118748,110.0,2025/26,5,0.0868056414744693,123.0
382,MID,Liverpool,Florian Wirtz,2374,33,125,5,4,10,17,71.93939393939394,176.0,2.0,494595,175.0,2025/26,5,0.8393405951253745,125.0
384,MID,Liverpool,Cody Gakpo,2736,36,131,7,5,10,5,76.0,152.0,2.0,243298,153.0,2025/26,5,0.1641946043337559,131.0
385,MID,Liverpool,Federico Chiesa,317,26,37,2,1,0,0,20.0,30.0,0.0,223541,30.0,2025/26,5,3.708053449792298e-05,37.0
386,MID,Liverpool,Alexis Mac Allister,2654,37,108,2,5,7,9,71.72972972972973,229.0,8.0,243016,230.0,2025/26,5,2.8326834062132664,108.0
387,MID,Liverpool,Dominik Szoboszlai,3232,36,160,6,7,9,21,89.77777777777777,338.0,20.0,424876,339.0,2025/26,5,25.9364499466054,160.0
388,MID,Liverpool,Curtis Jones,1923,34,81,1,3,3,6,56.55882352941177,237.0,8.0,206915,237.0,2025/26,5,5.328828181232408,81.0
389,MID,Aston Villa,Harvey Elliott,110,5,5,0,0,0,0,22.0,6.0,0.0,444884,6.0,2025/26,4,9.295752747412004e-08,5.0
390,MID,Liverpool,Ryan Gravenberch,2991,36,144,5,5,9,17,83.08333333333333,298.0,14.0,441266,300.0,2025/26,5,14.907443492894002,144.0
391,MID,Bournemouth,Ben Gannon-Doak,105,8,11,0,1,0,0,20.0,13.0,0.0,496208,13.0,2025/26,6,0.0001815012260916477,11.0
392,MID,Liverpool,Endo Wataru,170,8,12,0,1,1,0,21.25,23.0,0.0,158983,23.0,2025/26,5,0.0011559361910580552,12.0
396,MID,Liverpool,Trey Nyoni,21,6,6,0,0,0,0,20.0,5.0,0.0,591386,5.0,2025/26,5,0.011869454939585798,6.0
400,GKP,Nott'm Forest,Stefan Ortega Moreno,270,3,11,0,0,1,0,90.0,0.0,0.0,88248,1.0,2025/26,16,0.0,11.0
402,DEF,Man City,Rayan Aït-Nouri,971,17,60,0,2,5,9,57.11764705882353,67.0,2.0,448514,67.0,2025/26,2,0.317085459498483,60.0
403,DEF,Man City,Joško Gvardiol,1370,18,79,2,2,6,5,76.11111111111111,103.0,6.0,477424,104.0,2025/26,2,3.1597302519505557,79.0
405,DEF,Man City,Nathan Aké,686,18,36,0,0,3,1,38.111111111111114,46.0,2.0,126184,45.0,2025/26,2,0.012613953485618376,36.0
406,DEF,Man City,Abdukodir Khusanov,1427,21,67,0,0,6,3,67.95238095238095,123.0,10.0,578153,125.0,2025/26,2,4.28114020127229,67.0
407,DEF,Man City,Matheus Nunes,2861,34,154,1,8,12,16,84.1470588235294,195.0,8.0,465351,195.0,2025/26,2,5.747626793725835,154.0
408,DEF,Man City,Rúben dos Santos Gato Alves Dias,2139,26,113,2,0,12,4,82.26923076923077,167.0,10.0,171314,170.0,2025/26,2,8.273453508649743,113.0
409,DEF,Man City,John Stones,436,9,16,0,0,1,0,48.44444444444444,30.0,2.0,97299,31.0,2025/26,2,0.06745022501905097,16.0
410,DEF,Man City,Rico Lewis,401,11,19,0,1,1,2,36.45454545454545,19.0,0.0,477064,19.0,2025/26,2,0.0003807531544636206,19.0
411,DEF,Man City,Nico O'Reilly,2643,34,160,5,4,14,10,77.73529411764706,172.0,2.0,472769,172.0,2025/26,2,2.9218410932997227,160.0
413,MID,Man City,Omar Marmoush,691,21,56,3,3,4,5,32.904761904761905,39.0,0.0,438234,39.0,2025/26,2,4.040955594336917e-05,56.0
414,MID,Man City,Phil Foden,2078,33,131,7,5,11,13,62.96969696969697,160.0,6.0,209244,160.0,2025/26,2,0.42872895918297743,131.0
415,MID,Man City,Sávio Moreira de Oliveira,817,24,43,1,2,3,1,34.041666666666664,59.0,0.0,510281,59.0,2025/26,2,0.0007731407673579442,43.0
416,MID,Man City,Bernardo Mota Veiga de Carvalho e Silva,2869,38,102,2,4,13,4,75.5,262.0,4.0,165809,262.0,2025/26,2,5.5785526850518785,102.0
417,MID,Man City,Rayan Cherki,1772,33,135,4,13,8,16,53.696969696969695,135.0,4.0,466052,132.0,2025/26,2,0.09097548108257823,135.0
418,MID,Man City,Jérémy Doku,1773,30,120,5,8,8,15,59.1,126.0,0.0,248875,126.0,2025/26,2,0.12414927588881682,120.0
419,MID,Everton,Jack Grealish,1627,20,79,2,6,7,12,81.35,135.0,0.0,114283,137.0,2025/26,13,2.8231101608721443,79.0
421,MID,Man City,Rodrigo 'Rodri' Hernandez Cascante,1510,21,69,1,1,5,6,71.9047619047619,206.0,16.0,220566,206.0,2025/26,2,17.824144780212446,69.0
422,MID,Man City,Mateo Kovačić,125,6,9,0,1,0,0,20.833333333333332,18.0,0.0,91651,18.0,2025/26,2,0.0012901752395539736,9.0
423,MID,Man City,Nico González Iglesias,1561,25,63,1,0,7,1,62.44,206.0,14.0,465694,206.0,2025/26,2,9.791319756589758,63.0
424,MID,Fulham,Oscar Bobb,1030,23,42,0,2,4,0,44.78260869565217,76.0,0.0,477555,75.0,2025/26,11,0.010625799664084255,42.0
426,MID,Nott'm Forest,James McAtee,288,14,17,0,1,0,0,20.571428571428573,32.0,0.0,432714,32.0,2025/26,16,0.00022024840470499807,17.0
427,MID,Man City,Tijjani Reijnders,1623,28,92,5,3,7,6,57.964285714285715,100.0,2.0,433036,99.0,2025/26,2,0.026659920801429735,92.0
430,FWD,Man City,Erling Haaland,2953,35,239,27,8,13,43,84.37142857142857,104.0,0.0,223094,104.0,2025/26,2,0.010277902553992887,239.0
431,GKP,Man Utd,Altay Bayındır,540,6,11,0,0,0,0,90.0,0.0,0.0,451302,7.0,2025/26,3,0.0,11.0
436,DEF,Man Utd,Matthijs de Ligt,1170,13,43,1,0,1,5,90.0,107.0,8.0,209365,109.0,2025/26,3,10.908242277028924,43.0
437,DEF,Man Utd,Lisandro Martínez,1229,18,51,0,0,5,3,68.27777777777777,105.0,8.0,221820,105.0,2025/26,3,3.31678806971622,51.0
438,DEF,Man Utd,Noussair Mazraoui,977,20,53,0,0,5,6,48.85,94.0,2.0,230001,98.0,2025/26,3,1.4323569360842854,53.0
440,DEF,Man Utd,Diogo Dalot Teixeira,2609,34,111,1,6,7,9,76.73529411764706,180.0,6.0,216051,181.0,2025/26,3,3.877226176553157,111.0
441,DEF,Man Utd,Patrick Dorgu,1440,26,95,4,4,4,11,55.38461538461539,98.0,2.0,596777,98.0,2025/26,3,0.3608149143790841,95.0
442,DEF,Man Utd,Harry Maguire,1649,23,90,1,2,7,5,71.69565217391305,151.0,16.0,95658,151.0,2025/26,3,7.454897103445775,90.0
443,DEF,Man Utd,Luke Shaw,3220,38,113,1,1,10,3,84.73684210526316,224.0,10.0,106760,224.0,2025/26,3,7.380388373066461,113.0
444,DEF,Man Utd,Leny Yoro,1730,32,56,0,1,2,1,54.0625,156.0,6.0,550864,159.0,2025/26,3,2.4829107959535084,56.0
446,DEF,Man Utd,Tyler Fredricson,2,1,1,0,0,0,0,20.0,2.0,0.0,547676,2.0,2025/26,3,0.2514040983072104,1.0
447,DEF,Man Utd,Ayden Heaven,920,17,42,0,1,2,3,54.11764705882353,93.0,10.0,606745,94.0,2025/26,3,2.3760559011257105,42.0
448,DEF,Man Utd,Tyrell Malacia,15,3,3,0,0,0,0,20.0,4.0,0.0,222690,4.0,2025/26,3,0.08638711375732122,3.0
449,MID,Man Utd,Bruno Borges Fernandes,3065,35,235,9,24,7,41,87.57142857142857,287.0,10.0,141746,288.0,2025/26,3,13.61331864258077,235.0
450,MID,Man Utd,Matheus Santos Carneiro da Cunha,2493,33,143,10,4,8,14,75.54545454545455,211.0,2.0,430871,212.0,2025/26,3,3.1259497281483606,143.0
452,MID,Man Utd,Amad Diallo,2339,32,91,2,5,6,7,73.09375,198.0,0.0,493250,200.0,2025/26,3,2.53826472082582,91.0
453,MID,Chelsea,Alejandro Garnacho Ferreyra,1261,24,56,1,4,4,3,52.541666666666664,71.0,0.0,493105,70.0,2025/26,10,0.003968758612319718,56.0
455,MID,Man Utd,Mason Mount,1010,23,58,3,0,5,3,43.91304347826087,102.0,4.0,184341,103.0,2025/26,3,0.16024648234966055,58.0
456,MID,Aston Villa,Jadon Sancho,863,23,37,0,2,2,0,37.52173913043478,44.0,0.0,209243,44.0,2025/26,4,6.0033860416260734e-05,37.0
457,MID,Man Utd,Carlos Henrique Casimiro,2575,34,165,9,4,9,20,75.73529411764706,355.0,28.0,61256,359.0,2025/26,3,37.711360822943725,165.0
458,MID,Man Utd,Kobbie Mainoo,1653,28,73,1,2,6,2,59.035714285714285,187.0,12.0,516895,186.0,2025/26,3,3.2744781762853723,73.0
459,MID,Man Utd,Manuel Ugarte Ribeiro,876,22,38,0,0,1,0,39.81818181818182,142.0,8.0,232112,142.0,2025/26,3,2.147402985347531,38.0
462,MID,Man Utd,Jack Fletcher,107,3,3,0,0,0,0,35.666666666666664,11.0,0.0,547037,11.0,2025/26,3,0.003927778850036098,3.0
466,FWD,Man Utd,Joshua Zirkzee,607,24,42,2,1,2,6,25.291666666666668,44.0,0.0,458249,42.0,2025/26,3,3.726055212448387e-05,42.0
469,GKP,Newcastle,Nick Pope,2416,27,96,0,1,7,3,89.48148148148148,0.0,0.0,98747,36.0,2025/26,12,0.0,96.0
470,GKP,Burnley,Martin Dúbravka,3150,35,96,0,0,4,7,90.0,0.0,0.0,67089,60.0,2025/26,19,0.0,96.0
473,DEF,Newcastle,Lewis Hall,2176,30,79,1,2,4,4,72.53333333333333,173.0,10.0,487838,173.0,2025/26,12,5.214823822652474,79.0
474,DEF,Newcastle,Fabian Schär,1089,16,51,0,0,4,0,68.0625,115.0,12.0,119471,115.0,2025/26,12,7.641232068500302,51.0
475,DEF,Newcastle,Sven Botman,1834,25,89,1,1,5,6,73.36,216.0,22.0,220237,216.0,2025/26,12,23.073208304575797,89.0
476,DEF,Newcastle,Dan Burn,2195,29,93,1,3,6,5,75.6896551724138,225.0,20.0,78916,225.0,2025/26,12,18.60509618136723,93.0
477,DEF,Newcastle,Tino Livramento,1326,17,59,0,1,6,3,78.0,68.0,2.0,441191,69.0,2025/26,12,0.3839855312125751,59.0
478,DEF,Newcastle,Kieran Trippier,1586,21,54,0,1,5,2,75.52380952380952,82.0,2.0,77794,85.0,2025/26,12,0.46593450015850263,54.0
479,DEF,Newcastle,Emil Krafth,45,1,0,0,0,0,0,45.0,1.0,0.0,111773,1.0,2025/26,12,2.8153460038385724e-07,0.0
480,DEF,Newcastle,Jamaal Lascelles,19,2,1,0,0,0,0,20.0,5.0,0.0,101148,5.0,2025/26,12,0.10178711584067132,1.0
481,DEF,Newcastle,Alex Murphy,7,2,2,0,0,0,0,20.0,4.0,0.0,545477,4.0,2025/26,12,0.6226904261894932,2.0
485,MID,Newcastle,Anthony Gordon,1798,26,101,6,4,8,10,69.15384615384616,91.0,0.0,232826,92.0,2025/26,12,0.024925685774933592,101.0
486,MID,Newcastle,Anthony Elanga,1302,32,48,0,1,2,0,40.6875,55.0,0.0,449434,55.0,2025/26,12,2.7586618857607788e-05,48.0
487,MID,Newcastle,Harvey Barnes,1951,37,106,7,1,5,9,52.729729729729726,100.0,0.0,201666,100.0,2025/26,12,0.002977098118613874,106.0
488,MID,Newcastle,Bruno Guimarães Rodriguez Moura,2456,29,154,9,7,6,22,84.6896551724138,251.0,10.0,208706,251.0,2025/26,12,14.40213890470185,154.0
489,MID,Newcastle,Jacob Murphy,1606,33,82,3,2,8,5,48.666666666666664,90.0,0.0,114243,90.0,2025/26,12,0.0028946210308591013,82.0
490,MID,Newcastle,Joelinton Cássio Apolinário de Lira,1950,27,73,2,1,5,2,72.22222222222223,238.0,16.0,180974,236.0,2025/26,12,14.036233354269783,73.0
491,MID,Newcastle,Sandro Tonali,2534,35,81,0,2,7,2,72.4,257.0,8.0,432422,257.0,2025/26,12,7.420041630467003,81.0
493,MID,Leeds,Sean Longstaff,1003,23,56,2,2,1,5,43.608695652173914,110.0,4.0,180135,110.0,2025/26,14,0.26888779508795224,56.0
494,MID,Newcastle,Joe Willock,972,24,38,0,2,3,0,40.5,89.0,0.0,200089,89.0,2025/26,12,0.03466125651360728,38.0
497,MID,Newcastle,Lewis Miley,1493,23,72,1,4,2,5,64.91304347826087,155.0,10.0,547719,155.0,2025/26,12,2.939509466543771,72.0
499,FWD,Liverpool,Alexander Isak,694,14,41,3,1,1,4,49.57142857142857,30.0,0.0,219168,30.0,2025/26,5,0.0001725937623356214,41.0
500,FWD,Newcastle,William Osula,805,24,76,7,1,2,13,33.541666666666664,31.0,0.0,538207,31.0,2025/26,12,1.4813570429679947e-06,76.0
501,FWD,Newcastle,Sean Neave,13,1,1,0,0,0,0,20.0,0.0,0.0,599303,0.0,2025/26,12,0.0,1.0
502,GKP,Nott'm Forest,Matz Sels,2667,31,105,0,0,7,3,86.03225806451613,0.0,0.0,85633,27.0,2025/26,16,0.0,105.0
505,DEF,Nott'm Forest,Nikola Milenković,3375,38,119,0,1,9,2,88.8157894736842,311.0,26.0,227444,314.0,2025/26,16,30.38982069149441,119.0
506,DEF,Nott'm Forest,Murillo Costa dos Santos,2130,25,83,1,0,6,3,85.2,223.0,20.0,575476,223.0,2025/26,16,25.396280167045266,83.0
507,DEF,Nott'm Forest,Ola Aina,1587,18,67,0,2,6,5,88.16666666666667,130.0,4.0,159506,130.0,2025/26,16,8.765531761788544,67.0
508,DEF,Nott'm Forest,Neco Williams,3203,37,128,2,3,9,15,86.56756756756756,247.0,8.0,215136,248.0,2025/26,16,13.151649385010476,128.0
510,DEF,Nott'm Forest,Jair Paula da Cunha Filho,514,9,13,0,0,0,0,57.111111111111114,47.0,2.0,575458,47.0,2025/26,16,0.9237247319224403,13.0
511,DEF,Nott'm Forest,Felipe Rodrigues da Silva,1340,21,53,1,0,2,1,63.80952380952381,144.0,14.0,485047,143.0,2025/26,16,7.997504938036339,53.0
513,DEF,Nott'm Forest,Zach Abbott,165,3,3,0,0,0,0,55.0,13.0,0.0,549067,13.0,2025/26,16,0.1026609272545307,3.0
515,MID,Nott'm Forest,Morgan Gibbs-White,3101,37,188,15,4,10,18,83.8108108108108,178.0,2.0,222531,178.0,2025/26,16,0.4526689348688509,188.0
516,MID,Nott'm Forest,Callum Hudson-Odoi,1838,30,88,3,4,6,8,61.266666666666666,106.0,0.0,209046,106.0,2025/26,16,0.028395073824864003,88.0
517,MID,Nott'm Forest,Elliot Anderson,3332,38,180,4,5,10,16,87.6842105263158,515.0,52.0,215379,516.0,2025/26,16,80.45046954754586,180.0
518,MID,Nott'm Forest,João Pedro Ferreira da Silva,11,1,1,0,0,0,0,20.0,3.0,0.0,510500,3.0,2025/26,16,0.01715412810144272,1.0
519,MID,Nott'm Forest,Nicolás Domínguez,1168,27,48,1,1,3,3,43.25925925925926,143.0,2.0,250199,143.0,2025/26,16,0.6803875171005552,48.0
521,MID,Nott'm Forest,Ibrahim Sangaré,2073,28,89,2,2,8,2,74.03571428571429,267.0,18.0,210462,267.0,2025/26,16,21.23961941146024,89.0
522,MID,Nott'm Forest,Ryan Yates,602,22,30,0,2,0,0,27.363636363636363,69.0,2.0,204968,69.0,2025/26,16,0.007128901474628605,30.0
525,FWD,Nott'm Forest,Chris Wood,896,15,41,3,0,2,4,59.733333333333334,29.0,0.0,60689,29.0,2025/26,16,6.511572129713422e-05,41.0
526,FWD,Nott'm Forest,Igor Jesus Maciel da Cruz,2293,37,114,6,6,9,13,61.972972972972975,123.0,0.0,482973,123.0,2025/26,16,0.03036537838703099,114.0
527,FWD,Nott'm Forest,Taiwo Awoniyi,480,17,43,4,2,1,4,28.235294117647058,26.0,0.0,210156,26.0,2025/26,16,6.410293159466274e-06,43.0
531,DEF,Sunderland,Daniel Ballard,2144,29,116,2,2,6,9,73.93103448275862,264.0,30.0,223827,262.0,2025/26,7,30.564820587807198,116.0
532,DEF,Sunderland,Trai Hume,3032,38,110,2,1,9,6,79.78947368421052,203.0,4.0,487676,203.0,2025/26,7,4.416186531717445,110.0
535,DEF,Sunderland,Dennis Cirkin,319,8,14,0,0,1,0,39.875,28.0,2.0,461195,28.0,2025/26,7,0.06700596834207169,14.0
539,DEF,Sunderland,Luke O'Nien,565,12,26,0,1,2,1,47.083333333333336,43.0,2.0,167512,43.0,2025/26,7,0.11819925905630263,26.0
541,DEF,Sunderland,Reinildo Mandava,1966,25,74,0,2,6,6,78.64,164.0,8.0,434399,165.0,2025/26,7,8.297629731016123,74.0
542,DEF,Sunderland,Jenson Seelt,133,2,2,0,0,0,0,66.5,12.0,0.0,519634,12.0,2025/26,7,0.424095367597508,2.0
543,MID,Sunderland,Simon Adingra,649,14,34,1,1,4,3,46.357142857142854,45.0,0.0,535818,44.0,2025/26,7,0.004623360524983502,34.0
544,MID,Sunderland,Habib Diarra,1403,20,65,2,6,5,3,70.15,79.0,0.0,547027,79.0,2025/26,7,0.04958755526201108,65.0
545,MID,Sunderland,Patrick Roberts,27,1,1,0,0,0,0,27.0,1.0,0.0,124165,1.0,2025/26,7,2.504959385782698e-09,1.0
547,MID,Sunderland,Enzo Le Fée,2930,36,147,5,6,10,16,81.38888888888889,319.0,16.0,484420,320.0,2025/26,7,20.20712429404372,147.0
548,MID,Sunderland,Romaine Mundle,399,14,14,0,0,0,0,28.5,33.0,0.0,461199,34.0,2025/26,7,0.00040035275079376833,14.0
549,MID,Sunderland,Dan Neil,13,3,3,0,0,0,0,20.0,2.0,0.0,223336,2.0,2025/26,7,0.00017665877421438287,3.0
551,MID,Sunderland,Chris Rigg,758,18,36,1,1,3,1,42.111111111111114,57.0,0.0,554197,57.0,2025/26,7,0.006369269813077208,36.0
552,MID,Sunderland,Noah Sadiki,2891,33,80,0,2,9,0,87.60606060606061,248.0,8.0,577669,249.0,2025/26,7,8.143952099194001,80.0
553,MID,Sunderland,Chemsdine Talbi,1553,28,83,4,2,7,6,55.464285714285715,92.0,0.0,549912,92.0,2025/26,7,0.013854992666510552,83.0
560,FWD,Sunderland,Wilson Isidor,1148,32,74,6,1,4,7,35.875,51.0,0.0,437505,51.0,2025/26,7,1.8654265384272085e-05,74.0
561,FWD,Sunderland,Eliezer Mayenda Dossou,751,20,40,2,0,3,5,37.55,26.0,0.0,564406,26.0,2025/26,7,1.323360640896453e-06,40.0
565,GKP,Spurs,Guglielmo Vicario,2790,31,90,0,0,7,6,90.0,0.0,0.0,184254,38.0,2025/26,17,0.0,90.0
567,GKP,Spurs,Antonín Kinský,630,7,20,0,0,2,0,90.0,0.0,0.0,485055,10.0,2025/26,17,0.0,20.0
568,DEF,Spurs,Pedro Porro Sauceda,2793,34,117,1,3,9,8,82.1470588235294,218.0,16.0,441164,219.0,2025/26,17,10.104801251510708,117.0
569,DEF,Spurs,Cristian Romero,1869,23,91,4,1,5,10,81.26086956521739,197.0,18.0,221632,196.0,2025/26,17,20.33099629277807,91.0
570,DEF,Spurs,Kevin Danso,1489,24,63,0,0,4,1,62.041666666666664,192.0,24.0,135720,198.0,2025/26,17,19.0918065193312,63.0
571,DEF,Spurs,Ben Davies,136,3,10,1,0,0,1,45.333333333333336,14.0,0.0,115556,15.0,2025/26,17,0.24125629610913985,10.0
572,DEF,Spurs,Radu Drăgușin,515,10,17,0,0,0,0,51.5,75.0,8.0,493125,75.0,2025/26,17,5.649425453157116,17.0
573,DEF,Spurs,Djed Spence,2049,30,78,0,0,9,3,68.3,116.0,2.0,232859,117.0,2025/26,17,0.5222324545615193,78.0
574,DEF,Spurs,Destiny Udogie,1335,20,29,0,1,1,1,66.75,68.0,0.0,487053,68.0,2025/26,17,0.13688108034126029,29.0
575,DEF,Spurs,Micky van de Ven,3041,35,116,4,1,9,10,86.88571428571429,212.0,6.0,491279,214.0,2025/26,17,8.137266196664449,116.0
580,MID,Crystal Palace,Brennan Johnson,1710,34,65,2,1,6,2,50.294117647058826,121.0,0.0,242898,122.0,2025/26,15,0.036853652620073174,65.0
581,MID,Spurs,James Maddison,34,3,3,0,0,0,0,20.0,5.0,0.0,172780,5.0,2025/26,17,0.00030399497024080803,3.0
582,MID,Spurs,Mohammed Kudus,1535,19,75,2,6,7,7,80.78947368421052,133.0,0.0,460842,133.0,2025/26,17,3.053272283049595,75.0
584,MID,Spurs,Mathys Tel,1334,31,78,4,2,3,7,43.03225806451613,111.0,0.0,511499,111.0,2025/26,17,0.03298345664215892,78.0
585,MID,Spurs,Rodrigo Bentancur,1880,26,86,1,1,8,4,72.3076923076923,278.0,26.0,202993,276.0,2025/26,17,29.362711767932428,86.0
586,MID,Spurs,Lucas Bergvall,955,23,49,1,3,3,0,41.52173913043478,79.0,2.0,570526,78.0,2025/26,17,0.01512303314131466,49.0
587,MID,Spurs,Yves Bissouma,600,11,17,0,0,1,0,54.54545454545455,74.0,4.0,227127,75.0,2025/26,17,1.5095312788462547,17.0
588,MID,Spurs,Wilson Odobert,972,24,46,0,2,2,6,40.5,77.0,0.0,550839,78.0,2025/26,17,0.010757391145994714,46.0
591,MID,Spurs,Archie Gray,1471,24,61,2,2,5,6,61.291666666666664,132.0,0.0,547701,133.0,2025/26,17,0.8382235816349866,61.0
593,MID,Spurs,Pape Matar Sarr,1388,26,71,2,4,3,2,53.38461538461539,183.0,8.0,482442,185.0,2025/26,17,4.599898564032074,71.0
595,MID,Spurs,Callum Olusesi,14,1,1,0,0,0,0,20.0,2.0,0.0,499726,2.0,2025/26,17,9.538853684844134e-05,1.0
596,FWD,Spurs,Dominic Solanke-Mitchell,997,15,40,3,0,0,4,66.46666666666667,71.0,0.0,154566,72.0,2025/26,17,0.26921975433038875,40.0
597,FWD,Spurs,Richarlison de Andrade,1954,32,119,11,4,7,17,61.0625,147.0,0.0,212319,147.0,2025/26,17,0.40748662774415206,119.0
599,FWD,Spurs,Dane Scarlett,7,2,2,0,0,0,0,20.0,1.0,0.0,490145,1.0,2025/26,17,7.119464510772071e-05,2.0
600,GKP,West Ham,Alphonse Areola,1800,20,51,0,1,0,2,90.0,0.0,0.0,84182,30.0,2025/26,18,0.0,51.0
603,DEF,West Ham,El Hadji Malick Diouf,2706,32,104,0,6,9,3,84.5625,205.0,8.0,613804,206.0,2025/26,18,9.485491542378108,104.0
605,DEF,West Ham,Maximilian Kilman,1559,21,36,0,0,1,0,74.23809523809524,160.0,12.0,214048,160.0,2025/26,18,12.595073368269409,36.0
606,DEF,West Ham,Konstantinos Mavropanos,2532,31,122,3,0,6,5,81.6774193548387,313.0,36.0,233963,313.0,2025/26,18,43.4021190322279,122.0
607,DEF,West Ham,Nayef Aguerd,180,2,3,0,0,0,0,90.0,15.0,2.0,210494,15.0,2025/26,18,1.1298850906314233,3.0
608,DEF,West Ham,Ollie Scarles,656,13,21,0,1,0,0,50.46153846153846,74.0,4.0,536109,74.0,2025/26,18,2.1142703037085564,21.0
609,DEF,West Ham,Jean-Clair Todibo,1817,23,46,0,1,1,1,79.0,165.0,16.0,462116,166.0,2025/26,18,11.17021958489594,46.0
610,DEF,West Ham,Aaron Wan-Bissaka,2080,25,67,0,3,3,0,83.2,174.0,16.0,214590,174.0,2025/26,18,10.452245450534827,67.0
612,MID,West Ham,Lucas Tolentino Coelho de Lima,1513,18,69,4,2,3,8,84.05555555555556,146.0,4.0,224024,146.0,2025/26,18,6.512358959956981,69.0
613,MID,West Ham,Tomáš Souček,2190,35,103,5,2,7,9,62.57142857142857,224.0,4.0,215439,223.0,2025/26,18,3.1446466249664677,103.0
614,MID,Burnley,James Ward-Prowse,1092,18,40,0,1,2,0,60.666666666666664,109.0,6.0,101178,109.0,2025/26,19,1.1588157595699788,40.0
615,MID,West Ham,Crysencio Summerville,2470,31,110,5,4,8,10,79.6774193548387,215.0,2.0,450070,215.0,2025/26,18,4.714524096667079,110.0
618,MID,West Ham,Guido Rodríguez,175,6,8,0,0,1,0,29.166666666666668,15.0,0.0,197024,15.0,2025/26,18,0.00022769277979663315,8.0
619,MID,West Ham,Luis Guilherme Lira dos Santos,121,5,5,0,0,0,0,24.2,11.0,0.0,577114,11.0,2025/26,18,5.375788154925804e-05,5.0
620,MID,West Ham,George Earthy,8,1,1,0,0,0,0,20.0,0.0,0.0,490885,0.0,2025/26,18,0.0,1.0
621,MID,West Ham,Andy Irving,156,7,9,0,0,0,0,22.285714285714285,22.0,0.0,229384,22.0,2025/26,18,0.002311680262491751,9.0
623,MID,West Ham,Freddie Potts,1162,22,37,0,1,1,0,52.81818181818182,119.0,2.0,490142,118.0,2025/26,18,0.6078064391702848,37.0
624,FWD,West Ham,Jarrod Bowen,3406,38,187,9,13,8,28,89.63157894736842,281.0,12.0,178186,282.0,2025/26,18,12.764452834082391,187.0
625,FWD,West Ham,Niclas Füllkrug,407,8,12,0,0,1,0,50.875,19.0,0.0,91889,19.0,2025/26,18,0.0002743394208634793,12.0
626,FWD,West Ham,Callum Marshall,58,2,2,0,0,0,0,29.0,3.0,0.0,565431,3.0,2025/26,18,6.136837242662674e-07,2.0
627,GKP,Wolves,Sam Johnstone,1080,12,21,0,0,0,0,90.0,0.0,0.0,101982,26.0,2025/26,20,0.0,21.0
628,GKP,Wolves,José Malheiro de Sá,2070,23,68,0,0,4,8,90.0,0.0,0.0,149065,48.0,2025/26,20,0.0,68.0
629,GKP,Wolves,Daniel Bentley,270,3,6,0,0,0,0,90.0,0.0,0.0,79602,5.0,2025/26,20,0.0,6.0
631,DEF,Wolves,Emmanuel Agbadou,1100,14,23,0,0,0,0,78.57142857142857,125.0,12.0,516939,125.0,2025/26,20,14.261852334647724,23.0
632,DEF,Wolves,Matt Doherty,786,11,14,0,0,1,0,71.45454545454545,66.0,0.0,87835,66.0,2025/26,20,2.332524521786294,14.0
633,DEF,Wolves,Hugo Bueno López,2359,35,83,1,3,4,4,67.4,172.0,6.0,490721,176.0,2025/26,20,2.9073383520242655,83.0
634,DEF,Wolves,Yerson Mosquera Valdelamar,2137,27,61,0,0,4,3,79.14814814814815,219.0,20.0,501837,223.0,2025/26,20,21.558831729359184,61.0
635,DEF,Wolves,Rodrigo Martins Gomes,954,22,48,3,0,1,0,43.36363636363637,45.0,0.0,483081,47.0,2025/26,20,0.004425724237355596,48.0
636,DEF,Wolves,Santiago Ignacio Bueno,2552,29,92,3,2,4,4,88.0,216.0,10.0,231480,214.0,2025/26,20,15.38380553145484,92.0
637,DEF,Wolves,Toti Gomes,1423,19,41,0,0,1,0,74.89473684210526,143.0,16.0,510362,144.0,2025/26,20,11.171006866396567,41.0
638,DEF,Wolves,Ki-Jana Hoever,423,8,10,0,0,0,0,52.875,40.0,2.0,441271,40.0,2025/26,20,0.6433501229577062,10.0
640,DEF,Wolves,Pedro Cardoso de Lima,257,9,10,0,0,0,0,28.555555555555557,19.0,0.0,641221,19.0,2025/26,20,0.0016441787001373286,10.0
642,MID,Wolves,Hwang Hee-chan,1439,26,54,2,2,2,0,55.34615384615385,96.0,0.0,184754,96.0,2025/26,20,0.03616570769889134,54.0
643,MID,Wolves,André Trindade da Costa Neto,2760,35,96,1,0,2,4,78.85714285714286,383.0,32.0,509291,387.0,2025/26,20,45.07545387066378,96.0
644,MID,Wolves,Jean-Ricner Bellegarde,1239,26,44,1,1,3,0,47.65384615384615,105.0,0.0,231057,105.0,2025/26,20,0.0776732151881767,44.0
645,MID,Wolves,Fer López González,228,9,12,0,1,0,0,25.333333333333332,12.0,0.0,643135,12.0,2025/26,20,5.243190247560428e-07,12.0
646,MID,Wolves,João Victor Gomes da Silva,2829,35,107,1,2,4,6,80.82857142857142,387.0,30.0,448089,388.0,2025/26,20,45.43495767235378,107.0
648,MID,Wolves,Marshall Munetsi,872,13,38,1,2,0,1,67.07692307692308,80.0,6.0,433312,80.0,2025/26,20,0.93139628829889,38.0
650,MID,Wolves,Tawanda Chirewa,25,2,2,0,0,0,0,20.0,4.0,0.0,497606,6.0,2025/26,20,0.015029500239224974,2.0
651,MID,Wolves,Tom Edozie,12,3,8,1,0,0,0,20.0,1.0,0.0,596054,2.0,2025/26,20,0.0003380029222123936,8.0
654,FWD,Crystal Palace,Jørgen Strand Larsen,2301,36,75,4,1,5,3,63.916666666666664,95.0,0.0,247412,95.0,2025/26,15,0.003439468099463543,75.0
656,FWD,Wolves,Saša Kalajdžić,14,1,1,0,0,0,0,20.0,2.0,0.0,429414,2.0,2025/26,20,0.00014238929021544142,1.0
659,DEF,West Ham,Kyle Walker-Peters,1378,23,53,1,0,4,0,59.91304347826087,93.0,4.0,158534,91.0,2025/26,18,0.4400581636589144,53.0
660,MID,Leeds,Anton Stach,2369,29,137,5,6,7,14,81.6896551724138,266.0,20.0,466525,265.0,2025/26,14,18.394393864459428,137.0
661,FWD,Liverpool,Hugo Ekitiké,1797,28,125,11,4,7,22,64.17857142857143,85.0,0.0,510663,85.0,2025/26,5,0.01002949742643824,125.0
662,DEF,Arsenal,Cristhian Mosquera,986,20,40,0,0,3,1,49.3,95.0,4.0,500040,94.0,2025/26,1,1.1221345751088467,40.0
663,MID,Wolves,Jhon Arias,1117,23,45,1,0,2,2,48.56521739130435,125.0,4.0,230376,126.0,2025/26,20,0.7400102596157135,45.0
665,GKP,Leeds,Lucas Estella Perri,1440,16,43,0,0,3,3,90.0,0.0,0.0,201595,16.0,2025/26,14,0.0,43.0
666,FWD,Arsenal,Viktor Gyökeres,2217,36,128,14,1,12,16,61.583333333333336,85.0,0.0,224117,85.0,2025/26,1,0.001165249794469662,128.0
668,MID,Sunderland,Granit Xhaka,2901,34,124,1,6,9,8,85.32352941176471,362.0,26.0,84450,363.0,2025/26,7,39.1398808836948,124.0
669,MID,Nott'm Forest,Dan Ndoye,1167,24,50,1,2,2,4,48.625,96.0,0.0,456512,97.0,2025/26,16,0.07217640455249003,50.0
670,GKP,Sunderland,Robin Roefs,3150,35,136,0,0,10,12,90.0,0.0,0.0,498016,37.0,2025/26,7,0.0,136.0
671,FWD,West Ham,Callum Wilson,1234,32,80,7,2,1,7,38.5625,41.0,0.0,75115,42.0,2025/26,18,2.3479963160676517e-06,80.0
672,DEF,Chelsea,Jorrel Hato,1139,22,19,0,0,0,0,51.77272727272727,99.0,2.0,551210,100.0,2025/26,10,1.009997007086168,19.0
673,MID,Spurs,João Maria Lobo Alves Palhares Costa Palhinha Gonçalves,2192,33,126,5,3,5,17,66.42424242424242,302.0,24.0,154296,302.0,2025/26,17,21.06664788695849,126.0
674,GKP,Newcastle,Aaron Ramsdale,1003,12,25,0,0,1,1,83.58333333333333,0.0,0.0,225321,10.0,2025/26,12,0.0,25.0
675,GKP,Nott'm Forest,Angus Gunn,45,1,1,0,0,0,0,45.0,0.0,0.0,107265,1.0,2025/26,16,0.0,1.0
676,MID,Burnley,Lesley Ugochukwu,2330,35,97,3,3,3,5,66.57142857142857,214.0,8.0,503714,214.0,2025/26,19,2.4028188743702117,97.0
677,MID,Crystal Palace,Evann Guessand,909,21,44,1,3,2,0,43.285714285714285,83.0,0.0,485337,85.0,2025/26,15,0.063937336810316,44.0
678,DEF,Sunderland,Arthur Masuaku,125,3,1,0,0,0,0,41.666666666666664,10.0,0.0,105717,10.0,2025/26,7,0.017861297710908493,1.0
679,GKP,West Ham,Mads Hermansen,1620,18,76,0,1,7,8,90.0,0.0,0.0,467189,20.0,2025/26,18,0.0,76.0
680,FWD,Burnley,Armando Broja,843,24,43,1,1,1,2,35.125,44.0,2.0,440323,44.0,2025/26,19,6.034590140931955e-05,43.0
681,FWD,Man Utd,Benjamin Sesko,1630,30,111,11,2,2,19,54.333333333333336,64.0,0.0,485711,63.0,2025/26,3,0.00030177639919442965,111.0
682,DEF,Wolves,David Møller Wolfe,1042,22,35,0,2,1,0,47.36363636363637,50.0,0.0,497949,50.0,2025/26,20,0.007276234453198119,35.0
683,DEF,Sunderland,Omar Alderete,2797,33,125,1,1,10,5,84.75757575757575,312.0,24.0,201895,314.0,2025/26,7,40.034253943509604,125.0
684,DEF,Newcastle,Malick Thiaw,2963,35,126,4,0,5,12,84.65714285714286,292.0,24.0,465642,292.0,2025/26,12,28.89315264976538,126.0
685,DEF,Bournemouth,Bafodé Diakité,1275,18,46,0,0,4,2,70.83333333333333,117.0,8.0,242882,120.0,2025/26,6,6.247647512976999,46.0
686,MID,Liverpool,Rio Ngumoha,547,19,43,2,1,2,4,28.789473684210527,30.0,0.0,611922,30.0,2025/26,5,6.724307616266043e-06,43.0
690,MID,Crystal Palace,Rio Cardines,90,1,2,0,0,0,0,90.0,7.0,0.0,590014,7.0,2025/26,15,0.16069854121313593,2.0
691,FWD,Leeds,Dominic Calvert-Lewin,2721,35,142,14,2,8,20,77.74285714285715,105.0,0.0,177815,105.0,2025/26,14,0.011234315977423482,142.0
693,MID,Nott'm Forest,Omari Hutchinson,1676,31,82,1,7,6,3,54.064516129032256,129.0,2.0,503301,129.0,2025/26,16,0.11884683624932088,82.0
694,DEF,Sunderland,Nordi Mukiele,2784,32,151,3,5,9,11,87.0,273.0,26.0,200834,275.0,2025/26,7,29.045135039474754,151.0
695,DEF,Wolves,Jackson Tchatchoua,1834,31,52,0,1,3,0,59.16129032258065,108.0,4.0,523705,109.0,2025/26,20,0.2680395852361581,52.0
696,FWD,Nott'm Forest,Arnaud Kalimuendo,89,9,9,0,0,0,0,20.0,6.0,0.0,465680,6.0,2025/26,16,4.364819660781529e-07,9.0
697,MID,Bournemouth,Amine Adli,1074,31,67,3,2,3,4,34.645161290322584,123.0,2.0,489888,123.0,2025/26,6,0.07982602385462992,67.0
698,MID,Leeds,Noah Okafor,1553,28,109,8,3,6,11,55.464285714285715,113.0,0.0,435997,113.0,2025/26,14,0.08317247214855689,109.0
699,MID,Aston Villa,Douglas Luiz Soares de Paulo,913,21,35,1,1,1,0,43.476190476190474,105.0,0.0,230046,106.0,2025/26,4,0.3704849688295036,35.0
700,MID,Arsenal,Max Dowman,152,6,16,1,1,1,0,25.333333333333332,16.0,0.0,616077,16.0,2025/26,1,0.0004246045442532331,16.0
702,MID,Aston Villa,Bradley Burrowes,16,1,1,0,0,0,0,20.0,1.0,0.0,645618,1.0,2025/26,4,2.318730090775145e-08,1.0
706,DEF,Leeds,James Justin,1893,29,94,2,1,6,9,65.27586206896552,183.0,8.0,220627,185.0,2025/26,14,8.24333677843333,94.0
707,MID,Everton,Tyler Dibling,349,14,18,0,0,2,0,24.928571428571427,40.0,2.0,496661,40.0,2025/26,13,0.001907770736968827,18.0
708,MID,West Ham,Mateus Gonçalo Espanha Fernandes,3017,36,135,3,4,8,7,83.80555555555556,369.0,30.0,551226,368.0,2025/26,18,35.650047994659516,135.0
709,DEF,Wolves,Ladislav Krejcí,2356,28,68,2,2,3,1,84.14285714285714,197.0,6.0,431248,196.0,2025/26,20,11.991828624527717,68.0
712,MID,Crystal Palace,Yéremy Pino Santos,2074,34,77,2,2,7,3,61.0,167.0,2.0,488024,168.0,2025/26,15,0.5105433574163265,77.0
713,DEF,Bournemouth,Álex Jiménez Sánchez,2315,31,74,1,2,6,2,74.6774193548387,148.0,4.0,551483,148.0,2025/26,6,1.907912682635123,74.0
714,FWD,Newcastle,Nick Woltemade,1896,33,108,8,4,8,12,57.45454545454545,105.0,0.0,470313,105.0,2025/26,12,0.01820716734243522,108.0
715,GKP,Nott'm Forest,John Victor Maciel Furtado,437,5,11,0,0,1,0,87.4,0.0,0.0,221389,4.0,2025/26,16,0.0,11.0
716,DEF,Nott'm Forest,Nicolò Savona,1025,14,39,2,0,3,0,73.21428571428571,57.0,0.0,500151,56.0,2025/26,16,0.28766408416769634,39.0
717,MID,Spurs,Xavi Simons,1747,28,80,2,5,4,7,62.392857142857146,149.0,6.0,493362,149.0,2025/26,17,0.7303915218550725,80.0
718,MID,West Ham,Soungoutou Magassa,971,22,42,1,0,2,2,44.13636363636363,127.0,6.0,564940,128.0,2025/26,18,1.0799847551917814,42.0
719,DEF,Aston Villa,Victor Lindelöf,942,17,29,0,1,1,0,55.411764705882355,54.0,0.0,184667,54.0,2025/26,4,0.07176872857125496,29.0
720,FWD,Wolves,Tolu Arokodare,1402,33,66,3,2,3,4,42.484848484848484,83.0,0.0,488213,83.0,2025/26,20,0.001982466375785119,66.0
721,DEF,Bournemouth,Veljko Milosavljevic,367,7,19,0,0,1,0,52.42857142857143,39.0,6.0,620487,39.0,2025/26,6,1.0181614043404557,19.0
722,MID,Burnley,Florentino Ibrain Morris Luís,2100,31,84,0,2,2,0,67.74193548387096,313.0,28.0,216055,314.0,2025/26,19,29.693124003076502,84.0
723,DEF,Crystal Palace,Jaydee Canvot,1331,20,72,0,0,5,9,66.55,169.0,20.0,651426,167.0,2025/26,15,16.55675866684906,72.0
724,DEF,Sunderland,Lutsharel Geertruida,1681,28,55,0,0,3,0,60.035714285714285,113.0,4.0,247955,113.0,2025/26,7,0.609512263712784,55.0
725,DEF,Arsenal,Piero Hincapié,1787,25,87,1,2,5,7,71.48,171.0,14.0,448104,171.0,2025/26,1,9.705985279467253,87.0
726,FWD,Spurs,Randal Kolo Muani,1655,30,52,1,1,4,1,55.166666666666664,114.0,0.0,247693,115.0,2025/26,17,0.08604047898793026,52.0
727,MID,Fulham,Samuel Chukwueze,1067,23,62,3,4,2,1,46.391304347826086,81.0,0.0,218328,81.0,2025/26,11,0.021147400802065498,62.0
728,MID,Everton,Merlin Röhl,675,16,36,1,1,2,2,42.1875,68.0,2.0,513466,68.0,2025/26,13,0.07297537970389152,36.0
730,FWD,Sunderland,Brian Brobbey,1920,31,92,7,2,6,12,61.935483870967744,74.0,0.0,441264,74.0,2025/26,7,0.0011175332121806422,92.0
731,MID,Fulham,Kevin Santos Lopes de Macedo,1030,26,49,1,3,4,0,39.61538461538461,86.0,0.0,560552,86.0,2025/26,11,0.013663095394615899,49.0
732,FWD,Crystal Palace,Christantus Uche,159,14,17,0,1,0,0,20.0,13.0,0.0,660392,13.0,2025/26,15,6.073020748985065e-06,17.0
733,GKP,Man Utd,Senne Lammens,2880,32,109,0,0,8,11,90.0,0.0,0.0,465247,27.0,2025/26,3,0.0,109.0
734,MID,Nott'm Forest,Dilane Bakwa,549,14,26,0,2,2,1,39.214285714285715,35.0,0.0,476887,35.0,2025/26,16,0.0005312831528588107,26.0
735,MID,Sunderland,Bertrand Traoré,634,12,30,1,1,3,1,52.833333333333336,40.0,0.0,110504,40.0,2025/26,7,0.006760058444247872,30.0
736,GKP,Man City,Gianluigi Donnarumma,3060,34,135,0,0,15,5,90.0,0.0,0.0,204936,44.0,2025/26,2,0.0,135.0
737,FWD,Fulham,Jonah Kusi-Asare,49,7,6,0,0,0,0,20.0,5.0,0.0,631786,5.0,2025/26,11,1.845724261170943e-05,6.0
739,MID,Man City,Divine Mukasa,25,2,2,0,0,0,0,20.0,1.0,0.0,590039,1.0,2025/26,2,2.5855346088750737e-10,2.0
744,MID,Brighton,Nehemiah Oriola,1,1,1,0,0,0,0,20.0,0.0,0.0,556637,0.0,2025/26,8,0.0,1.0
745,DEF,Spurs,Jun'ai Byfield,1,1,1,0,0,0,0,20.0,0.0,0.0,640419,0.0,2025/26,17,0.0,1.0
747,DEF,West Ham,Ezra Mayers,113,6,6,0,0,0,0,20.0,5.0,0.0,602903,5.0,2025/26,18,5.198430650418693e-07,6.0
748,MID,Brentford,Josh Dasilva,2,2,2,0,0,0,0,20.0,1.0,0.0,183656,1.0,2025/26,9,0.09133641077780084,2.0
749,FWD,Wolves,Mateus Mané,1787,27,74,3,2,5,9,66.18518518518519,137.0,2.0,647671,137.0,2025/26,20,0.7394977952653615,74.0
750,DEF,Spurs,James Rowswell,1,1,1,0,0,0,0,20.0,0.0,0.0,499716,0.0,2025/26,17,0.0,1.0
754,MID,Aston Villa,George Hemmings,25,2,2,0,0,0,0,20.0,1.0,0.0,577285,1.0,2025/26,4,2.5855346088750737e-10,2.0
755,MID,Man Utd,Shea Lacey,40,3,3,0,0,0,0,20.0,3.0,0.0,576628,3.0,2025/26,3,4.11115136938251e-07,3.0
758,MID,West Ham,Mohamadou Kanté,67,11,9,0,0,0,0,20.0,16.0,0.0,630699,16.0,2025/26,18,0.038754465665572516,9.0
762,MID,Crystal Palace,Joél Drakes-Thomas,7,2,2,0,0,0,0,20.0,3.0,0.0,672492,3.0,2025/26,15,0.16604046131726433,2.0
769,MID,Man Utd,Bendito Mantato,15,1,1,0,0,0,0,20.0,0.0,0.0,576620,0.0,2025/26,3,0.0,1.0
771,MID,Man Utd,Tyler Fletcher,17,2,2,0,0,0,0,20.0,2.0,0.0,519913,2.0,2025/26,3,1.781215813914039e-05,2.0
783,MID,Brighton,Pascal Groß,1636,19,78,1,6,6,10,86.10526315789474,145.0,4.0,60307,145.0,2025/26,8,4.989329083759375,78.0
785,FWD,West Ham,Pablo Felipe Pereira de Jesus,819,14,26,0,1,3,0,58.5,72.0,0.0,530335,72.0,2025/26,18,0.4239951021164647,26.0
791,FWD,West Ham,Valentín Castellanos,1384,18,61,6,1,9,5,76.88888888888889,71.0,0.0,247670,71.0,2025/26,18,0.06583049035434961,61.0
792,MID,Aston Villa,Alysson Edward Franco da Rocha dos Santos,47,3,3,0,0,0,0,20.0,4.0,0.0,653481,4.0,2025/26,4,1.830475280082134e-06,3.0
794,DEF,Man City,Max Alleyne,135,2,5,0,0,0,0,67.5,11.0,2.0,494307,11.0,2025/26,2,0.27175505319769927,5.0
795,MID,Brighton,Harry Howell,92,3,4,0,0,0,0,30.666666666666668,7.0,0.0,597320,7.0,2025/26,8,5.788310186672809e-05,4.0
796,MID,Spurs,Conor Gallagher,1183,16,44,1,1,2,3,73.9375,124.0,4.0,232787,124.0,2025/26,17,4.565360034030037,44.0
797,FWD,Brentford,Kaye Furo,1,1,1,0,0,0,0,20.0,0.0,0.0,593174,0.0,2025/26,9,0.0,1.0
800,MID,Sunderland,Djiamgone Jocelin Ta Bi,38,1,1,0,0,0,0,38.0,3.0,0.0,699989,3.0,2025/26,7,0.00021502920659232896,1.0
801,MID,Bournemouth,Alex Tóth,135,9,8,0,0,0,0,20.0,17.0,0.0,614574,17.0,2025/26,6,0.0002752062872828777,8.0
804,DEF,Spurs,João Victor de Souza Menezes,142,4,3,0,0,0,0,35.5,6.0,0.0,616221,6.0,2025/26,17,4.141201160394589e-05,3.0
805,FWD,Nott'm Forest,Lorenzo Lucca,126,4,9,1,0,1,0,31.5,7.0,0.0,469130,7.0,2025/26,16,6.210092020747311e-06,9.0
807,MID,Bournemouth,Rayan Vitor Simplício Rocha,1110,15,67,5,2,6,3,74.0,82.0,0.0,499604,82.0,2025/26,6,0.4753474751998235,67.0
808,FWD,Aston Villa,Tammy Abraham,278,12,23,2,0,0,2,23.166666666666668,13.0,0.0,173879,13.0,2025/26,4,1.0861856879055748e-07,23.0
809,MID,Wolves,Jerome Abbey,16,1,1,0,0,0,0,20.0,2.0,0.0,685628,2.0,2025/26,20,3.035903730621775e-05,1.0
812,GKP,Sunderland,Melker Ellborg,270,3,16,0,0,1,3,90.0,0.0,0.0,515046,6.0,2025/26,7,0.0,16.0
813,MID,Sunderland,Nilson Angulo,401,8,13,0,0,1,0,50.125,35.0,0.0,536661,35.0,2025/26,7,0.04620089307270408,13.0
814,DEF,Nott'm Forest,Luca Netz,353,7,11,0,0,0,0,50.42857142857143,27.0,2.0,470315,27.0,2025/26,16,0.11327304912819539,11.0
815,DEF,West Ham,Axel Disasi,1254,14,49,0,0,6,1,89.57142857142857,88.0,4.0,220362,88.0,2025/26,18,3.7139764146914915,49.0
816,MID,Wolves,Angel Gomes,457,12,16,0,0,1,0,38.083333333333336,33.0,0.0,209041,33.0,2025/26,20,0.00113909187156828,16.0
817,FWD,Wolves,Adam Armstrong,1141,14,39,2,2,3,1,81.5,37.0,0.0,155511,38.0,2025/26,20,0.0017515627222498044,39.0
829,MID,Chelsea,Jesse Derry,45,1,1,0,0,0,0,45.0,3.0,0.0,619734,3.0,2025/26,10,0.00021502920659232896,1.0
840,FWD,Chelsea,Shumaira Mheuka,1,1,1,0,0,0,0,20.0,1.0,0.0,567119,1.0,2025/26,10,0.22001018205745565,1.0
